id_memoire,id_prof,domaine_memoire,niveau_etudiant,complexite_num,grade_num,match_domaine_score,ratio_charge,places_disponibles,taux_reussite,nb_annees_exp,conflit_interet,score_compatibilite,est_compatible
MEM-0001,PROF-001,Réseaux,Master 2,1,3,0,0.0,5,0.88,10,0,51.91,1
MEM-0001,PROF-002,Réseaux,Master 2,1,4,1,0.0,6,0.92,18,0,83.43,1
MEM-0001,PROF-003,Réseaux,Master 2,1,2,0,0.5,2,0.79,5,0,34.11,0
MEM-0001,PROF-004,Réseaux,Master 2,1,3,0,0.2,4,0.85,10,0,46.57,0
MEM-0001,PROF-005,Réseaux,Master 2,1,1,0,0.0,3,0.75,2,0,44.15,0
MEM-0001,PROF-006,Réseaux,Master 2,1,2,2,0.25,3,0.82,5,0,84.14,1
MEM-0001,PROF-007,Réseaux,Master 2,1,4,0,0.833,1,0.91,18,0,33.82,0
MEM-0001,PROF-008,Réseaux,Master 2,1,3,0,0.0,5,0.84,10,0,53.61,1
MEM-0001,PROF-009,Réseaux,Master 2,1,2,1,0.0,4,0.77,5,0,71.88,1
MEM-0001,PROF-010,Réseaux,Master 2,1,1,0,0.667,1,0.72,2,0,23.39,0
MEM-0001,PROF-011,Réseaux,Master 2,1,3,0,0.6,2,0.87,10,0,30.67,0
MEM-0001,PROF-012,Réseaux,Master 2,1,4,0,0.0,6,0.93,18,0,61.22,1
MEM-0001,PROF-013,Réseaux,Master 2,1,2,2,0.0,4,0.8,5,0,85.59,1
MEM-0001,PROF-014,Réseaux,Master 2,1,3,0,0.0,5,0.86,10,0,55.24,1
MEM-0001,PROF-015,Réseaux,Master 2,1,1,0,0.0,3,0.71,2,0,42.1,0
MEM-0002,PROF-001,Réseaux,Master 2,3,3,0,0.0,5,0.88,10,0,51.13,1
MEM-0002,PROF-002,Réseaux,Master 2,3,4,1,0.0,6,0.92,18,0,82.49,1
MEM-0002,PROF-003,Réseaux,Master 2,3,2,0,0.5,2,0.79,5,0,32.11,0
MEM-0002,PROF-004,Réseaux,Master 2,3,3,0,0.2,4,0.85,10,0,46.81,0
MEM-0002,PROF-005,Réseaux,Master 2,3,1,0,0.0,3,0.75,2,0,42.37,0
MEM-0002,PROF-006,Réseaux,Master 2,3,2,2,0.25,3,0.82,5,0,84.42,1
MEM-0002,PROF-007,Réseaux,Master 2,3,4,0,0.833,1,0.91,18,0,33.68,0
MEM-0002,PROF-008,Réseaux,Master 2,3,3,0,0.0,5,0.84,10,0,51.11,1
MEM-0002,PROF-009,Réseaux,Master 2,3,2,1,0.0,4,0.77,5,0,74.0,1
MEM-0002,PROF-010,Réseaux,Master 2,3,1,0,0.667,1,0.72,2,0,18.1,0
MEM-0002,PROF-011,Réseaux,Master 2,3,3,0,0.6,2,0.87,10,0,33.86,0
MEM-0002,PROF-012,Réseaux,Master 2,3,4,0,0.0,6,0.93,18,0,60.93,1
MEM-0002,PROF-013,Réseaux,Master 2,3,2,2,0.0,4,0.8,5,0,84.26,1
MEM-0002,PROF-014,Réseaux,Master 2,3,3,0,0.0,5,0.86,10,0,51.9,1
MEM-0002,PROF-015,Réseaux,Master 2,3,1,0,0.0,3,0.71,2,0,38.43,0
MEM-0003,PROF-001,Cloud / DevOps,Master 1,3,3,0,0.0,5,0.88,10,0,56.08,1
MEM-0003,PROF-002,Cloud / DevOps,Master 1,3,4,0,0.0,6,0.92,18,0,56.77,1
MEM-0003,PROF-003,Cloud / DevOps,Master 1,3,2,0,0.5,2,0.79,5,0,33.5,0
MEM-0003,PROF-004,Cloud / DevOps,Master 1,3,3,1,0.2,4,0.85,10,0,73.98,1
MEM-0003,PROF-005,Cloud / DevOps,Master 1,3,1,1,0.0,3,0.75,2,0,66.62,1
MEM-0003,PROF-006,Cloud / DevOps,Master 1,3,2,0,0.25,3,0.82,5,0,39.97,0
MEM-0003,PROF-007,Cloud / DevOps,Master 1,3,4,0,0.833,1,0.91,18,0,36.32,0
MEM-0003,PROF-008,Cloud / DevOps,Master 1,3,3,0,0.0,5,0.84,10,0,53.75,1
MEM-0003,PROF-009,Cloud / DevOps,Master 1,3,2,0,0.0,4,0.77,5,0,44.44,0
MEM-0003,PROF-010,Cloud / DevOps,Master 1,3,1,0,0.667,1,0.72,2,0,18.02,0
MEM-0003,PROF-011,Cloud / DevOps,Master 1,3,3,2,0.6,2,0.87,10,0,72.27,1
MEM-0003,PROF-012,Cloud / DevOps,Master 1,3,4,0,0.0,6,0.93,18,0,59.27,1
MEM-0003,PROF-013,Cloud / DevOps,Master 1,3,2,1,0.0,4,0.8,5,0,71.58,1
MEM-0003,PROF-014,Cloud / DevOps,Master 1,3,3,0,0.0,5,0.86,10,0,50.15,1
MEM-0003,PROF-015,Cloud / DevOps,Master 1,3,1,0,0.0,3,0.71,2,0,39.84,0
MEM-0004,PROF-001,Mobile,Licence 3,3,3,0,0.0,5,0.88,10,0,55.8,1
MEM-0004,PROF-002,Mobile,Licence 3,3,4,0,0.0,6,0.92,18,0,61.63,1
MEM-0004,PROF-003,Mobile,Licence 3,3,2,1,0.5,2,0.79,5,0,56.09,1
MEM-0004,PROF-004,Mobile,Licence 3,3,3,0,0.2,4,0.85,10,0,46.9,0
MEM-0004,PROF-005,Mobile,Licence 3,3,1,0,0.0,3,0.75,2,0,42.34,0
MEM-0004,PROF-006,Mobile,Licence 3,3,2,0,0.25,3,0.82,5,0,43.3,0
MEM-0004,PROF-007,Mobile,Licence 3,3,4,0,0.833,1,0.91,18,0,32.77,0
MEM-0004,PROF-008,Mobile,Licence 3,3,3,2,0.0,5,0.84,10,0,92.96,1
MEM-0004,PROF-009,Mobile,Licence 3,3,2,0,0.0,4,0.77,5,0,48.8,0
MEM-0004,PROF-010,Mobile,Licence 3,3,1,0,0.667,1,0.72,2,0,23.64,0
MEM-0004,PROF-011,Mobile,Licence 3,3,3,0,0.6,2,0.87,10,0,34.55,0
MEM-0004,PROF-012,Mobile,Licence 3,3,4,1,0.0,6,0.93,18,0,86.5,1
MEM-0004,PROF-013,Mobile,Licence 3,3,2,0,0.0,4,0.8,5,0,45.42,0
MEM-0004,PROF-014,Mobile,Licence 3,3,3,0,0.0,5,0.86,10,0,50.88,1
MEM-0004,PROF-015,Mobile,Licence 3,3,1,2,0.0,3,0.71,2,0,82.45,1
MEM-0005,PROF-001,Cloud / DevOps,Master 1,1,3,0,0.0,5,0.88,10,0,51.26,1
MEM-0005,PROF-002,Cloud / DevOps,Master 1,1,4,0,0.0,6,0.92,18,0,58.27,1
MEM-0005,PROF-003,Cloud / DevOps,Master 1,1,2,0,0.5,2,0.79,5,0,31.93,0
MEM-0005,PROF-004,Cloud / DevOps,Master 1,1,3,1,0.2,4,0.85,10,0,75.3,1
MEM-0005,PROF-005,Cloud / DevOps,Master 1,1,1,1,0.0,3,0.75,2,0,67.94,1
MEM-0005,PROF-006,Cloud / DevOps,Master 1,1,2,0,0.25,3,0.82,5,0,41.77,0
MEM-0005,PROF-007,Cloud / DevOps,Master 1,1,4,0,0.833,1,0.91,18,0,34.67,0
MEM-0005,PROF-008,Cloud / DevOps,Master 1,1,3,0,0.0,5,0.84,10,0,54.01,1
MEM-0005,PROF-009,Cloud / DevOps,Master 1,1,2,0,0.0,4,0.77,5,0,45.04,0
MEM-0005,PROF-010,Cloud / DevOps,Master 1,1,1,0,0.667,1,0.72,2,0,18.76,0
MEM-0005,PROF-011,Cloud / DevOps,Master 1,1,3,2,0.6,2,0.87,10,0,74.26,1
MEM-0005,PROF-012,Cloud / DevOps,Master 1,1,4,0,0.0,6,0.93,18,0,58.25,1
MEM-0005,PROF-013,Cloud / DevOps,Master 1,1,2,1,0.0,4,0.8,5,0,69.23,1
MEM-0005,PROF-014,Cloud / DevOps,Master 1,1,3,0,0.0,5,0.86,10,0,52.72,1
MEM-0005,PROF-015,Cloud / DevOps,Master 1,1,1,0,0.0,3,0.71,2,0,38.85,0
MEM-0006,PROF-001,Réseaux,Licence 3,1,3,0,0.0,5,0.88,10,0,55.71,1
MEM-0006,PROF-002,Réseaux,Licence 3,1,4,1,0.0,6,0.92,18,0,82.9,1
MEM-0006,PROF-003,Réseaux,Licence 3,1,2,0,0.5,2,0.79,5,0,35.77,0
MEM-0006,PROF-004,Réseaux,Licence 3,1,3,0,0.2,4,0.85,10,0,49.98,0
MEM-0006,PROF-005,Réseaux,Licence 3,1,1,0,0.0,3,0.75,2,0,39.59,0
MEM-0006,PROF-006,Réseaux,Licence 3,1,2,2,0.25,3,0.82,5,0,83.26,1
MEM-0006,PROF-007,Réseaux,Licence 3,1,4,0,0.833,1,0.91,18,0,33.04,0
MEM-0006,PROF-008,Réseaux,Licence 3,1,3,0,0.0,5,0.84,10,0,51.27,1
MEM-0006,PROF-009,Réseaux,Licence 3,1,2,1,0.0,4,0.77,5,0,68.97,1
MEM-0006,PROF-010,Réseaux,Licence 3,1,1,0,0.667,1,0.72,2,0,22.44,0
MEM-0006,PROF-011,Réseaux,Licence 3,1,3,0,0.6,2,0.87,10,0,32.16,0
MEM-0006,PROF-012,Réseaux,Licence 3,1,4,0,0.0,6,0.93,18,0,59.01,1
MEM-0006,PROF-013,Réseaux,Licence 3,1,2,2,0.0,4,0.8,5,0,88.08,1
MEM-0006,PROF-014,Réseaux,Licence 3,1,3,0,0.0,5,0.86,10,0,54.96,1
MEM-0006,PROF-015,Réseaux,Licence 3,1,1,0,0.0,3,0.71,2,0,39.64,0
MEM-0007,PROF-001,Cloud / DevOps,Master 1,2,3,0,0.0,5,0.88,10,0,50.37,1
MEM-0007,PROF-002,Cloud / DevOps,Master 1,2,4,0,0.0,6,0.92,18,0,61.06,1
MEM-0007,PROF-003,Cloud / DevOps,Master 1,2,2,0,0.5,2,0.79,5,0,32.42,0
MEM-0007,PROF-004,Cloud / DevOps,Master 1,2,3,1,0.2,4,0.85,10,0,73.23,1
MEM-0007,PROF-005,Cloud / DevOps,Master 1,2,1,1,0.0,3,0.75,2,0,69.15,1
MEM-0007,PROF-006,Cloud / DevOps,Master 1,2,2,0,0.25,3,0.82,5,0,39.53,0
MEM-0007,PROF-007,Cloud / DevOps,Master 1,2,4,0,0.833,1,0.91,18,0,34.23,0
MEM-0007,PROF-008,Cloud / DevOps,Master 1,2,3,0,0.0,5,0.84,10,0,51.67,1
MEM-0007,PROF-009,Cloud / DevOps,Master 1,2,2,0,0.0,4,0.77,5,0,48.27,0
MEM-0007,PROF-010,Cloud / DevOps,Master 1,2,1,0,0.667,1,0.72,2,0,20.42,0
MEM-0007,PROF-011,Cloud / DevOps,Master 1,2,3,2,0.6,2,0.87,10,0,75.96,1
MEM-0007,PROF-012,Cloud / DevOps,Master 1,2,4,0,0.0,6,0.93,18,0,56.64,1
MEM-0007,PROF-013,Cloud / DevOps,Master 1,2,2,1,0.0,4,0.8,5,0,74.4,1
MEM-0007,PROF-014,Cloud / DevOps,Master 1,2,3,0,0.0,5,0.86,10,0,51.04,1
MEM-0007,PROF-015,Cloud / DevOps,Master 1,2,1,0,0.0,3,0.71,2,0,37.92,0
MEM-0008,PROF-001,Mobile,Master 2,2,3,0,0.0,5,0.88,10,0,52.82,1
MEM-0008,PROF-002,Mobile,Master 2,2,4,0,0.0,6,0.92,18,0,58.92,1
MEM-0008,PROF-003,Mobile,Master 2,2,2,1,0.5,2,0.79,5,0,60.69,1
MEM-0008,PROF-004,Mobile,Master 2,2,3,0,0.2,4,0.85,10,0,48.87,0
MEM-0008,PROF-005,Mobile,Master 2,2,1,0,0.0,3,0.75,2,0,43.89,0
MEM-0008,PROF-006,Mobile,Master 2,2,2,0,0.25,3,0.82,5,0,43.72,0
MEM-0008,PROF-007,Mobile,Master 2,2,4,0,0.833,1,0.91,18,0,31.83,0
MEM-0008,PROF-008,Mobile,Master 2,2,3,2,0.0,5,0.84,10,0,92.19,1
MEM-0008,PROF-009,Mobile,Master 2,2,2,0,0.0,4,0.77,5,0,49.24,0
MEM-0008,PROF-010,Mobile,Master 2,2,1,0,0.667,1,0.72,2,0,23.32,0
MEM-0008,PROF-011,Mobile,Master 2,2,3,0,0.6,2,0.87,10,0,33.79,0
MEM-0008,PROF-012,Mobile,Master 2,2,4,1,0.0,6,0.93,18,0,84.93,1
MEM-0008,PROF-013,Mobile,Master 2,2,2,0,0.0,4,0.8,5,0,44.75,0
MEM-0008,PROF-014,Mobile,Master 2,2,3,0,0.0,5,0.86,10,0,55.3,1
MEM-0008,PROF-015,Mobile,Master 2,2,1,2,0.0,3,0.71,2,0,80.69,1
MEM-0009,PROF-001,Développement Web,Licence 3,3,3,0,0.0,5,0.88,10,0,54.2,1
MEM-0009,PROF-002,Développement Web,Licence 3,3,4,0,0.0,6,0.92,18,0,57.76,1
MEM-0009,PROF-003,Développement Web,Licence 3,3,2,2,0.5,2,0.79,5,0,75.03,1
MEM-0009,PROF-004,Développement Web,Licence 3,3,3,0,0.2,4,0.85,10,0,48.08,0
MEM-0009,PROF-005,Développement Web,Licence 3,3,1,0,0.0,3,0.75,2,0,39.4,0
MEM-0009,PROF-006,Développement Web,Licence 3,3,2,0,0.25,3,0.82,5,0,43.29,0
MEM-0009,PROF-007,Développement Web,Licence 3,3,4,1,0.833,1,0.91,18,0,57.92,1
MEM-0009,PROF-008,Développement Web,Licence 3,3,3,1,0.0,5,0.84,10,0,79.09,1
MEM-0009,PROF-009,Développement Web,Licence 3,3,2,0,0.0,4,0.77,5,0,44.59,0
MEM-0009,PROF-010,Développement Web,Licence 3,3,1,0,0.667,1,0.72,2,0,21.21,0
MEM-0009,PROF-011,Développement Web,Licence 3,3,3,0,0.6,2,0.87,10,0,32.49,0
MEM-0009,PROF-012,Développement Web,Licence 3,3,4,2,0.0,6,0.93,18,0,100.0,1
MEM-0009,PROF-013,Développement Web,Licence 3,3,2,0,0.0,4,0.8,5,0,45.82,0
MEM-0009,PROF-014,Développement Web,Licence 3,3,3,0,0.0,5,0.86,10,0,51.16,1
MEM-0009,PROF-015,Développement Web,Licence 3,3,1,0,0.0,3,0.71,2,1,0.0,0
MEM-0010,PROF-001,Mobile,Master 2,2,3,0,0.0,5,0.88,10,0,53.84,1
MEM-0010,PROF-002,Mobile,Master 2,2,4,0,0.0,6,0.92,18,0,57.73,1
MEM-0010,PROF-003,Mobile,Master 2,2,2,1,0.5,2,0.79,5,0,58.5,1
MEM-0010,PROF-004,Mobile,Master 2,2,3,0,0.2,4,0.85,10,0,48.8,0
MEM-0010,PROF-005,Mobile,Master 2,2,1,0,0.0,3,0.75,2,0,41.32,0
MEM-0010,PROF-006,Mobile,Master 2,2,2,0,0.25,3,0.82,5,0,44.06,0
MEM-0010,PROF-007,Mobile,Master 2,2,4,0,0.833,1,0.91,18,0,36.41,0
MEM-0010,PROF-008,Mobile,Master 2,2,3,2,0.0,5,0.84,10,0,94.02,1
MEM-0010,PROF-009,Mobile,Master 2,2,2,0,0.0,4,0.77,5,1,0.0,0
MEM-0010,PROF-010,Mobile,Master 2,2,1,0,0.667,1,0.72,2,0,19.5,0
MEM-0010,PROF-011,Mobile,Master 2,2,3,0,0.6,2,0.87,10,0,34.03,0
MEM-0010,PROF-012,Mobile,Master 2,2,4,1,0.0,6,0.93,18,0,84.67,1
MEM-0010,PROF-013,Mobile,Master 2,2,2,0,0.0,4,0.8,5,0,44.56,0
MEM-0010,PROF-014,Mobile,Master 2,2,3,0,0.0,5,0.86,10,0,55.61,1
MEM-0010,PROF-015,Mobile,Master 2,2,1,2,0.0,3,0.71,2,0,79.06,1
MEM-0011,PROF-001,Réseaux,Licence 3,1,3,0,0.0,5,0.88,10,0,52.06,1
MEM-0011,PROF-002,Réseaux,Licence 3,1,4,1,0.0,6,0.92,18,0,85.64,1
MEM-0011,PROF-003,Réseaux,Licence 3,1,2,0,0.5,2,0.79,5,0,31.73,0
MEM-0011,PROF-004,Réseaux,Licence 3,1,3,0,0.2,4,0.85,10,0,45.03,0
MEM-0011,PROF-005,Réseaux,Licence 3,1,1,0,0.0,3,0.75,2,0,44.15,0
MEM-0011,PROF-006,Réseaux,Licence 3,1,2,2,0.25,3,0.82,5,0,82.97,1
MEM-0011,PROF-007,Réseaux,Licence 3,1,4,0,0.833,1,0.91,18,0,35.26,0
MEM-0011,PROF-008,Réseaux,Licence 3,1,3,0,0.0,5,0.84,10,0,52.33,1
MEM-0011,PROF-009,Réseaux,Licence 3,1,2,1,0.0,4,0.77,5,0,73.87,1
MEM-0011,PROF-010,Réseaux,Licence 3,1,1,0,0.667,1,0.72,2,0,21.25,0
MEM-0011,PROF-011,Réseaux,Licence 3,1,3,0,0.6,2,0.87,10,0,34.36,0
MEM-0011,PROF-012,Réseaux,Licence 3,1,4,0,0.0,6,0.93,18,0,58.25,1
MEM-0011,PROF-013,Réseaux,Licence 3,1,2,2,0.0,4,0.8,5,0,86.4,1
MEM-0011,PROF-014,Réseaux,Licence 3,1,3,0,0.0,5,0.86,10,0,50.79,1
MEM-0011,PROF-015,Réseaux,Licence 3,1,1,0,0.0,3,0.71,2,0,41.78,0
MEM-0012,PROF-001,Réseaux,Licence 3,1,3,0,0.0,5,0.88,10,0,55.56,1
MEM-0012,PROF-002,Réseaux,Licence 3,1,4,1,0.0,6,0.92,18,0,85.96,1
MEM-0012,PROF-003,Réseaux,Licence 3,1,2,0,0.5,2,0.79,5,0,36.16,0
MEM-0012,PROF-004,Réseaux,Licence 3,1,3,0,0.2,4,0.85,10,0,49.42,0
MEM-0012,PROF-005,Réseaux,Licence 3,1,1,0,0.0,3,0.75,2,0,39.56,0
MEM-0012,PROF-006,Réseaux,Licence 3,1,2,2,0.25,3,0.82,5,0,84.12,1
MEM-0012,PROF-007,Réseaux,Licence 3,1,4,0,0.833,1,0.91,18,0,34.83,0
MEM-0012,PROF-008,Réseaux,Licence 3,1,3,0,0.0,5,0.84,10,0,52.39,1
MEM-0012,PROF-009,Réseaux,Licence 3,1,2,1,0.0,4,0.77,5,0,71.89,1
MEM-0012,PROF-010,Réseaux,Licence 3,1,1,0,0.667,1,0.72,2,0,23.3,0
MEM-0012,PROF-011,Réseaux,Licence 3,1,3,0,0.6,2,0.87,10,0,30.78,0
MEM-0012,PROF-012,Réseaux,Licence 3,1,4,0,0.0,6,0.93,18,0,56.75,1
MEM-0012,PROF-013,Réseaux,Licence 3,1,2,2,0.0,4,0.8,5,0,86.79,1
MEM-0012,PROF-014,Réseaux,Licence 3,1,3,0,0.0,5,0.86,10,0,53.09,1
MEM-0012,PROF-015,Réseaux,Licence 3,1,1,0,0.0,3,0.71,2,0,41.0,0
MEM-0013,PROF-001,Développement Web,Master 1,2,3,0,0.0,5,0.88,10,0,52.1,1
MEM-0013,PROF-002,Développement Web,Master 1,2,4,0,0.0,6,0.92,18,0,60.33,1
MEM-0013,PROF-003,Développement Web,Master 1,2,2,2,0.5,2,0.79,5,0,73.51,1
MEM-0013,PROF-004,Développement Web,Master 1,2,3,0,0.2,4,0.85,10,0,49.64,0
MEM-0013,PROF-005,Développement Web,Master 1,2,1,0,0.0,3,0.75,2,0,43.6,0
MEM-0013,PROF-006,Développement Web,Master 1,2,2,0,0.25,3,0.82,5,0,41.86,0
MEM-0013,PROF-007,Développement Web,Master 1,2,4,1,0.833,1,0.91,18,0,61.09,1
MEM-0013,PROF-008,Développement Web,Master 1,2,3,1,0.0,5,0.84,10,0,77.28,1
MEM-0013,PROF-009,Développement Web,Master 1,2,2,0,0.0,4,0.77,5,0,44.5,0
MEM-0013,PROF-010,Développement Web,Master 1,2,1,0,0.667,1,0.72,2,0,22.97,0
MEM-0013,PROF-011,Développement Web,Master 1,2,3,0,0.6,2,0.87,10,0,32.75,0
MEM-0013,PROF-012,Développement Web,Master 1,2,4,2,0.0,6,0.93,18,0,100.0,1
MEM-0013,PROF-013,Développement Web,Master 1,2,2,0,0.0,4,0.8,5,0,49.04,0
MEM-0013,PROF-014,Développement Web,Master 1,2,3,0,0.0,5,0.86,10,0,51.56,1
MEM-0013,PROF-015,Développement Web,Master 1,2,1,0,0.0,3,0.71,2,0,42.32,0
MEM-0014,PROF-001,Systèmes Embarqués,Master 1,2,3,0,0.0,5,0.88,10,0,53.11,1
MEM-0014,PROF-002,Systèmes Embarqués,Master 1,2,4,0,0.0,6,0.92,18,0,57.24,1
MEM-0014,PROF-003,Systèmes Embarqués,Master 1,2,2,0,0.5,2,0.79,5,0,33.49,0
MEM-0014,PROF-004,Systèmes Embarqués,Master 1,2,3,2,0.2,4,0.85,10,0,89.03,1
MEM-0014,PROF-005,Systèmes Embarqués,Master 1,2,1,0,0.0,3,0.75,2,0,39.66,0
MEM-0014,PROF-006,Systèmes Embarqués,Master 1,2,2,0,0.25,3,0.82,5,0,41.32,0
MEM-0014,PROF-007,Systèmes Embarqués,Master 1,2,4,0,0.833,1,0.91,18,0,36.01,0
MEM-0014,PROF-008,Systèmes Embarqués,Master 1,2,3,0,0.0,5,0.84,10,0,50.08,1
MEM-0014,PROF-009,Systèmes Embarqués,Master 1,2,2,2,0.0,4,0.77,5,0,84.45,1
MEM-0014,PROF-010,Systèmes Embarqués,Master 1,2,1,0,0.667,1,0.72,2,0,20.1,0
MEM-0014,PROF-011,Systèmes Embarqués,Master 1,2,3,0,0.6,2,0.87,10,0,30.97,0
MEM-0014,PROF-012,Systèmes Embarqués,Master 1,2,4,0,0.0,6,0.93,18,0,57.23,1
MEM-0014,PROF-013,Systèmes Embarqués,Master 1,2,2,0,0.0,4,0.8,5,0,46.49,0
MEM-0014,PROF-014,Systèmes Embarqués,Master 1,2,3,1,0.0,5,0.86,10,0,76.89,1
MEM-0014,PROF-015,Systèmes Embarqués,Master 1,2,1,0,0.0,3,0.71,2,0,40.45,0
MEM-0015,PROF-001,Réseaux,Master 1,3,3,0,0.0,5,0.88,10,0,50.57,1
MEM-0015,PROF-002,Réseaux,Master 1,3,4,1,0.0,6,0.92,18,0,85.8,1
MEM-0015,PROF-003,Réseaux,Master 1,3,2,0,0.5,2,0.79,5,0,33.19,0
MEM-0015,PROF-004,Réseaux,Master 1,3,3,0,0.2,4,0.85,10,0,49.37,0
MEM-0015,PROF-005,Réseaux,Master 1,3,1,0,0.0,3,0.75,2,0,43.93,0
MEM-0015,PROF-006,Réseaux,Master 1,3,2,2,0.25,3,0.82,5,0,79.42,1
MEM-0015,PROF-007,Réseaux,Master 1,3,4,0,0.833,1,0.91,18,0,35.93,0
MEM-0015,PROF-008,Réseaux,Master 1,3,3,0,0.0,5,0.84,10,0,53.05,1
MEM-0015,PROF-009,Réseaux,Master 1,3,2,1,0.0,4,0.77,5,0,71.41,1
MEM-0015,PROF-010,Réseaux,Master 1,3,1,0,0.667,1,0.72,2,0,23.46,0
MEM-0015,PROF-011,Réseaux,Master 1,3,3,0,0.6,2,0.87,10,0,31.84,0
MEM-0015,PROF-012,Réseaux,Master 1,3,4,0,0.0,6,0.93,18,0,58.29,1
MEM-0015,PROF-013,Réseaux,Master 1,3,2,2,0.0,4,0.8,5,0,89.35,1
MEM-0015,PROF-014,Réseaux,Master 1,3,3,0,0.0,5,0.86,10,0,54.91,1
MEM-0015,PROF-015,Réseaux,Master 1,3,1,0,0.0,3,0.71,2,0,40.88,0
MEM-0016,PROF-001,Développement Web,Master 2,3,3,0,0.0,5,0.88,10,0,54.61,1
MEM-0016,PROF-002,Développement Web,Master 2,3,4,0,0.0,6,0.92,18,0,60.6,1
MEM-0016,PROF-003,Développement Web,Master 2,3,2,2,0.5,2,0.79,5,0,76.24,1
MEM-0016,PROF-004,Développement Web,Master 2,3,3,0,0.2,4,0.85,10,0,47.68,0
MEM-0016,PROF-005,Développement Web,Master 2,3,1,0,0.0,3,0.75,2,0,39.89,0
MEM-0016,PROF-006,Développement Web,Master 2,3,2,0,0.25,3,0.82,5,0,42.21,0
MEM-0016,PROF-007,Développement Web,Master 2,3,4,1,0.833,1,0.91,18,0,57.98,1
MEM-0016,PROF-008,Développement Web,Master 2,3,3,1,0.0,5,0.84,10,0,78.61,1
MEM-0016,PROF-009,Développement Web,Master 2,3,2,0,0.0,4,0.77,5,0,48.34,0
MEM-0016,PROF-010,Développement Web,Master 2,3,1,0,0.667,1,0.72,2,0,22.15,0
MEM-0016,PROF-011,Développement Web,Master 2,3,3,0,0.6,2,0.87,10,0,35.09,0
MEM-0016,PROF-012,Développement Web,Master 2,3,4,2,0.0,6,0.93,18,0,100.0,1
MEM-0016,PROF-013,Développement Web,Master 2,3,2,0,0.0,4,0.8,5,0,49.88,0
MEM-0016,PROF-014,Développement Web,Master 2,3,3,0,0.0,5,0.86,10,0,53.1,1
MEM-0016,PROF-015,Développement Web,Master 2,3,1,0,0.0,3,0.71,2,0,43.09,0
MEM-0017,PROF-001,Réseaux,Master 1,2,3,0,0.0,5,0.88,10,0,53.75,1
MEM-0017,PROF-002,Réseaux,Master 1,2,4,1,0.0,6,0.92,18,0,84.78,1
MEM-0017,PROF-003,Réseaux,Master 1,2,2,0,0.5,2,0.79,5,0,31.35,0
MEM-0017,PROF-004,Réseaux,Master 1,2,3,0,0.2,4,0.85,10,0,47.32,0
MEM-0017,PROF-005,Réseaux,Master 1,2,1,0,0.0,3,0.75,2,0,43.45,0
MEM-0017,PROF-006,Réseaux,Master 1,2,2,2,0.25,3,0.82,5,0,80.39,1
MEM-0017,PROF-007,Réseaux,Master 1,2,4,0,0.833,1,0.91,18,0,32.21,0
MEM-0017,PROF-008,Réseaux,Master 1,2,3,0,0.0,5,0.84,10,0,51.56,1
MEM-0017,PROF-009,Réseaux,Master 1,2,2,1,0.0,4,0.77,5,0,71.28,1
MEM-0017,PROF-010,Réseaux,Master 1,2,1,0,0.667,1,0.72,2,0,19.83,0
MEM-0017,PROF-011,Réseaux,Master 1,2,3,0,0.6,2,0.87,10,0,35.33,0
MEM-0017,PROF-012,Réseaux,Master 1,2,4,0,0.0,6,0.93,18,0,57.62,1
MEM-0017,PROF-013,Réseaux,Master 1,2,2,2,0.0,4,0.8,5,0,89.71,1
MEM-0017,PROF-014,Réseaux,Master 1,2,3,0,0.0,5,0.86,10,0,52.43,1
MEM-0017,PROF-015,Réseaux,Master 1,2,1,0,0.0,3,0.71,2,0,42.66,0
MEM-0018,PROF-001,Mobile,Master 2,3,3,0,0.0,5,0.88,10,0,53.02,1
MEM-0018,PROF-002,Mobile,Master 2,3,4,0,0.0,6,0.92,18,0,60.29,1
MEM-0018,PROF-003,Mobile,Master 2,3,2,1,0.5,2,0.79,5,0,56.16,1
MEM-0018,PROF-004,Mobile,Master 2,3,3,0,0.2,4,0.85,10,0,50.46,1
MEM-0018,PROF-005,Mobile,Master 2,3,1,0,0.0,3,0.75,2,0,39.6,0
MEM-0018,PROF-006,Mobile,Master 2,3,2,0,0.25,3,0.82,5,0,39.71,0
MEM-0018,PROF-007,Mobile,Master 2,3,4,0,0.833,1,0.91,18,0,36.39,0
MEM-0018,PROF-008,Mobile,Master 2,3,3,2,0.0,5,0.84,10,0,89.84,1
MEM-0018,PROF-009,Mobile,Master 2,3,2,0,0.0,4,0.77,5,0,43.74,0
MEM-0018,PROF-010,Mobile,Master 2,3,1,0,0.667,1,0.72,2,0,19.28,0
MEM-0018,PROF-011,Mobile,Master 2,3,3,0,0.6,2,0.87,10,0,35.09,0
MEM-0018,PROF-012,Mobile,Master 2,3,4,1,0.0,6,0.93,18,0,84.68,1
MEM-0018,PROF-013,Mobile,Master 2,3,2,0,0.0,4,0.8,5,0,45.43,0
MEM-0018,PROF-014,Mobile,Master 2,3,3,0,0.0,5,0.86,10,0,52.74,1
MEM-0018,PROF-015,Mobile,Master 2,3,1,2,0.0,3,0.71,2,0,78.34,1
MEM-0019,PROF-001,Réseaux,Master 1,1,3,0,0.0,5,0.88,10,0,55.89,1
MEM-0019,PROF-002,Réseaux,Master 1,1,4,1,0.0,6,0.92,18,0,83.59,1
MEM-0019,PROF-003,Réseaux,Master 1,1,2,0,0.5,2,0.79,5,0,32.39,0
MEM-0019,PROF-004,Réseaux,Master 1,1,3,0,0.2,4,0.85,10,0,46.96,0
MEM-0019,PROF-005,Réseaux,Master 1,1,1,0,0.0,3,0.75,2,0,41.89,0
MEM-0019,PROF-006,Réseaux,Master 1,1,2,2,0.25,3,0.82,5,0,85.08,1
MEM-0019,PROF-007,Réseaux,Master 1,1,4,0,0.833,1,0.91,18,0,34.96,0
MEM-0019,PROF-008,Réseaux,Master 1,1,3,0,0.0,5,0.84,10,0,54.27,1
MEM-0019,PROF-009,Réseaux,Master 1,1,2,1,0.0,4,0.77,5,0,69.53,1
MEM-0019,PROF-010,Réseaux,Master 1,1,1,0,0.667,1,0.72,2,0,19.67,0
MEM-0019,PROF-011,Réseaux,Master 1,1,3,0,0.6,2,0.87,10,0,33.52,0
MEM-0019,PROF-012,Réseaux,Master 1,1,4,0,0.0,6,0.93,18,0,61.52,1
MEM-0019,PROF-013,Réseaux,Master 1,1,2,2,0.0,4,0.8,5,0,87.45,1
MEM-0019,PROF-014,Réseaux,Master 1,1,3,0,0.0,5,0.86,10,0,55.35,1
MEM-0019,PROF-015,Réseaux,Master 1,1,1,0,0.0,3,0.71,2,0,39.9,0
MEM-0020,PROF-001,Réseaux,Master 1,2,3,0,0.0,5,0.88,10,0,55.85,1
MEM-0020,PROF-002,Réseaux,Master 1,2,4,1,0.0,6,0.92,18,0,81.99,1
MEM-0020,PROF-003,Réseaux,Master 1,2,2,0,0.5,2,0.79,5,0,34.4,0
MEM-0020,PROF-004,Réseaux,Master 1,2,3,0,0.2,4,0.85,10,0,49.73,0
MEM-0020,PROF-005,Réseaux,Master 1,2,1,0,0.0,3,0.75,2,0,39.71,0
MEM-0020,PROF-006,Réseaux,Master 1,2,2,2,0.25,3,0.82,5,0,83.48,1
MEM-0020,PROF-007,Réseaux,Master 1,2,4,0,0.833,1,0.91,18,0,32.46,0
MEM-0020,PROF-008,Réseaux,Master 1,2,3,0,0.0,5,0.84,10,0,53.71,1
MEM-0020,PROF-009,Réseaux,Master 1,2,2,1,0.0,4,0.77,5,0,73.38,1
MEM-0020,PROF-010,Réseaux,Master 1,2,1,0,0.667,1,0.72,2,0,22.58,0
MEM-0020,PROF-011,Réseaux,Master 1,2,3,0,0.6,2,0.87,10,0,33.45,0
MEM-0020,PROF-012,Réseaux,Master 1,2,4,0,0.0,6,0.93,18,0,56.2,1
MEM-0020,PROF-013,Réseaux,Master 1,2,2,2,0.0,4,0.8,5,0,87.2,1
MEM-0020,PROF-014,Réseaux,Master 1,2,3,0,0.0,5,0.86,10,0,53.87,1
MEM-0020,PROF-015,Réseaux,Master 1,2,1,0,0.0,3,0.71,2,0,38.06,0
MEM-0021,PROF-001,Mobile,Licence 3,3,3,0,0.0,5,0.88,10,0,54.09,1
MEM-0021,PROF-002,Mobile,Licence 3,3,4,0,0.0,6,0.92,18,0,55.88,1
MEM-0021,PROF-003,Mobile,Licence 3,3,2,1,0.5,2,0.79,5,0,58.37,1
MEM-0021,PROF-004,Mobile,Licence 3,3,3,0,0.2,4,0.85,10,0,47.69,0
MEM-0021,PROF-005,Mobile,Licence 3,3,1,0,0.0,3,0.75,2,0,40.85,0
MEM-0021,PROF-006,Mobile,Licence 3,3,2,0,0.25,3,0.82,5,0,41.47,0
MEM-0021,PROF-007,Mobile,Licence 3,3,4,0,0.833,1,0.91,18,0,36.0,0
MEM-0021,PROF-008,Mobile,Licence 3,3,3,2,0.0,5,0.84,10,0,92.36,1
MEM-0021,PROF-009,Mobile,Licence 3,3,2,0,0.0,4,0.77,5,0,44.47,0
MEM-0021,PROF-010,Mobile,Licence 3,3,1,0,0.667,1,0.72,2,0,18.86,0
MEM-0021,PROF-011,Mobile,Licence 3,3,3,0,0.6,2,0.87,10,0,33.18,0
MEM-0021,PROF-012,Mobile,Licence 3,3,4,1,0.0,6,0.93,18,0,84.85,1
MEM-0021,PROF-013,Mobile,Licence 3,3,2,0,0.0,4,0.8,5,0,47.7,0
MEM-0021,PROF-014,Mobile,Licence 3,3,3,0,0.0,5,0.86,10,0,55.42,1
MEM-0021,PROF-015,Mobile,Licence 3,3,1,2,0.0,3,0.71,2,0,82.3,1
MEM-0022,PROF-001,Systèmes Embarqués,Master 2,2,3,0,0.0,5,0.88,10,0,52.99,1
MEM-0022,PROF-002,Systèmes Embarqués,Master 2,2,4,0,0.0,6,0.92,18,0,60.75,1
MEM-0022,PROF-003,Systèmes Embarqués,Master 2,2,2,0,0.5,2,0.79,5,0,34.4,0
MEM-0022,PROF-004,Systèmes Embarqués,Master 2,2,3,2,0.2,4,0.85,10,0,86.68,1
MEM-0022,PROF-005,Systèmes Embarqués,Master 2,2,1,0,0.0,3,0.75,2,0,39.72,0
MEM-0022,PROF-006,Systèmes Embarqués,Master 2,2,2,0,0.25,3,0.82,5,0,44.91,0
MEM-0022,PROF-007,Systèmes Embarqués,Master 2,2,4,0,0.833,1,0.91,18,0,32.32,0
MEM-0022,PROF-008,Systèmes Embarqués,Master 2,2,3,0,0.0,5,0.84,10,0,52.3,1
MEM-0022,PROF-009,Systèmes Embarqués,Master 2,2,2,2,0.0,4,0.77,5,0,88.05,1
MEM-0022,PROF-010,Systèmes Embarqués,Master 2,2,1,0,0.667,1,0.72,2,0,21.22,0
MEM-0022,PROF-011,Systèmes Embarqués,Master 2,2,3,0,0.6,2,0.87,10,0,34.06,0
MEM-0022,PROF-012,Systèmes Embarqués,Master 2,2,4,0,0.0,6,0.93,18,0,57.97,1
MEM-0022,PROF-013,Systèmes Embarqués,Master 2,2,2,0,0.0,4,0.8,5,0,46.97,0
MEM-0022,PROF-014,Systèmes Embarqués,Master 2,2,3,1,0.0,5,0.86,10,0,76.85,1
MEM-0022,PROF-015,Systèmes Embarqués,Master 2,2,1,0,0.0,3,0.71,2,0,40.58,0
MEM-0023,PROF-001,Cloud / DevOps,Master 1,1,3,0,0.0,5,0.88,10,0,52.33,1
MEM-0023,PROF-002,Cloud / DevOps,Master 1,1,4,0,0.0,6,0.92,18,0,57.35,1
MEM-0023,PROF-003,Cloud / DevOps,Master 1,1,2,0,0.5,2,0.79,5,0,32.53,0
MEM-0023,PROF-004,Cloud / DevOps,Master 1,1,3,1,0.2,4,0.85,10,0,73.33,1
MEM-0023,PROF-005,Cloud / DevOps,Master 1,1,1,1,0.0,3,0.75,2,0,68.53,1
MEM-0023,PROF-006,Cloud / DevOps,Master 1,1,2,0,0.25,3,0.82,5,0,42.63,0
MEM-0023,PROF-007,Cloud / DevOps,Master 1,1,4,0,0.833,1,0.91,18,0,33.75,0
MEM-0023,PROF-008,Cloud / DevOps,Master 1,1,3,0,0.0,5,0.84,10,0,50.75,1
MEM-0023,PROF-009,Cloud / DevOps,Master 1,1,2,0,0.0,4,0.77,5,0,45.0,0
MEM-0023,PROF-010,Cloud / DevOps,Master 1,1,1,0,0.667,1,0.72,2,0,20.24,0
MEM-0023,PROF-011,Cloud / DevOps,Master 1,1,3,2,0.6,2,0.87,10,0,73.38,1
MEM-0023,PROF-012,Cloud / DevOps,Master 1,1,4,0,0.0,6,0.93,18,0,57.39,1
MEM-0023,PROF-013,Cloud / DevOps,Master 1,1,2,1,0.0,4,0.8,5,0,71.86,1
MEM-0023,PROF-014,Cloud / DevOps,Master 1,1,3,0,0.0,5,0.86,10,0,54.17,1
MEM-0023,PROF-015,Cloud / DevOps,Master 1,1,1,0,0.0,3,0.71,2,0,40.34,0
MEM-0024,PROF-001,Mobile,Licence 3,3,3,0,0.0,5,0.88,10,0,50.3,1
MEM-0024,PROF-002,Mobile,Licence 3,3,4,0,0.0,6,0.92,18,0,57.57,1
MEM-0024,PROF-003,Mobile,Licence 3,3,2,1,0.5,2,0.79,5,0,58.28,1
MEM-0024,PROF-004,Mobile,Licence 3,3,3,0,0.2,4,0.85,10,0,46.21,0
MEM-0024,PROF-005,Mobile,Licence 3,3,1,0,0.0,3,0.75,2,0,42.23,0
MEM-0024,PROF-006,Mobile,Licence 3,3,2,0,0.25,3,0.82,5,0,41.51,0
MEM-0024,PROF-007,Mobile,Licence 3,3,4,0,0.833,1,0.91,18,0,33.97,0
MEM-0024,PROF-008,Mobile,Licence 3,3,3,2,0.0,5,0.84,10,0,91.66,1
MEM-0024,PROF-009,Mobile,Licence 3,3,2,0,0.0,4,0.77,5,0,49.53,0
MEM-0024,PROF-010,Mobile,Licence 3,3,1,0,0.667,1,0.72,2,0,21.1,0
MEM-0024,PROF-011,Mobile,Licence 3,3,3,0,0.6,2,0.87,10,0,32.16,0
MEM-0024,PROF-012,Mobile,Licence 3,3,4,1,0.0,6,0.93,18,0,83.67,1
MEM-0024,PROF-013,Mobile,Licence 3,3,2,0,0.0,4,0.8,5,0,45.84,0
MEM-0024,PROF-014,Mobile,Licence 3,3,3,0,0.0,5,0.86,10,0,51.28,1
MEM-0024,PROF-015,Mobile,Licence 3,3,1,2,0.0,3,0.71,2,0,81.98,1
MEM-0025,PROF-001,Mobile,Master 2,2,3,0,0.0,5,0.88,10,0,52.09,1
MEM-0025,PROF-002,Mobile,Master 2,2,4,0,0.0,6,0.92,18,0,60.26,1
MEM-0025,PROF-003,Mobile,Master 2,2,2,1,0.5,2,0.79,5,0,61.56,1
MEM-0025,PROF-004,Mobile,Master 2,2,3,0,0.2,4,0.85,10,0,48.89,0
MEM-0025,PROF-005,Mobile,Master 2,2,1,0,0.0,3,0.75,2,0,39.4,0
MEM-0025,PROF-006,Mobile,Master 2,2,2,0,0.25,3,0.82,5,0,43.73,0
MEM-0025,PROF-007,Mobile,Master 2,2,4,0,0.833,1,0.91,18,0,32.31,0
MEM-0025,PROF-008,Mobile,Master 2,2,3,2,0.0,5,0.84,10,0,93.14,1
MEM-0025,PROF-009,Mobile,Master 2,2,2,0,0.0,4,0.77,5,0,48.11,0
MEM-0025,PROF-010,Mobile,Master 2,2,1,0,0.667,1,0.72,2,0,21.38,0
MEM-0025,PROF-011,Mobile,Master 2,2,3,0,0.6,2,0.87,10,0,35.93,0
MEM-0025,PROF-012,Mobile,Master 2,2,4,1,0.0,6,0.93,18,0,85.95,1
MEM-0025,PROF-013,Mobile,Master 2,2,2,0,0.0,4,0.8,5,0,45.78,0
MEM-0025,PROF-014,Mobile,Master 2,2,3,0,0.0,5,0.86,10,0,52.07,1
MEM-0025,PROF-015,Mobile,Master 2,2,1,2,0.0,3,0.71,2,0,79.46,1
MEM-0026,PROF-001,Cloud / DevOps,Licence 3,1,3,0,0.0,5,0.88,10,0,54.45,1
MEM-0026,PROF-002,Cloud / DevOps,Licence 3,1,4,0,0.0,6,0.92,18,0,56.56,1
MEM-0026,PROF-003,Cloud / DevOps,Licence 3,1,2,0,0.5,2,0.79,5,0,31.12,0
MEM-0026,PROF-004,Cloud / DevOps,Licence 3,1,3,1,0.2,4,0.85,10,0,70.08,1
MEM-0026,PROF-005,Cloud / DevOps,Licence 3,1,1,1,0.0,3,0.75,2,0,65.0,1
MEM-0026,PROF-006,Cloud / DevOps,Licence 3,1,2,0,0.25,3,0.82,5,0,44.96,0
MEM-0026,PROF-007,Cloud / DevOps,Licence 3,1,4,0,0.833,1,0.91,18,0,34.48,0
MEM-0026,PROF-008,Cloud / DevOps,Licence 3,1,3,0,0.0,5,0.84,10,0,54.12,1
MEM-0026,PROF-009,Cloud / DevOps,Licence 3,1,2,0,0.0,4,0.77,5,0,44.17,0
MEM-0026,PROF-010,Cloud / DevOps,Licence 3,1,1,0,0.667,1,0.72,2,0,17.87,0
MEM-0026,PROF-011,Cloud / DevOps,Licence 3,1,3,2,0.6,2,0.87,10,0,71.76,1
MEM-0026,PROF-012,Cloud / DevOps,Licence 3,1,4,0,0.0,6,0.93,18,0,58.82,1
MEM-0026,PROF-013,Cloud / DevOps,Licence 3,1,2,1,0.0,4,0.8,5,0,71.04,1
MEM-0026,PROF-014,Cloud / DevOps,Licence 3,1,3,0,0.0,5,0.86,10,0,55.69,1
MEM-0026,PROF-015,Cloud / DevOps,Licence 3,1,1,0,0.0,3,0.71,2,0,39.16,0
MEM-0027,PROF-001,Bases de données,Licence 3,1,3,1,0.0,5,0.88,10,0,80.37,1
MEM-0027,PROF-002,Bases de données,Licence 3,1,4,0,0.0,6,0.92,18,0,56.48,1
MEM-0027,PROF-003,Bases de données,Licence 3,1,2,0,0.5,2,0.79,5,0,31.24,0
MEM-0027,PROF-004,Bases de données,Licence 3,1,3,0,0.2,4,0.85,10,0,47.7,0
MEM-0027,PROF-005,Bases de données,Licence 3,1,1,0,0.0,3,0.75,2,0,41.71,0
MEM-0027,PROF-006,Bases de données,Licence 3,1,2,0,0.25,3,0.82,5,0,43.42,0
MEM-0027,PROF-007,Bases de données,Licence 3,1,4,2,0.833,1,0.91,18,0,71.56,1
MEM-0027,PROF-008,Bases de données,Licence 3,1,3,0,0.0,5,0.84,10,0,54.47,1
MEM-0027,PROF-009,Bases de données,Licence 3,1,2,0,0.0,4,0.77,5,0,49.24,0
MEM-0027,PROF-010,Bases de données,Licence 3,1,1,1,0.667,1,0.72,2,0,43.31,0
MEM-0027,PROF-011,Bases de données,Licence 3,1,3,0,0.6,2,0.87,10,0,31.54,0
MEM-0027,PROF-012,Bases de données,Licence 3,1,4,0,0.0,6,0.93,18,0,59.3,1
MEM-0027,PROF-013,Bases de données,Licence 3,1,2,0,0.0,4,0.8,5,0,46.5,0
MEM-0027,PROF-014,Bases de données,Licence 3,1,3,0,0.0,5,0.86,10,0,53.48,1
MEM-0027,PROF-015,Bases de données,Licence 3,1,1,0,0.0,3,0.71,2,0,41.36,0
MEM-0028,PROF-001,Cybersécurité,Licence 3,3,3,0,0.0,5,0.88,10,0,54.85,1
MEM-0028,PROF-002,Cybersécurité,Licence 3,3,4,2,0.0,6,0.92,18,0,98.08,1
MEM-0028,PROF-003,Cybersécurité,Licence 3,3,2,0,0.5,2,0.79,5,0,36.3,0
MEM-0028,PROF-004,Cybersécurité,Licence 3,3,3,0,0.2,4,0.85,10,0,46.53,0
MEM-0028,PROF-005,Cybersécurité,Licence 3,3,1,0,0.0,3,0.75,2,0,41.78,0
MEM-0028,PROF-006,Cybersécurité,Licence 3,3,2,1,0.25,3,0.82,5,0,66.87,1
MEM-0028,PROF-007,Cybersécurité,Licence 3,3,4,0,0.833,1,0.91,18,0,34.06,0
MEM-0028,PROF-008,Cybersécurité,Licence 3,3,3,0,0.0,5,0.84,10,0,49.96,0
MEM-0028,PROF-009,Cybersécurité,Licence 3,3,2,0,0.0,4,0.77,5,1,0.0,0
MEM-0028,PROF-010,Cybersécurité,Licence 3,3,1,0,0.667,1,0.72,2,0,18.4,0
MEM-0028,PROF-011,Cybersécurité,Licence 3,3,3,1,0.6,2,0.87,10,0,59.63,1
MEM-0028,PROF-012,Cybersécurité,Licence 3,3,4,0,0.0,6,0.93,18,0,59.7,1
MEM-0028,PROF-013,Cybersécurité,Licence 3,3,2,0,0.0,4,0.8,5,0,45.59,0
MEM-0028,PROF-014,Cybersécurité,Licence 3,3,3,2,0.0,5,0.86,10,0,90.39,1
MEM-0028,PROF-015,Cybersécurité,Licence 3,3,1,0,0.0,3,0.71,2,0,39.09,0
MEM-0029,PROF-001,Cloud / DevOps,Licence 3,2,3,0,0.0,5,0.88,10,0,53.51,1
MEM-0029,PROF-002,Cloud / DevOps,Licence 3,2,4,0,0.0,6,0.92,18,0,56.74,1
MEM-0029,PROF-003,Cloud / DevOps,Licence 3,2,2,0,0.5,2,0.79,5,0,33.3,0
MEM-0029,PROF-004,Cloud / DevOps,Licence 3,2,3,1,0.2,4,0.85,10,0,73.89,1
MEM-0029,PROF-005,Cloud / DevOps,Licence 3,2,1,1,0.0,3,0.75,2,0,66.07,1
MEM-0029,PROF-006,Cloud / DevOps,Licence 3,2,2,0,0.25,3,0.82,5,0,39.5,0
MEM-0029,PROF-007,Cloud / DevOps,Licence 3,2,4,0,0.833,1,0.91,18,0,32.38,0
MEM-0029,PROF-008,Cloud / DevOps,Licence 3,2,3,0,0.0,5,0.84,10,0,51.3,1
MEM-0029,PROF-009,Cloud / DevOps,Licence 3,2,2,0,0.0,4,0.77,5,0,48.71,0
MEM-0029,PROF-010,Cloud / DevOps,Licence 3,2,1,0,0.667,1,0.72,2,0,18.23,0
MEM-0029,PROF-011,Cloud / DevOps,Licence 3,2,3,2,0.6,2,0.87,10,0,71.45,1
MEM-0029,PROF-012,Cloud / DevOps,Licence 3,2,4,0,0.0,6,0.93,18,0,57.54,1
MEM-0029,PROF-013,Cloud / DevOps,Licence 3,2,2,1,0.0,4,0.8,5,0,73.75,1
MEM-0029,PROF-014,Cloud / DevOps,Licence 3,2,3,0,0.0,5,0.86,10,0,53.44,1
MEM-0029,PROF-015,Cloud / DevOps,Licence 3,2,1,0,0.0,3,0.71,2,0,42.47,0
MEM-0030,PROF-001,Cloud / DevOps,Master 1,3,3,0,0.0,5,0.88,10,0,51.39,1
MEM-0030,PROF-002,Cloud / DevOps,Master 1,3,4,0,0.0,6,0.92,18,0,56.49,1
MEM-0030,PROF-003,Cloud / DevOps,Master 1,3,2,0,0.5,2,0.79,5,0,32.2,0
MEM-0030,PROF-004,Cloud / DevOps,Master 1,3,3,1,0.2,4,0.85,10,0,70.64,1
MEM-0030,PROF-005,Cloud / DevOps,Master 1,3,1,1,0.0,3,0.75,2,0,64.84,1
MEM-0030,PROF-006,Cloud / DevOps,Master 1,3,2,0,0.25,3,0.82,5,0,40.15,0
MEM-0030,PROF-007,Cloud / DevOps,Master 1,3,4,0,0.833,1,0.91,18,0,31.01,0
MEM-0030,PROF-008,Cloud / DevOps,Master 1,3,3,0,0.0,5,0.84,10,0,54.36,1
MEM-0030,PROF-009,Cloud / DevOps,Master 1,3,2,0,0.0,4,0.77,5,0,47.12,0
MEM-0030,PROF-010,Cloud / DevOps,Master 1,3,1,0,0.667,1,0.72,2,0,22.75,0
MEM-0030,PROF-011,Cloud / DevOps,Master 1,3,3,2,0.6,2,0.87,10,0,75.58,1
MEM-0030,PROF-012,Cloud / DevOps,Master 1,3,4,0,0.0,6,0.93,18,0,58.58,1
MEM-0030,PROF-013,Cloud / DevOps,Master 1,3,2,1,0.0,4,0.8,5,0,71.81,1
MEM-0030,PROF-014,Cloud / DevOps,Master 1,3,3,0,0.0,5,0.86,10,0,51.72,1
MEM-0030,PROF-015,Cloud / DevOps,Master 1,3,1,0,0.0,3,0.71,2,0,40.07,0
MEM-0031,PROF-001,Mobile,Licence 3,3,3,0,0.0,5,0.88,10,0,51.83,1
MEM-0031,PROF-002,Mobile,Licence 3,3,4,0,0.0,6,0.92,18,0,59.04,1
MEM-0031,PROF-003,Mobile,Licence 3,3,2,1,0.5,2,0.79,5,0,58.48,1
MEM-0031,PROF-004,Mobile,Licence 3,3,3,0,0.2,4,0.85,10,0,48.34,0
MEM-0031,PROF-005,Mobile,Licence 3,3,1,0,0.0,3,0.75,2,0,43.59,0
MEM-0031,PROF-006,Mobile,Licence 3,3,2,0,0.25,3,0.82,5,0,43.71,0
MEM-0031,PROF-007,Mobile,Licence 3,3,4,0,0.833,1,0.91,18,0,34.27,0
MEM-0031,PROF-008,Mobile,Licence 3,3,3,2,0.0,5,0.84,10,0,89.76,1
MEM-0031,PROF-009,Mobile,Licence 3,3,2,0,0.0,4,0.77,5,0,44.92,0
MEM-0031,PROF-010,Mobile,Licence 3,3,1,0,0.667,1,0.72,2,0,21.85,0
MEM-0031,PROF-011,Mobile,Licence 3,3,3,0,0.6,2,0.87,10,0,35.21,0
MEM-0031,PROF-012,Mobile,Licence 3,3,4,1,0.0,6,0.93,18,0,84.47,1
MEM-0031,PROF-013,Mobile,Licence 3,3,2,0,0.0,4,0.8,5,0,44.12,0
MEM-0031,PROF-014,Mobile,Licence 3,3,3,0,0.0,5,0.86,10,0,54.49,1
MEM-0031,PROF-015,Mobile,Licence 3,3,1,2,0.0,3,0.71,2,0,82.58,1
MEM-0032,PROF-001,Développement Web,Master 2,2,3,0,0.0,5,0.88,10,0,53.66,1
MEM-0032,PROF-002,Développement Web,Master 2,2,4,0,0.0,6,0.92,18,0,60.38,1
MEM-0032,PROF-003,Développement Web,Master 2,2,2,2,0.5,2,0.79,5,0,71.9,1
MEM-0032,PROF-004,Développement Web,Master 2,2,3,0,0.2,4,0.85,10,0,47.86,0
MEM-0032,PROF-005,Développement Web,Master 2,2,1,0,0.0,3,0.75,2,0,40.9,0
MEM-0032,PROF-006,Développement Web,Master 2,2,2,0,0.25,3,0.82,5,1,0.0,0
MEM-0032,PROF-007,Développement Web,Master 2,2,4,1,0.833,1,0.91,18,0,61.63,1
MEM-0032,PROF-008,Développement Web,Master 2,2,3,1,0.0,5,0.84,10,0,77.22,1
MEM-0032,PROF-009,Développement Web,Master 2,2,2,0,0.0,4,0.77,5,0,48.44,0
MEM-0032,PROF-010,Développement Web,Master 2,2,1,0,0.667,1,0.72,2,0,23.61,0
MEM-0032,PROF-011,Développement Web,Master 2,2,3,0,0.6,2,0.87,10,0,32.87,0
MEM-0032,PROF-012,Développement Web,Master 2,2,4,2,0.0,6,0.93,18,0,98.4,1
MEM-0032,PROF-013,Développement Web,Master 2,2,2,0,0.0,4,0.8,5,0,45.93,0
MEM-0032,PROF-014,Développement Web,Master 2,2,3,0,0.0,5,0.86,10,0,50.53,1
MEM-0032,PROF-015,Développement Web,Master 2,2,1,0,0.0,3,0.71,2,0,38.61,0
MEM-0033,PROF-001,Développement Web,Master 1,1,3,0,0.0,5,0.88,10,0,52.67,1
MEM-0033,PROF-002,Développement Web,Master 1,1,4,0,0.0,6,0.92,18,0,58.77,1
MEM-0033,PROF-003,Développement Web,Master 1,1,2,2,0.5,2,0.79,5,0,74.83,1
MEM-0033,PROF-004,Développement Web,Master 1,1,3,0,0.2,4,0.85,10,0,47.15,0
MEM-0033,PROF-005,Développement Web,Master 1,1,1,0,0.0,3,0.75,2,0,42.81,0
MEM-0033,PROF-006,Développement Web,Master 1,1,2,0,0.25,3,0.82,5,0,39.52,0
MEM-0033,PROF-007,Développement Web,Master 1,1,4,1,0.833,1,0.91,18,0,56.18,1
MEM-0033,PROF-008,Développement Web,Master 1,1,3,1,0.0,5,0.84,10,0,76.11,1
MEM-0033,PROF-009,Développement Web,Master 1,1,2,0,0.0,4,0.77,5,0,44.25,0
MEM-0033,PROF-010,Développement Web,Master 1,1,1,0,0.667,1,0.72,2,0,22.44,0
MEM-0033,PROF-011,Développement Web,Master 1,1,3,0,0.6,2,0.87,10,0,35.24,0
MEM-0033,PROF-012,Développement Web,Master 1,1,4,2,0.0,6,0.93,18,0,100.0,1
MEM-0033,PROF-013,Développement Web,Master 1,1,2,0,0.0,4,0.8,5,0,44.01,0
MEM-0033,PROF-014,Développement Web,Master 1,1,3,0,0.0,5,0.86,10,0,55.12,1
MEM-0033,PROF-015,Développement Web,Master 1,1,1,0,0.0,3,0.71,2,0,40.42,0
MEM-0034,PROF-001,Bases de données,Master 2,3,3,1,0.0,5,0.88,10,0,75.53,1
MEM-0034,PROF-002,Bases de données,Master 2,3,4,0,0.0,6,0.92,18,0,58.91,1
MEM-0034,PROF-003,Bases de données,Master 2,3,2,0,0.5,2,0.79,5,1,0.0,0
MEM-0034,PROF-004,Bases de données,Master 2,3,3,0,0.2,4,0.85,10,0,47.74,0
MEM-0034,PROF-005,Bases de données,Master 2,3,1,0,0.0,3,0.75,2,0,40.9,0
MEM-0034,PROF-006,Bases de données,Master 2,3,2,0,0.25,3,0.82,5,0,39.61,0
MEM-0034,PROF-007,Bases de données,Master 2,3,4,2,0.833,1,0.91,18,0,72.25,1
MEM-0034,PROF-008,Bases de données,Master 2,3,3,0,0.0,5,0.84,10,0,50.39,1
MEM-0034,PROF-009,Bases de données,Master 2,3,2,0,0.0,4,0.77,5,0,45.28,0
MEM-0034,PROF-010,Bases de données,Master 2,3,1,1,0.667,1,0.72,2,0,48.09,0
MEM-0034,PROF-011,Bases de données,Master 2,3,3,0,0.6,2,0.87,10,0,32.96,0
MEM-0034,PROF-012,Bases de données,Master 2,3,4,0,0.0,6,0.93,18,0,56.12,1
MEM-0034,PROF-013,Bases de données,Master 2,3,2,0,0.0,4,0.8,5,0,47.78,0
MEM-0034,PROF-014,Bases de données,Master 2,3,3,0,0.0,5,0.86,10,0,54.7,1
MEM-0034,PROF-015,Bases de données,Master 2,3,1,0,0.0,3,0.71,2,0,41.91,0
MEM-0035,PROF-001,Mobile,Licence 3,3,3,0,0.0,5,0.88,10,0,52.06,1
MEM-0035,PROF-002,Mobile,Licence 3,3,4,0,0.0,6,0.92,18,0,55.88,1
MEM-0035,PROF-003,Mobile,Licence 3,3,2,1,0.5,2,0.79,5,0,58.3,1
MEM-0035,PROF-004,Mobile,Licence 3,3,3,0,0.2,4,0.85,10,0,46.1,0
MEM-0035,PROF-005,Mobile,Licence 3,3,1,0,0.0,3,0.75,2,0,43.3,0
MEM-0035,PROF-006,Mobile,Licence 3,3,2,0,0.25,3,0.82,5,0,39.98,0
MEM-0035,PROF-007,Mobile,Licence 3,3,4,0,0.833,1,0.91,18,0,36.33,0
MEM-0035,PROF-008,Mobile,Licence 3,3,3,2,0.0,5,0.84,10,0,93.49,1
MEM-0035,PROF-009,Mobile,Licence 3,3,2,0,0.0,4,0.77,5,0,44.47,0
MEM-0035,PROF-010,Mobile,Licence 3,3,1,0,0.667,1,0.72,2,0,23.4,0
MEM-0035,PROF-011,Mobile,Licence 3,3,3,0,0.6,2,0.87,10,0,31.8,0
MEM-0035,PROF-012,Mobile,Licence 3,3,4,1,0.0,6,0.93,18,0,85.18,1
MEM-0035,PROF-013,Mobile,Licence 3,3,2,0,0.0,4,0.8,5,0,46.49,0
MEM-0035,PROF-014,Mobile,Licence 3,3,3,0,0.0,5,0.86,10,0,52.79,1
MEM-0035,PROF-015,Mobile,Licence 3,3,1,2,0.0,3,0.71,2,0,80.48,1
MEM-0036,PROF-001,Développement Web,Master 2,3,3,0,0.0,5,0.88,10,0,52.94,1
MEM-0036,PROF-002,Développement Web,Master 2,3,4,0,0.0,6,0.92,18,0,56.67,1
MEM-0036,PROF-003,Développement Web,Master 2,3,2,2,0.5,2,0.79,5,0,71.99,1
MEM-0036,PROF-004,Développement Web,Master 2,3,3,0,0.2,4,0.85,10,0,48.35,0
MEM-0036,PROF-005,Développement Web,Master 2,3,1,0,0.0,3,0.75,2,0,42.73,0
MEM-0036,PROF-006,Développement Web,Master 2,3,2,0,0.25,3,0.82,5,0,40.12,0
MEM-0036,PROF-007,Développement Web,Master 2,3,4,1,0.833,1,0.91,18,0,56.07,1
MEM-0036,PROF-008,Développement Web,Master 2,3,3,1,0.0,5,0.84,10,0,79.24,1
MEM-0036,PROF-009,Développement Web,Master 2,3,2,0,0.0,4,0.77,5,0,48.68,0
MEM-0036,PROF-010,Développement Web,Master 2,3,1,0,0.667,1,0.72,2,0,19.84,0
MEM-0036,PROF-011,Développement Web,Master 2,3,3,0,0.6,2,0.87,10,0,34.78,0
MEM-0036,PROF-012,Développement Web,Master 2,3,4,2,0.0,6,0.93,18,0,97.55,1
MEM-0036,PROF-013,Développement Web,Master 2,3,2,0,0.0,4,0.8,5,0,44.02,0
MEM-0036,PROF-014,Développement Web,Master 2,3,3,0,0.0,5,0.86,10,0,54.26,1
MEM-0036,PROF-015,Développement Web,Master 2,3,1,0,0.0,3,0.71,2,0,42.67,0
MEM-0037,PROF-001,Réseaux,Master 1,1,3,0,0.0,5,0.88,10,0,53.68,1
MEM-0037,PROF-002,Réseaux,Master 1,1,4,1,0.0,6,0.92,18,0,84.76,1
MEM-0037,PROF-003,Réseaux,Master 1,1,2,0,0.5,2,0.79,5,0,36.04,0
MEM-0037,PROF-004,Réseaux,Master 1,1,3,0,0.2,4,0.85,10,0,47.43,0
MEM-0037,PROF-005,Réseaux,Master 1,1,1,0,0.0,3,0.75,2,0,41.16,0
MEM-0037,PROF-006,Réseaux,Master 1,1,2,2,0.25,3,0.82,5,0,81.29,1
MEM-0037,PROF-007,Réseaux,Master 1,1,4,0,0.833,1,0.91,18,0,35.23,0
MEM-0037,PROF-008,Réseaux,Master 1,1,3,0,0.0,5,0.84,10,0,51.86,1
MEM-0037,PROF-009,Réseaux,Master 1,1,2,1,0.0,4,0.77,5,0,74.15,1
MEM-0037,PROF-010,Réseaux,Master 1,1,1,0,0.667,1,0.72,2,0,23.02,0
MEM-0037,PROF-011,Réseaux,Master 1,1,3,0,0.6,2,0.87,10,0,35.93,0
MEM-0037,PROF-012,Réseaux,Master 1,1,4,0,0.0,6,0.93,18,0,57.38,1
MEM-0037,PROF-013,Réseaux,Master 1,1,2,2,0.0,4,0.8,5,0,86.3,1
MEM-0037,PROF-014,Réseaux,Master 1,1,3,0,0.0,5,0.86,10,0,55.04,1
MEM-0037,PROF-015,Réseaux,Master 1,1,1,0,0.0,3,0.71,2,0,40.11,0
MEM-0038,PROF-001,IA / Machine Learning,Master 1,1,3,2,0.0,5,0.88,10,0,92.11,1
MEM-0038,PROF-002,IA / Machine Learning,Master 1,1,4,0,0.0,6,0.92,18,0,58.64,1
MEM-0038,PROF-003,IA / Machine Learning,Master 1,1,2,0,0.5,2,0.79,5,0,36.33,0
MEM-0038,PROF-004,IA / Machine Learning,Master 1,1,3,0,0.2,4,0.85,10,0,47.04,0
MEM-0038,PROF-005,IA / Machine Learning,Master 1,1,1,2,0.0,3,0.75,2,0,84.18,1
MEM-0038,PROF-006,IA / Machine Learning,Master 1,1,2,0,0.25,3,0.82,5,0,44.05,0
MEM-0038,PROF-007,IA / Machine Learning,Master 1,1,4,0,0.833,1,0.91,18,0,34.56,0
MEM-0038,PROF-008,IA / Machine Learning,Master 1,1,3,0,0.0,5,0.84,10,0,50.51,1
MEM-0038,PROF-009,IA / Machine Learning,Master 1,1,2,0,0.0,4,0.77,5,0,49.34,0
MEM-0038,PROF-010,IA / Machine Learning,Master 1,1,1,2,0.667,1,0.72,2,0,58.56,1
MEM-0038,PROF-011,IA / Machine Learning,Master 1,1,3,0,0.6,2,0.87,10,0,35.84,0
MEM-0038,PROF-012,IA / Machine Learning,Master 1,1,4,0,0.0,6,0.93,18,0,57.94,1
MEM-0038,PROF-013,IA / Machine Learning,Master 1,1,2,0,0.0,4,0.8,5,0,44.6,0
MEM-0038,PROF-014,IA / Machine Learning,Master 1,1,3,0,0.0,5,0.86,10,0,54.97,1
MEM-0038,PROF-015,IA / Machine Learning,Master 1,1,1,1,0.0,3,0.71,2,0,63.25,1
MEM-0039,PROF-001,Développement Web,Master 1,1,3,0,0.0,5,0.88,10,0,55.66,1
MEM-0039,PROF-002,Développement Web,Master 1,1,4,0,0.0,6,0.92,18,0,55.89,1
MEM-0039,PROF-003,Développement Web,Master 1,1,2,2,0.5,2,0.79,5,0,71.71,1
MEM-0039,PROF-004,Développement Web,Master 1,1,3,0,0.2,4,0.85,10,0,49.98,0
MEM-0039,PROF-005,Développement Web,Master 1,1,1,0,0.0,3,0.75,2,0,44.07,0
MEM-0039,PROF-006,Développement Web,Master 1,1,2,0,0.25,3,0.82,5,0,39.75,0
MEM-0039,PROF-007,Développement Web,Master 1,1,4,1,0.833,1,0.91,18,0,60.34,1
MEM-0039,PROF-008,Développement Web,Master 1,1,3,1,0.0,5,0.84,10,0,76.19,1
MEM-0039,PROF-009,Développement Web,Master 1,1,2,0,0.0,4,0.77,5,0,47.29,0
MEM-0039,PROF-010,Développement Web,Master 1,1,1,0,0.667,1,0.72,2,0,20.18,0
MEM-0039,PROF-011,Développement Web,Master 1,1,3,0,0.6,2,0.87,10,0,30.53,0
MEM-0039,PROF-012,Développement Web,Master 1,1,4,2,0.0,6,0.93,18,0,97.92,1
MEM-0039,PROF-013,Développement Web,Master 1,1,2,0,0.0,4,0.8,5,0,48.05,0
MEM-0039,PROF-014,Développement Web,Master 1,1,3,0,0.0,5,0.86,10,0,53.1,1
MEM-0039,PROF-015,Développement Web,Master 1,1,1,0,0.0,3,0.71,2,0,43.37,0
MEM-0040,PROF-001,IA / Machine Learning,Master 2,1,3,2,0.0,5,0.88,10,0,93.96,1
MEM-0040,PROF-002,IA / Machine Learning,Master 2,1,4,0,0.0,6,0.92,18,0,61.12,1
MEM-0040,PROF-003,IA / Machine Learning,Master 2,1,2,0,0.5,2,0.79,5,0,33.78,0
MEM-0040,PROF-004,IA / Machine Learning,Master 2,1,3,0,0.2,4,0.85,10,0,48.0,0
MEM-0040,PROF-005,IA / Machine Learning,Master 2,1,1,2,0.0,3,0.75,2,0,81.95,1
MEM-0040,PROF-006,IA / Machine Learning,Master 2,1,2,0,0.25,3,0.82,5,0,40.71,0
MEM-0040,PROF-007,IA / Machine Learning,Master 2,1,4,0,0.833,1,0.91,18,0,34.76,0
MEM-0040,PROF-008,IA / Machine Learning,Master 2,1,3,0,0.0,5,0.84,10,0,51.32,1
MEM-0040,PROF-009,IA / Machine Learning,Master 2,1,2,0,0.0,4,0.77,5,0,44.91,0
MEM-0040,PROF-010,IA / Machine Learning,Master 2,1,1,2,0.667,1,0.72,2,0,58.34,1
MEM-0040,PROF-011,IA / Machine Learning,Master 2,1,3,0,0.6,2,0.87,10,0,35.92,0
MEM-0040,PROF-012,IA / Machine Learning,Master 2,1,4,0,0.0,6,0.93,18,0,60.51,1
MEM-0040,PROF-013,IA / Machine Learning,Master 2,1,2,0,0.0,4,0.8,5,0,48.22,0
MEM-0040,PROF-014,IA / Machine Learning,Master 2,1,3,0,0.0,5,0.86,10,0,50.5,1
MEM-0040,PROF-015,IA / Machine Learning,Master 2,1,1,1,0.0,3,0.71,2,0,63.65,1
MEM-0041,PROF-001,Développement Web,Licence 3,3,3,0,0.0,5,0.88,10,0,52.0,1
MEM-0041,PROF-002,Développement Web,Licence 3,3,4,0,0.0,6,0.92,18,0,55.97,1
MEM-0041,PROF-003,Développement Web,Licence 3,3,2,2,0.5,2,0.79,5,0,72.8,1
MEM-0041,PROF-004,Développement Web,Licence 3,3,3,0,0.2,4,0.85,10,0,45.09,0
MEM-0041,PROF-005,Développement Web,Licence 3,3,1,0,0.0,3,0.75,2,0,40.4,0
MEM-0041,PROF-006,Développement Web,Licence 3,3,2,0,0.25,3,0.82,5,0,41.88,0
MEM-0041,PROF-007,Développement Web,Licence 3,3,4,1,0.833,1,0.91,18,0,57.12,1
MEM-0041,PROF-008,Développement Web,Licence 3,3,3,1,0.0,5,0.84,10,0,77.07,1
MEM-0041,PROF-009,Développement Web,Licence 3,3,2,0,0.0,4,0.77,5,0,47.64,0
MEM-0041,PROF-010,Développement Web,Licence 3,3,1,0,0.667,1,0.72,2,0,18.88,0
MEM-0041,PROF-011,Développement Web,Licence 3,3,3,0,0.6,2,0.87,10,0,31.1,0
MEM-0041,PROF-012,Développement Web,Licence 3,3,4,2,0.0,6,0.93,18,0,99.61,1
MEM-0041,PROF-013,Développement Web,Licence 3,3,2,0,0.0,4,0.8,5,0,46.3,0
MEM-0041,PROF-014,Développement Web,Licence 3,3,3,0,0.0,5,0.86,10,0,54.0,1
MEM-0041,PROF-015,Développement Web,Licence 3,3,1,0,0.0,3,0.71,2,0,40.64,0
MEM-0042,PROF-001,Cybersécurité,Master 2,2,3,0,0.0,5,0.88,10,0,53.7,1
MEM-0042,PROF-002,Cybersécurité,Master 2,2,4,2,0.0,6,0.92,18,0,97.19,1
MEM-0042,PROF-003,Cybersécurité,Master 2,2,2,0,0.5,2,0.79,5,0,34.68,0
MEM-0042,PROF-004,Cybersécurité,Master 2,2,3,0,0.2,4,0.85,10,0,47.51,0
MEM-0042,PROF-005,Cybersécurité,Master 2,2,1,0,0.0,3,0.75,2,0,42.25,0
MEM-0042,PROF-006,Cybersécurité,Master 2,2,2,1,0.25,3,0.82,5,0,69.69,1
MEM-0042,PROF-007,Cybersécurité,Master 2,2,4,0,0.833,1,0.91,18,0,33.44,0
MEM-0042,PROF-008,Cybersécurité,Master 2,2,3,0,0.0,5,0.84,10,0,51.33,1
MEM-0042,PROF-009,Cybersécurité,Master 2,2,2,0,0.0,4,0.77,5,0,46.83,0
MEM-0042,PROF-010,Cybersécurité,Master 2,2,1,0,0.667,1,0.72,2,0,18.24,0
MEM-0042,PROF-011,Cybersécurité,Master 2,2,3,1,0.6,2,0.87,10,0,60.72,1
MEM-0042,PROF-012,Cybersécurité,Master 2,2,4,0,0.0,6,0.93,18,0,61.88,1
MEM-0042,PROF-013,Cybersécurité,Master 2,2,2,0,0.0,4,0.8,5,0,45.79,0
MEM-0042,PROF-014,Cybersécurité,Master 2,2,3,2,0.0,5,0.86,10,0,95.67,1
MEM-0042,PROF-015,Cybersécurité,Master 2,2,1,0,0.0,3,0.71,2,0,41.79,0
MEM-0043,PROF-001,Cybersécurité,Master 2,3,3,0,0.0,5,0.88,10,0,52.94,1
MEM-0043,PROF-002,Cybersécurité,Master 2,3,4,2,0.0,6,0.92,18,0,97.61,1
MEM-0043,PROF-003,Cybersécurité,Master 2,3,2,0,0.5,2,0.79,5,0,36.85,0
MEM-0043,PROF-004,Cybersécurité,Master 2,3,3,0,0.2,4,0.85,10,0,49.87,0
MEM-0043,PROF-005,Cybersécurité,Master 2,3,1,0,0.0,3,0.75,2,0,38.89,0
MEM-0043,PROF-006,Cybersécurité,Master 2,3,2,1,0.25,3,0.82,5,0,66.59,1
MEM-0043,PROF-007,Cybersécurité,Master 2,3,4,0,0.833,1,0.91,18,0,32.8,0
MEM-0043,PROF-008,Cybersécurité,Master 2,3,3,0,0.0,5,0.84,10,0,51.38,1
MEM-0043,PROF-009,Cybersécurité,Master 2,3,2,0,0.0,4,0.77,5,0,47.75,0
MEM-0043,PROF-010,Cybersécurité,Master 2,3,1,0,0.667,1,0.72,2,0,17.93,0
MEM-0043,PROF-011,Cybersécurité,Master 2,3,3,1,0.6,2,0.87,10,0,60.03,1
MEM-0043,PROF-012,Cybersécurité,Master 2,3,4,0,0.0,6,0.93,18,0,58.32,1
MEM-0043,PROF-013,Cybersécurité,Master 2,3,2,0,0.0,4,0.8,5,0,44.05,0
MEM-0043,PROF-014,Cybersécurité,Master 2,3,3,2,0.0,5,0.86,10,0,95.09,1
MEM-0043,PROF-015,Cybersécurité,Master 2,3,1,0,0.0,3,0.71,2,0,42.32,0
MEM-0044,PROF-001,Cloud / DevOps,Master 2,3,3,0,0.0,5,0.88,10,0,56.04,1
MEM-0044,PROF-002,Cloud / DevOps,Master 2,3,4,0,0.0,6,0.92,18,0,61.26,1
MEM-0044,PROF-003,Cloud / DevOps,Master 2,3,2,0,0.5,2,0.79,5,0,35.32,0
MEM-0044,PROF-004,Cloud / DevOps,Master 2,3,3,1,0.2,4,0.85,10,0,74.75,1
MEM-0044,PROF-005,Cloud / DevOps,Master 2,3,1,1,0.0,3,0.75,2,0,68.67,1
MEM-0044,PROF-006,Cloud / DevOps,Master 2,3,2,0,0.25,3,0.82,5,0,43.95,0
MEM-0044,PROF-007,Cloud / DevOps,Master 2,3,4,0,0.833,1,0.91,18,0,32.03,0
MEM-0044,PROF-008,Cloud / DevOps,Master 2,3,3,0,0.0,5,0.84,10,0,54.41,1
MEM-0044,PROF-009,Cloud / DevOps,Master 2,3,2,0,0.0,4,0.77,5,0,44.86,0
MEM-0044,PROF-010,Cloud / DevOps,Master 2,3,1,0,0.667,1,0.72,2,0,18.94,0
MEM-0044,PROF-011,Cloud / DevOps,Master 2,3,3,2,0.6,2,0.87,10,0,71.55,1
MEM-0044,PROF-012,Cloud / DevOps,Master 2,3,4,0,0.0,6,0.93,18,0,60.48,1
MEM-0044,PROF-013,Cloud / DevOps,Master 2,3,2,1,0.0,4,0.8,5,0,73.6,1
MEM-0044,PROF-014,Cloud / DevOps,Master 2,3,3,0,0.0,5,0.86,10,0,53.99,1
MEM-0044,PROF-015,Cloud / DevOps,Master 2,3,1,0,0.0,3,0.71,2,0,38.47,0
MEM-0045,PROF-001,Réseaux,Master 1,2,3,0,0.0,5,0.88,10,0,50.78,1
MEM-0045,PROF-002,Réseaux,Master 1,2,4,1,0.0,6,0.92,18,0,84.56,1
MEM-0045,PROF-003,Réseaux,Master 1,2,2,0,0.5,2,0.79,5,0,31.09,0
MEM-0045,PROF-004,Réseaux,Master 1,2,3,0,0.2,4,0.85,10,0,49.48,0
MEM-0045,PROF-005,Réseaux,Master 1,2,1,0,0.0,3,0.75,2,0,38.45,0
MEM-0045,PROF-006,Réseaux,Master 1,2,2,2,0.25,3,0.82,5,0,81.49,1
MEM-0045,PROF-007,Réseaux,Master 1,2,4,0,0.833,1,0.91,18,0,31.44,0
MEM-0045,PROF-008,Réseaux,Master 1,2,3,0,0.0,5,0.84,10,0,55.06,1
MEM-0045,PROF-009,Réseaux,Master 1,2,2,1,0.0,4,0.77,5,0,70.51,1
MEM-0045,PROF-010,Réseaux,Master 1,2,1,0,0.667,1,0.72,2,0,20.29,0
MEM-0045,PROF-011,Réseaux,Master 1,2,3,0,0.6,2,0.87,10,0,31.25,0
MEM-0045,PROF-012,Réseaux,Master 1,2,4,0,0.0,6,0.93,18,0,60.67,1
MEM-0045,PROF-013,Réseaux,Master 1,2,2,2,0.0,4,0.8,5,0,89.26,1
MEM-0045,PROF-014,Réseaux,Master 1,2,3,0,0.0,5,0.86,10,0,52.1,1
MEM-0045,PROF-015,Réseaux,Master 1,2,1,0,0.0,3,0.71,2,1,0.0,0
MEM-0046,PROF-001,Systèmes Embarqués,Master 2,2,3,0,0.0,5,0.88,10,0,51.84,1
MEM-0046,PROF-002,Systèmes Embarqués,Master 2,2,4,0,0.0,6,0.92,18,0,56.79,1
MEM-0046,PROF-003,Systèmes Embarqués,Master 2,2,2,0,0.5,2,0.79,5,0,36.33,0
MEM-0046,PROF-004,Systèmes Embarqués,Master 2,2,3,2,0.2,4,0.85,10,0,90.42,1
MEM-0046,PROF-005,Systèmes Embarqués,Master 2,2,1,0,0.0,3,0.75,2,0,44.05,0
MEM-0046,PROF-006,Systèmes Embarqués,Master 2,2,2,0,0.25,3,0.82,5,0,41.07,0
MEM-0046,PROF-007,Systèmes Embarqués,Master 2,2,4,0,0.833,1,0.91,18,0,35.87,0
MEM-0046,PROF-008,Systèmes Embarqués,Master 2,2,3,0,0.0,5,0.84,10,0,54.43,1
MEM-0046,PROF-009,Systèmes Embarqués,Master 2,2,2,2,0.0,4,0.77,5,0,86.36,1
MEM-0046,PROF-010,Systèmes Embarqués,Master 2,2,1,0,0.667,1,0.72,2,0,18.25,0
MEM-0046,PROF-011,Systèmes Embarqués,Master 2,2,3,0,0.6,2,0.87,10,0,34.57,0
MEM-0046,PROF-012,Systèmes Embarqués,Master 2,2,4,0,0.0,6,0.93,18,0,57.3,1
MEM-0046,PROF-013,Systèmes Embarqués,Master 2,2,2,0,0.0,4,0.8,5,0,48.06,0
MEM-0046,PROF-014,Systèmes Embarqués,Master 2,2,3,1,0.0,5,0.86,10,0,78.95,1
MEM-0046,PROF-015,Systèmes Embarqués,Master 2,2,1,0,0.0,3,0.71,2,0,40.03,0
MEM-0047,PROF-001,Développement Web,Licence 3,1,3,0,0.0,5,0.88,10,0,55.27,1
MEM-0047,PROF-002,Développement Web,Licence 3,1,4,0,0.0,6,0.92,18,0,59.14,1
MEM-0047,PROF-003,Développement Web,Licence 3,1,2,2,0.5,2,0.79,5,0,71.39,1
MEM-0047,PROF-004,Développement Web,Licence 3,1,3,0,0.2,4,0.85,10,0,47.12,0
MEM-0047,PROF-005,Développement Web,Licence 3,1,1,0,0.0,3,0.75,2,0,39.84,0
MEM-0047,PROF-006,Développement Web,Licence 3,1,2,0,0.25,3,0.82,5,0,40.04,0
MEM-0047,PROF-007,Développement Web,Licence 3,1,4,1,0.833,1,0.91,18,0,57.86,1
MEM-0047,PROF-008,Développement Web,Licence 3,1,3,1,0.0,5,0.84,10,0,79.09,1
MEM-0047,PROF-009,Développement Web,Licence 3,1,2,0,0.0,4,0.77,5,0,45.12,0
MEM-0047,PROF-010,Développement Web,Licence 3,1,1,0,0.667,1,0.72,2,0,20.09,0
MEM-0047,PROF-011,Développement Web,Licence 3,1,3,0,0.6,2,0.87,10,0,33.88,0
MEM-0047,PROF-012,Développement Web,Licence 3,1,4,2,0.0,6,0.93,18,0,98.18,1
MEM-0047,PROF-013,Développement Web,Licence 3,1,2,0,0.0,4,0.8,5,0,48.05,0
MEM-0047,PROF-014,Développement Web,Licence 3,1,3,0,0.0,5,0.86,10,0,52.73,1
MEM-0047,PROF-015,Développement Web,Licence 3,1,1,0,0.0,3,0.71,2,0,41.37,0
MEM-0048,PROF-001,Systèmes Embarqués,Master 2,3,3,0,0.0,5,0.88,10,0,55.86,1
MEM-0048,PROF-002,Systèmes Embarqués,Master 2,3,4,0,0.0,6,0.92,18,0,57.77,1
MEM-0048,PROF-003,Systèmes Embarqués,Master 2,3,2,0,0.5,2,0.79,5,0,34.51,0
MEM-0048,PROF-004,Systèmes Embarqués,Master 2,3,3,2,0.2,4,0.85,10,0,88.64,1
MEM-0048,PROF-005,Systèmes Embarqués,Master 2,3,1,0,0.0,3,0.75,2,0,42.06,0
MEM-0048,PROF-006,Systèmes Embarqués,Master 2,3,2,0,0.25,3,0.82,5,0,42.09,0
MEM-0048,PROF-007,Systèmes Embarqués,Master 2,3,4,0,0.833,1,0.91,18,0,34.86,0
MEM-0048,PROF-008,Systèmes Embarqués,Master 2,3,3,0,0.0,5,0.84,10,0,53.5,1
MEM-0048,PROF-009,Systèmes Embarqués,Master 2,3,2,2,0.0,4,0.77,5,0,84.25,1
MEM-0048,PROF-010,Systèmes Embarqués,Master 2,3,1,0,0.667,1,0.72,2,0,18.07,0
MEM-0048,PROF-011,Systèmes Embarqués,Master 2,3,3,0,0.6,2,0.87,10,0,30.27,0
MEM-0048,PROF-012,Systèmes Embarqués,Master 2,3,4,0,0.0,6,0.93,18,0,61.93,1
MEM-0048,PROF-013,Systèmes Embarqués,Master 2,3,2,0,0.0,4,0.8,5,0,44.7,0
MEM-0048,PROF-014,Systèmes Embarqués,Master 2,3,3,1,0.0,5,0.86,10,0,76.31,1
MEM-0048,PROF-015,Systèmes Embarqués,Master 2,3,1,0,0.0,3,0.71,2,0,40.88,0
MEM-0049,PROF-001,Réseaux,Licence 3,1,3,0,0.0,5,0.88,10,0,52.53,1
MEM-0049,PROF-002,Réseaux,Licence 3,1,4,1,0.0,6,0.92,18,0,83.03,1
MEM-0049,PROF-003,Réseaux,Licence 3,1,2,0,0.5,2,0.79,5,0,36.55,0
MEM-0049,PROF-004,Réseaux,Licence 3,1,3,0,0.2,4,0.85,10,0,48.93,0
MEM-0049,PROF-005,Réseaux,Licence 3,1,1,0,0.0,3,0.75,2,0,41.49,0
MEM-0049,PROF-006,Réseaux,Licence 3,1,2,2,0.25,3,0.82,5,0,82.82,1
MEM-0049,PROF-007,Réseaux,Licence 3,1,4,0,0.833,1,0.91,18,0,35.01,0
MEM-0049,PROF-008,Réseaux,Licence 3,1,3,0,0.0,5,0.84,10,0,54.91,1
MEM-0049,PROF-009,Réseaux,Licence 3,1,2,1,0.0,4,0.77,5,0,72.48,1
MEM-0049,PROF-010,Réseaux,Licence 3,1,1,0,0.667,1,0.72,2,0,22.8,0
MEM-0049,PROF-011,Réseaux,Licence 3,1,3,0,0.6,2,0.87,10,0,33.74,0
MEM-0049,PROF-012,Réseaux,Licence 3,1,4,0,0.0,6,0.93,18,0,61.58,1
MEM-0049,PROF-013,Réseaux,Licence 3,1,2,2,0.0,4,0.8,5,0,85.68,1
MEM-0049,PROF-014,Réseaux,Licence 3,1,3,0,0.0,5,0.86,10,0,54.04,1
MEM-0049,PROF-015,Réseaux,Licence 3,1,1,0,0.0,3,0.71,2,0,38.95,0
MEM-0050,PROF-001,Développement Web,Licence 3,1,3,0,0.0,5,0.88,10,0,52.87,1
MEM-0050,PROF-002,Développement Web,Licence 3,1,4,0,0.0,6,0.92,18,0,57.22,1
MEM-0050,PROF-003,Développement Web,Licence 3,1,2,2,0.5,2,0.79,5,0,73.03,1
MEM-0050,PROF-004,Développement Web,Licence 3,1,3,0,0.2,4,0.85,10,0,50.64,1
MEM-0050,PROF-005,Développement Web,Licence 3,1,1,0,0.0,3,0.75,2,0,40.45,0
MEM-0050,PROF-006,Développement Web,Licence 3,1,2,0,0.25,3,0.82,5,0,44.71,0
MEM-0050,PROF-007,Développement Web,Licence 3,1,4,1,0.833,1,0.91,18,0,59.52,1
MEM-0050,PROF-008,Développement Web,Licence 3,1,3,1,0.0,5,0.84,10,0,74.96,1
MEM-0050,PROF-009,Développement Web,Licence 3,1,2,0,0.0,4,0.77,5,0,45.21,0
MEM-0050,PROF-010,Développement Web,Licence 3,1,1,0,0.667,1,0.72,2,0,23.61,0
MEM-0050,PROF-011,Développement Web,Licence 3,1,3,0,0.6,2,0.87,10,0,35.74,0
MEM-0050,PROF-012,Développement Web,Licence 3,1,4,2,0.0,6,0.93,18,0,100.0,1
MEM-0050,PROF-013,Développement Web,Licence 3,1,2,0,0.0,4,0.8,5,0,44.55,0
MEM-0050,PROF-014,Développement Web,Licence 3,1,3,0,0.0,5,0.86,10,0,51.17,1
MEM-0050,PROF-015,Développement Web,Licence 3,1,1,0,0.0,3,0.71,2,0,41.49,0
MEM-0051,PROF-001,IA / Machine Learning,Licence 3,3,3,2,0.0,5,0.88,10,0,96.03,1
MEM-0051,PROF-002,IA / Machine Learning,Licence 3,3,4,0,0.0,6,0.92,18,0,56.1,1
MEM-0051,PROF-003,IA / Machine Learning,Licence 3,3,2,0,0.5,2,0.79,5,0,32.85,0
MEM-0051,PROF-004,IA / Machine Learning,Licence 3,3,3,0,0.2,4,0.85,10,0,50.68,1
MEM-0051,PROF-005,IA / Machine Learning,Licence 3,3,1,2,0.0,3,0.75,2,0,82.97,1
MEM-0051,PROF-006,IA / Machine Learning,Licence 3,3,2,0,0.25,3,0.82,5,0,40.53,0
MEM-0051,PROF-007,IA / Machine Learning,Licence 3,3,4,0,0.833,1,0.91,18,0,35.63,0
MEM-0051,PROF-008,IA / Machine Learning,Licence 3,3,3,0,0.0,5,0.84,10,0,52.93,1
MEM-0051,PROF-009,IA / Machine Learning,Licence 3,3,2,0,0.0,4,0.77,5,0,47.07,0
MEM-0051,PROF-010,IA / Machine Learning,Licence 3,3,1,2,0.667,1,0.72,2,0,62.68,1
MEM-0051,PROF-011,IA / Machine Learning,Licence 3,3,3,0,0.6,2,0.87,10,0,31.45,0
MEM-0051,PROF-012,IA / Machine Learning,Licence 3,3,4,0,0.0,6,0.93,18,0,60.6,1
MEM-0051,PROF-013,IA / Machine Learning,Licence 3,3,2,0,0.0,4,0.8,5,0,48.73,0
MEM-0051,PROF-014,IA / Machine Learning,Licence 3,3,3,0,0.0,5,0.86,10,0,53.48,1
MEM-0051,PROF-015,IA / Machine Learning,Licence 3,3,1,1,0.0,3,0.71,2,0,64.31,1
MEM-0052,PROF-001,Réseaux,Master 2,2,3,0,0.0,5,0.88,10,0,56.1,1
MEM-0052,PROF-002,Réseaux,Master 2,2,4,1,0.0,6,0.92,18,0,86.73,1
MEM-0052,PROF-003,Réseaux,Master 2,2,2,0,0.5,2,0.79,5,0,34.09,0
MEM-0052,PROF-004,Réseaux,Master 2,2,3,0,0.2,4,0.85,10,0,49.54,0
MEM-0052,PROF-005,Réseaux,Master 2,2,1,0,0.0,3,0.75,2,0,38.91,0
MEM-0052,PROF-006,Réseaux,Master 2,2,2,2,0.25,3,0.82,5,0,84.5,1
MEM-0052,PROF-007,Réseaux,Master 2,2,4,0,0.833,1,0.91,18,0,31.44,0
MEM-0052,PROF-008,Réseaux,Master 2,2,3,0,0.0,5,0.84,10,0,51.75,1
MEM-0052,PROF-009,Réseaux,Master 2,2,2,1,0.0,4,0.77,5,0,73.28,1
MEM-0052,PROF-010,Réseaux,Master 2,2,1,0,0.667,1,0.72,2,0,21.33,0
MEM-0052,PROF-011,Réseaux,Master 2,2,3,0,0.6,2,0.87,10,0,30.14,0
MEM-0052,PROF-012,Réseaux,Master 2,2,4,0,0.0,6,0.93,18,0,57.54,1
MEM-0052,PROF-013,Réseaux,Master 2,2,2,2,0.0,4,0.8,5,0,84.76,1
MEM-0052,PROF-014,Réseaux,Master 2,2,3,0,0.0,5,0.86,10,0,52.43,1
MEM-0052,PROF-015,Réseaux,Master 2,2,1,0,0.0,3,0.71,2,0,38.33,0
MEM-0053,PROF-001,Réseaux,Licence 3,3,3,0,0.0,5,0.88,10,0,50.58,1
MEM-0053,PROF-002,Réseaux,Licence 3,3,4,1,0.0,6,0.92,18,0,83.49,1
MEM-0053,PROF-003,Réseaux,Licence 3,3,2,0,0.5,2,0.79,5,0,33.02,0
MEM-0053,PROF-004,Réseaux,Licence 3,3,3,0,0.2,4,0.85,10,0,48.31,0
MEM-0053,PROF-005,Réseaux,Licence 3,3,1,0,0.0,3,0.75,2,0,40.96,0
MEM-0053,PROF-006,Réseaux,Licence 3,3,2,2,0.25,3,0.82,5,0,80.63,1
MEM-0053,PROF-007,Réseaux,Licence 3,3,4,0,0.833,1,0.91,18,0,34.34,0
MEM-0053,PROF-008,Réseaux,Licence 3,3,3,0,0.0,5,0.84,10,0,53.96,1
MEM-0053,PROF-009,Réseaux,Licence 3,3,2,1,0.0,4,0.77,5,0,74.0,1
MEM-0053,PROF-010,Réseaux,Licence 3,3,1,0,0.667,1,0.72,2,0,21.75,0
MEM-0053,PROF-011,Réseaux,Licence 3,3,3,0,0.6,2,0.87,10,0,31.86,0
MEM-0053,PROF-012,Réseaux,Licence 3,3,4,0,0.0,6,0.93,18,0,59.81,1
MEM-0053,PROF-013,Réseaux,Licence 3,3,2,2,0.0,4,0.8,5,0,84.19,1
MEM-0053,PROF-014,Réseaux,Licence 3,3,3,0,0.0,5,0.86,10,0,55.89,1
MEM-0053,PROF-015,Réseaux,Licence 3,3,1,0,0.0,3,0.71,2,0,42.73,0
MEM-0054,PROF-001,Bases de données,Master 1,2,3,1,0.0,5,0.88,10,0,77.76,1
MEM-0054,PROF-002,Bases de données,Master 1,2,4,0,0.0,6,0.92,18,0,56.45,1
MEM-0054,PROF-003,Bases de données,Master 1,2,2,0,0.5,2,0.79,5,0,35.12,0
MEM-0054,PROF-004,Bases de données,Master 1,2,3,0,0.2,4,0.85,10,0,47.41,0
MEM-0054,PROF-005,Bases de données,Master 1,2,1,0,0.0,3,0.75,2,0,43.65,0
MEM-0054,PROF-006,Bases de données,Master 1,2,2,0,0.25,3,0.82,5,0,41.23,0
MEM-0054,PROF-007,Bases de données,Master 1,2,4,2,0.833,1,0.91,18,0,71.54,1
MEM-0054,PROF-008,Bases de données,Master 1,2,3,0,0.0,5,0.84,10,0,50.36,1
MEM-0054,PROF-009,Bases de données,Master 1,2,2,0,0.0,4,0.77,5,0,47.3,0
MEM-0054,PROF-010,Bases de données,Master 1,2,1,1,0.667,1,0.72,2,0,46.31,0
MEM-0054,PROF-011,Bases de données,Master 1,2,3,0,0.6,2,0.87,10,0,34.32,0
MEM-0054,PROF-012,Bases de données,Master 1,2,4,0,0.0,6,0.93,18,0,58.24,1
MEM-0054,PROF-013,Bases de données,Master 1,2,2,0,0.0,4,0.8,5,0,47.58,0
MEM-0054,PROF-014,Bases de données,Master 1,2,3,0,0.0,5,0.86,10,0,51.67,1
MEM-0054,PROF-015,Bases de données,Master 1,2,1,0,0.0,3,0.71,2,0,40.68,0
MEM-0055,PROF-001,Réseaux,Licence 3,3,3,0,0.0,5,0.88,10,0,52.78,1
MEM-0055,PROF-002,Réseaux,Licence 3,3,4,1,0.0,6,0.92,18,0,85.56,1
MEM-0055,PROF-003,Réseaux,Licence 3,3,2,0,0.5,2,0.79,5,0,31.54,0
MEM-0055,PROF-004,Réseaux,Licence 3,3,3,0,0.2,4,0.85,10,0,48.68,0
MEM-0055,PROF-005,Réseaux,Licence 3,3,1,0,0.0,3,0.75,2,0,43.52,0
MEM-0055,PROF-006,Réseaux,Licence 3,3,2,2,0.25,3,0.82,5,0,82.61,1
MEM-0055,PROF-007,Réseaux,Licence 3,3,4,0,0.833,1,0.91,18,0,35.84,0
MEM-0055,PROF-008,Réseaux,Licence 3,3,3,0,0.0,5,0.84,10,0,52.18,1
MEM-0055,PROF-009,Réseaux,Licence 3,3,2,1,0.0,4,0.77,5,0,73.88,1
MEM-0055,PROF-010,Réseaux,Licence 3,3,1,0,0.667,1,0.72,2,0,20.28,0
MEM-0055,PROF-011,Réseaux,Licence 3,3,3,0,0.6,2,0.87,10,0,35.01,0
MEM-0055,PROF-012,Réseaux,Licence 3,3,4,0,0.0,6,0.93,18,0,58.34,1
MEM-0055,PROF-013,Réseaux,Licence 3,3,2,2,0.0,4,0.8,5,0,88.38,1
MEM-0055,PROF-014,Réseaux,Licence 3,3,3,0,0.0,5,0.86,10,0,51.78,1
MEM-0055,PROF-015,Réseaux,Licence 3,3,1,0,0.0,3,0.71,2,0,39.53,0
MEM-0056,PROF-001,Cloud / DevOps,Master 1,2,3,0,0.0,5,0.88,10,0,51.73,1
MEM-0056,PROF-002,Cloud / DevOps,Master 1,2,4,0,0.0,6,0.92,18,0,61.52,1
MEM-0056,PROF-003,Cloud / DevOps,Master 1,2,2,0,0.5,2,0.79,5,0,34.97,0
MEM-0056,PROF-004,Cloud / DevOps,Master 1,2,3,1,0.2,4,0.85,10,0,72.6,1
MEM-0056,PROF-005,Cloud / DevOps,Master 1,2,1,1,0.0,3,0.75,2,0,63.8,1
MEM-0056,PROF-006,Cloud / DevOps,Master 1,2,2,0,0.25,3,0.82,5,0,39.81,0
MEM-0056,PROF-007,Cloud / DevOps,Master 1,2,4,0,0.833,1,0.91,18,0,33.24,0
MEM-0056,PROF-008,Cloud / DevOps,Master 1,2,3,0,0.0,5,0.84,10,0,54.07,1
MEM-0056,PROF-009,Cloud / DevOps,Master 1,2,2,0,0.0,4,0.77,5,0,45.79,0
MEM-0056,PROF-010,Cloud / DevOps,Master 1,2,1,0,0.667,1,0.72,2,0,18.58,0
MEM-0056,PROF-011,Cloud / DevOps,Master 1,2,3,2,0.6,2,0.87,10,0,70.41,1
MEM-0056,PROF-012,Cloud / DevOps,Master 1,2,4,0,0.0,6,0.93,18,0,61.69,1
MEM-0056,PROF-013,Cloud / DevOps,Master 1,2,2,1,0.0,4,0.8,5,0,72.37,1
MEM-0056,PROF-014,Cloud / DevOps,Master 1,2,3,0,0.0,5,0.86,10,0,53.92,1
MEM-0056,PROF-015,Cloud / DevOps,Master 1,2,1,0,0.0,3,0.71,2,0,40.11,0
MEM-0057,PROF-001,Bases de données,Licence 3,3,3,1,0.0,5,0.88,10,0,80.44,1
MEM-0057,PROF-002,Bases de données,Licence 3,3,4,0,0.0,6,0.92,18,0,61.45,1
MEM-0057,PROF-003,Bases de données,Licence 3,3,2,0,0.5,2,0.79,5,0,33.39,0
MEM-0057,PROF-004,Bases de données,Licence 3,3,3,0,0.2,4,0.85,10,0,50.25,1
MEM-0057,PROF-005,Bases de données,Licence 3,3,1,0,0.0,3,0.75,2,0,38.56,0
MEM-0057,PROF-006,Bases de données,Licence 3,3,2,0,0.25,3,0.82,5,0,41.03,0
MEM-0057,PROF-007,Bases de données,Licence 3,3,4,2,0.833,1,0.91,18,0,72.52,1
MEM-0057,PROF-008,Bases de données,Licence 3,3,3,0,0.0,5,0.84,10,0,50.22,1
MEM-0057,PROF-009,Bases de données,Licence 3,3,2,0,0.0,4,0.77,5,0,46.59,0
MEM-0057,PROF-010,Bases de données,Licence 3,3,1,1,0.667,1,0.72,2,0,43.73,0
MEM-0057,PROF-011,Bases de données,Licence 3,3,3,0,0.6,2,0.87,10,0,32.94,0
MEM-0057,PROF-012,Bases de données,Licence 3,3,4,0,0.0,6,0.93,18,0,61.03,1
MEM-0057,PROF-013,Bases de données,Licence 3,3,2,0,0.0,4,0.8,5,0,46.1,0
MEM-0057,PROF-014,Bases de données,Licence 3,3,3,0,0.0,5,0.86,10,0,53.24,1
MEM-0057,PROF-015,Bases de données,Licence 3,3,1,0,0.0,3,0.71,2,0,38.34,0
MEM-0058,PROF-001,Développement Web,Master 1,3,3,0,0.0,5,0.88,10,0,51.87,1
MEM-0058,PROF-002,Développement Web,Master 1,3,4,0,0.0,6,0.92,18,0,57.16,1
MEM-0058,PROF-003,Développement Web,Master 1,3,2,2,0.5,2,0.79,5,0,73.42,1
MEM-0058,PROF-004,Développement Web,Master 1,3,3,0,0.2,4,0.85,10,0,48.12,0
MEM-0058,PROF-005,Développement Web,Master 1,3,1,0,0.0,3,0.75,2,0,42.85,0
MEM-0058,PROF-006,Développement Web,Master 1,3,2,0,0.25,3,0.82,5,0,43.03,0
MEM-0058,PROF-007,Développement Web,Master 1,3,4,1,0.833,1,0.91,18,0,59.7,1
MEM-0058,PROF-008,Développement Web,Master 1,3,3,1,0.0,5,0.84,10,0,77.94,1
MEM-0058,PROF-009,Développement Web,Master 1,3,2,0,0.0,4,0.77,5,0,47.2,0
MEM-0058,PROF-010,Développement Web,Master 1,3,1,0,0.667,1,0.72,2,0,21.75,0
MEM-0058,PROF-011,Développement Web,Master 1,3,3,0,0.6,2,0.87,10,0,34.21,0
MEM-0058,PROF-012,Développement Web,Master 1,3,4,2,0.0,6,0.93,18,0,96.12,1
MEM-0058,PROF-013,Développement Web,Master 1,3,2,0,0.0,4,0.8,5,0,45.64,0
MEM-0058,PROF-014,Développement Web,Master 1,3,3,0,0.0,5,0.86,10,0,54.47,1
MEM-0058,PROF-015,Développement Web,Master 1,3,1,0,0.0,3,0.71,2,0,43.18,0
MEM-0059,PROF-001,Systèmes Embarqués,Licence 3,1,3,0,0.0,5,0.88,10,0,52.31,1
MEM-0059,PROF-002,Systèmes Embarqués,Licence 3,1,4,0,0.0,6,0.92,18,0,56.89,1
MEM-0059,PROF-003,Systèmes Embarqués,Licence 3,1,2,0,0.5,2,0.79,5,0,31.71,0
MEM-0059,PROF-004,Systèmes Embarqués,Licence 3,1,3,2,0.2,4,0.85,10,0,88.69,1
MEM-0059,PROF-005,Systèmes Embarqués,Licence 3,1,1,0,0.0,3,0.75,2,0,38.67,0
MEM-0059,PROF-006,Systèmes Embarqués,Licence 3,1,2,0,0.25,3,0.82,5,0,43.75,0
MEM-0059,PROF-007,Systèmes Embarqués,Licence 3,1,4,0,0.833,1,0.91,18,0,36.48,0
MEM-0059,PROF-008,Systèmes Embarqués,Licence 3,1,3,0,0.0,5,0.84,10,0,50.15,1
MEM-0059,PROF-009,Systèmes Embarqués,Licence 3,1,2,2,0.0,4,0.77,5,0,86.73,1
MEM-0059,PROF-010,Systèmes Embarqués,Licence 3,1,1,0,0.667,1,0.72,2,1,0.0,0
MEM-0059,PROF-011,Systèmes Embarqués,Licence 3,1,3,0,0.6,2,0.87,10,0,32.77,0
MEM-0059,PROF-012,Systèmes Embarqués,Licence 3,1,4,0,0.0,6,0.93,18,0,56.89,1
MEM-0059,PROF-013,Systèmes Embarqués,Licence 3,1,2,0,0.0,4,0.8,5,0,45.87,0
MEM-0059,PROF-014,Systèmes Embarqués,Licence 3,1,3,1,0.0,5,0.86,10,0,76.85,1
MEM-0059,PROF-015,Systèmes Embarqués,Licence 3,1,1,0,0.0,3,0.71,2,0,43.3,0
MEM-0060,PROF-001,Réseaux,Master 1,1,3,0,0.0,5,0.88,10,0,53.78,1
MEM-0060,PROF-002,Réseaux,Master 1,1,4,1,0.0,6,0.92,18,0,86.1,1
MEM-0060,PROF-003,Réseaux,Master 1,1,2,0,0.5,2,0.79,5,0,31.78,0
MEM-0060,PROF-004,Réseaux,Master 1,1,3,0,0.2,4,0.85,10,0,49.28,0
MEM-0060,PROF-005,Réseaux,Master 1,1,1,0,0.0,3,0.75,2,0,38.55,0
MEM-0060,PROF-006,Réseaux,Master 1,1,2,2,0.25,3,0.82,5,0,79.79,1
MEM-0060,PROF-007,Réseaux,Master 1,1,4,0,0.833,1,0.91,18,0,33.31,0
MEM-0060,PROF-008,Réseaux,Master 1,1,3,0,0.0,5,0.84,10,0,52.14,1
MEM-0060,PROF-009,Réseaux,Master 1,1,2,1,0.0,4,0.77,5,0,72.19,1
MEM-0060,PROF-010,Réseaux,Master 1,1,1,0,0.667,1,0.72,2,0,20.29,0
MEM-0060,PROF-011,Réseaux,Master 1,1,3,0,0.6,2,0.87,10,0,31.34,0
MEM-0060,PROF-012,Réseaux,Master 1,1,4,0,0.0,6,0.93,18,0,59.02,1
MEM-0060,PROF-013,Réseaux,Master 1,1,2,2,0.0,4,0.8,5,0,86.07,1
MEM-0060,PROF-014,Réseaux,Master 1,1,3,0,0.0,5,0.86,10,0,50.57,1
MEM-0060,PROF-015,Réseaux,Master 1,1,1,0,0.0,3,0.71,2,0,41.72,0
MEM-0061,PROF-001,Cloud / DevOps,Master 1,2,3,0,0.0,5,0.88,10,0,53.76,1
MEM-0061,PROF-002,Cloud / DevOps,Master 1,2,4,0,0.0,6,0.92,18,0,58.96,1
MEM-0061,PROF-003,Cloud / DevOps,Master 1,2,2,0,0.5,2,0.79,5,0,32.7,0
MEM-0061,PROF-004,Cloud / DevOps,Master 1,2,3,1,0.2,4,0.85,10,0,71.07,1
MEM-0061,PROF-005,Cloud / DevOps,Master 1,2,1,1,0.0,3,0.75,2,0,69.16,1
MEM-0061,PROF-006,Cloud / DevOps,Master 1,2,2,0,0.25,3,0.82,5,0,39.63,0
MEM-0061,PROF-007,Cloud / DevOps,Master 1,2,4,0,0.833,1,0.91,18,0,31.88,0
MEM-0061,PROF-008,Cloud / DevOps,Master 1,2,3,0,0.0,5,0.84,10,0,55.27,1
MEM-0061,PROF-009,Cloud / DevOps,Master 1,2,2,0,0.0,4,0.77,5,0,48.15,0
MEM-0061,PROF-010,Cloud / DevOps,Master 1,2,1,0,0.667,1,0.72,2,0,22.38,0
MEM-0061,PROF-011,Cloud / DevOps,Master 1,2,3,2,0.6,2,0.87,10,0,71.79,1
MEM-0061,PROF-012,Cloud / DevOps,Master 1,2,4,0,0.0,6,0.93,18,0,56.67,1
MEM-0061,PROF-013,Cloud / DevOps,Master 1,2,2,1,0.0,4,0.8,5,0,71.98,1
MEM-0061,PROF-014,Cloud / DevOps,Master 1,2,3,0,0.0,5,0.86,10,0,52.48,1
MEM-0061,PROF-015,Cloud / DevOps,Master 1,2,1,0,0.0,3,0.71,2,0,38.43,0
MEM-0062,PROF-001,Réseaux,Master 1,3,3,0,0.0,5,0.88,10,0,53.4,1
MEM-0062,PROF-002,Réseaux,Master 1,3,4,1,0.0,6,0.92,18,0,82.18,1
MEM-0062,PROF-003,Réseaux,Master 1,3,2,0,0.5,2,0.79,5,0,34.2,0
MEM-0062,PROF-004,Réseaux,Master 1,3,3,0,0.2,4,0.85,10,0,48.76,0
MEM-0062,PROF-005,Réseaux,Master 1,3,1,0,0.0,3,0.75,2,0,40.38,0
MEM-0062,PROF-006,Réseaux,Master 1,3,2,2,0.25,3,0.82,5,0,81.68,1
MEM-0062,PROF-007,Réseaux,Master 1,3,4,0,0.833,1,0.91,18,0,35.1,0
MEM-0062,PROF-008,Réseaux,Master 1,3,3,0,0.0,5,0.84,10,0,52.22,1
MEM-0062,PROF-009,Réseaux,Master 1,3,2,1,0.0,4,0.77,5,0,71.31,1
MEM-0062,PROF-010,Réseaux,Master 1,3,1,0,0.667,1,0.72,2,0,18.27,0
MEM-0062,PROF-011,Réseaux,Master 1,3,3,0,0.6,2,0.87,10,0,31.93,0
MEM-0062,PROF-012,Réseaux,Master 1,3,4,0,0.0,6,0.93,18,0,58.53,1
MEM-0062,PROF-013,Réseaux,Master 1,3,2,2,0.0,4,0.8,5,0,86.43,1
MEM-0062,PROF-014,Réseaux,Master 1,3,3,0,0.0,5,0.86,10,0,53.74,1
MEM-0062,PROF-015,Réseaux,Master 1,3,1,0,0.0,3,0.71,2,0,39.39,0
MEM-0063,PROF-001,Développement Web,Master 2,3,3,0,0.0,5,0.88,10,0,52.63,1
MEM-0063,PROF-002,Développement Web,Master 2,3,4,0,0.0,6,0.92,18,0,61.6,1
MEM-0063,PROF-003,Développement Web,Master 2,3,2,2,0.5,2,0.79,5,0,71.88,1
MEM-0063,PROF-004,Développement Web,Master 2,3,3,0,0.2,4,0.85,10,0,50.44,1
MEM-0063,PROF-005,Développement Web,Master 2,3,1,0,0.0,3,0.75,2,0,41.01,0
MEM-0063,PROF-006,Développement Web,Master 2,3,2,0,0.25,3,0.82,5,0,43.44,0
MEM-0063,PROF-007,Développement Web,Master 2,3,4,1,0.833,1,0.91,18,0,57.82,1
MEM-0063,PROF-008,Développement Web,Master 2,3,3,1,0.0,5,0.84,10,0,77.22,1
MEM-0063,PROF-009,Développement Web,Master 2,3,2,0,0.0,4,0.77,5,0,44.19,0
MEM-0063,PROF-010,Développement Web,Master 2,3,1,0,0.667,1,0.72,2,0,20.41,0
MEM-0063,PROF-011,Développement Web,Master 2,3,3,0,0.6,2,0.87,10,0,32.45,0
MEM-0063,PROF-012,Développement Web,Master 2,3,4,2,0.0,6,0.93,18,0,96.42,1
MEM-0063,PROF-013,Développement Web,Master 2,3,2,0,0.0,4,0.8,5,0,49.22,0
MEM-0063,PROF-014,Développement Web,Master 2,3,3,0,0.0,5,0.86,10,0,54.37,1
MEM-0063,PROF-015,Développement Web,Master 2,3,1,0,0.0,3,0.71,2,0,38.98,0
MEM-0064,PROF-001,IA / Machine Learning,Licence 3,1,3,2,0.0,5,0.88,10,0,94.87,1
MEM-0064,PROF-002,IA / Machine Learning,Licence 3,1,4,0,0.0,6,0.92,18,0,56.26,1
MEM-0064,PROF-003,IA / Machine Learning,Licence 3,1,2,0,0.5,2,0.79,5,0,34.65,0
MEM-0064,PROF-004,IA / Machine Learning,Licence 3,1,3,0,0.2,4,0.85,10,0,47.93,0
MEM-0064,PROF-005,IA / Machine Learning,Licence 3,1,1,2,0.0,3,0.75,2,0,79.41,1
MEM-0064,PROF-006,IA / Machine Learning,Licence 3,1,2,0,0.25,3,0.82,5,0,43.96,0
MEM-0064,PROF-007,IA / Machine Learning,Licence 3,1,4,0,0.833,1,0.91,18,0,32.76,0
MEM-0064,PROF-008,IA / Machine Learning,Licence 3,1,3,0,0.0,5,0.84,10,0,55.35,1
MEM-0064,PROF-009,IA / Machine Learning,Licence 3,1,2,0,0.0,4,0.77,5,0,47.42,0
MEM-0064,PROF-010,IA / Machine Learning,Licence 3,1,1,2,0.667,1,0.72,2,0,58.69,1
MEM-0064,PROF-011,IA / Machine Learning,Licence 3,1,3,0,0.6,2,0.87,10,0,30.67,0
MEM-0064,PROF-012,IA / Machine Learning,Licence 3,1,4,0,0.0,6,0.93,18,0,57.49,1
MEM-0064,PROF-013,IA / Machine Learning,Licence 3,1,2,0,0.0,4,0.8,5,0,45.04,0
MEM-0064,PROF-014,IA / Machine Learning,Licence 3,1,3,0,0.0,5,0.86,10,0,50.82,1
MEM-0064,PROF-015,IA / Machine Learning,Licence 3,1,1,1,0.0,3,0.71,2,0,67.2,1
MEM-0065,PROF-001,Cloud / DevOps,Master 1,1,3,0,0.0,5,0.88,10,0,50.65,1
MEM-0065,PROF-002,Cloud / DevOps,Master 1,1,4,0,0.0,6,0.92,18,0,61.51,1
MEM-0065,PROF-003,Cloud / DevOps,Master 1,1,2,0,0.5,2,0.79,5,0,34.62,0
MEM-0065,PROF-004,Cloud / DevOps,Master 1,1,3,1,0.2,4,0.85,10,0,72.53,1
MEM-0065,PROF-005,Cloud / DevOps,Master 1,1,1,1,0.0,3,0.75,2,0,66.63,1
MEM-0065,PROF-006,Cloud / DevOps,Master 1,1,2,0,0.25,3,0.82,5,0,42.78,0
MEM-0065,PROF-007,Cloud / DevOps,Master 1,1,4,0,0.833,1,0.91,18,0,34.74,0
MEM-0065,PROF-008,Cloud / DevOps,Master 1,1,3,0,0.0,5,0.84,10,0,54.89,1
MEM-0065,PROF-009,Cloud / DevOps,Master 1,1,2,0,0.0,4,0.77,5,0,47.41,0
MEM-0065,PROF-010,Cloud / DevOps,Master 1,1,1,0,0.667,1,0.72,2,0,23.72,0
MEM-0065,PROF-011,Cloud / DevOps,Master 1,1,3,2,0.6,2,0.87,10,0,71.99,1
MEM-0065,PROF-012,Cloud / DevOps,Master 1,1,4,0,0.0,6,0.93,18,0,61.78,1
MEM-0065,PROF-013,Cloud / DevOps,Master 1,1,2,1,0.0,4,0.8,5,0,70.9,1
MEM-0065,PROF-014,Cloud / DevOps,Master 1,1,3,0,0.0,5,0.86,10,0,52.54,1
MEM-0065,PROF-015,Cloud / DevOps,Master 1,1,1,0,0.0,3,0.71,2,0,40.46,0
MEM-0066,PROF-001,Cloud / DevOps,Licence 3,2,3,0,0.0,5,0.88,10,0,53.99,1
MEM-0066,PROF-002,Cloud / DevOps,Licence 3,2,4,0,0.0,6,0.92,18,0,60.58,1
MEM-0066,PROF-003,Cloud / DevOps,Licence 3,2,2,0,0.5,2,0.79,5,0,34.4,0
MEM-0066,PROF-004,Cloud / DevOps,Licence 3,2,3,1,0.2,4,0.85,10,0,71.86,1
MEM-0066,PROF-005,Cloud / DevOps,Licence 3,2,1,1,0.0,3,0.75,2,0,63.7,1
MEM-0066,PROF-006,Cloud / DevOps,Licence 3,2,2,0,0.25,3,0.82,5,0,42.07,0
MEM-0066,PROF-007,Cloud / DevOps,Licence 3,2,4,0,0.833,1,0.91,18,0,30.88,0
MEM-0066,PROF-008,Cloud / DevOps,Licence 3,2,3,0,0.0,5,0.84,10,0,51.81,1
MEM-0066,PROF-009,Cloud / DevOps,Licence 3,2,2,0,0.0,4,0.77,5,0,45.27,0
MEM-0066,PROF-010,Cloud / DevOps,Licence 3,2,1,0,0.667,1,0.72,2,0,21.67,0
MEM-0066,PROF-011,Cloud / DevOps,Licence 3,2,3,2,0.6,2,0.87,10,0,75.91,1
MEM-0066,PROF-012,Cloud / DevOps,Licence 3,2,4,0,0.0,6,0.93,18,0,56.49,1
MEM-0066,PROF-013,Cloud / DevOps,Licence 3,2,2,1,0.0,4,0.8,5,0,72.56,1
MEM-0066,PROF-014,Cloud / DevOps,Licence 3,2,3,0,0.0,5,0.86,10,0,52.21,1
MEM-0066,PROF-015,Cloud / DevOps,Licence 3,2,1,0,0.0,3,0.71,2,0,41.13,0
MEM-0067,PROF-001,IA / Machine Learning,Master 1,2,3,2,0.0,5,0.88,10,0,95.93,1
MEM-0067,PROF-002,IA / Machine Learning,Master 1,2,4,0,0.0,6,0.92,18,0,60.23,1
MEM-0067,PROF-003,IA / Machine Learning,Master 1,2,2,0,0.5,2,0.79,5,0,31.1,0
MEM-0067,PROF-004,IA / Machine Learning,Master 1,2,3,0,0.2,4,0.85,10,0,50.2,1
MEM-0067,PROF-005,IA / Machine Learning,Master 1,2,1,2,0.0,3,0.75,2,0,81.68,1
MEM-0067,PROF-006,IA / Machine Learning,Master 1,2,2,0,0.25,3,0.82,5,0,40.43,0
MEM-0067,PROF-007,IA / Machine Learning,Master 1,2,4,0,0.833,1,0.91,18,0,34.28,0
MEM-0067,PROF-008,IA / Machine Learning,Master 1,2,3,0,0.0,5,0.84,10,0,52.61,1
MEM-0067,PROF-009,IA / Machine Learning,Master 1,2,2,0,0.0,4,0.77,5,0,49.3,0
MEM-0067,PROF-010,IA / Machine Learning,Master 1,2,1,2,0.667,1,0.72,2,0,60.5,1
MEM-0067,PROF-011,IA / Machine Learning,Master 1,2,3,0,0.6,2,0.87,10,0,34.92,0
MEM-0067,PROF-012,IA / Machine Learning,Master 1,2,4,0,0.0,6,0.93,18,0,60.97,1
MEM-0067,PROF-013,IA / Machine Learning,Master 1,2,2,0,0.0,4,0.8,5,0,49.89,0
MEM-0067,PROF-014,IA / Machine Learning,Master 1,2,3,0,0.0,5,0.86,10,0,50.41,1
MEM-0067,PROF-015,IA / Machine Learning,Master 1,2,1,1,0.0,3,0.71,2,0,66.53,1
MEM-0068,PROF-001,Mobile,Master 2,3,3,0,0.0,5,0.88,10,0,50.43,1
MEM-0068,PROF-002,Mobile,Master 2,3,4,0,0.0,6,0.92,18,0,60.05,1
MEM-0068,PROF-003,Mobile,Master 2,3,2,1,0.5,2,0.79,5,0,61.8,1
MEM-0068,PROF-004,Mobile,Master 2,3,3,0,0.2,4,0.85,10,0,47.89,0
MEM-0068,PROF-005,Mobile,Master 2,3,1,0,0.0,3,0.75,2,0,41.91,0
MEM-0068,PROF-006,Mobile,Master 2,3,2,0,0.25,3,0.82,5,0,41.48,0
MEM-0068,PROF-007,Mobile,Master 2,3,4,0,0.833,1,0.91,18,0,36.16,0
MEM-0068,PROF-008,Mobile,Master 2,3,3,2,0.0,5,0.84,10,0,91.92,1
MEM-0068,PROF-009,Mobile,Master 2,3,2,0,0.0,4,0.77,5,0,48.2,0
MEM-0068,PROF-010,Mobile,Master 2,3,1,0,0.667,1,0.72,2,0,21.87,0
MEM-0068,PROF-011,Mobile,Master 2,3,3,0,0.6,2,0.87,10,0,30.36,0
MEM-0068,PROF-012,Mobile,Master 2,3,4,1,0.0,6,0.93,18,0,84.74,1
MEM-0068,PROF-013,Mobile,Master 2,3,2,0,0.0,4,0.8,5,0,46.01,0
MEM-0068,PROF-014,Mobile,Master 2,3,3,0,0.0,5,0.86,10,0,51.88,1
MEM-0068,PROF-015,Mobile,Master 2,3,1,2,0.0,3,0.71,2,0,81.0,1
MEM-0069,PROF-001,Bases de données,Licence 3,2,3,1,0.0,5,0.88,10,0,77.52,1
MEM-0069,PROF-002,Bases de données,Licence 3,2,4,0,0.0,6,0.92,18,0,57.31,1
MEM-0069,PROF-003,Bases de données,Licence 3,2,2,0,0.5,2,0.79,5,0,35.96,0
MEM-0069,PROF-004,Bases de données,Licence 3,2,3,0,0.2,4,0.85,10,0,50.54,1
MEM-0069,PROF-005,Bases de données,Licence 3,2,1,0,0.0,3,0.75,2,0,41.87,0
MEM-0069,PROF-006,Bases de données,Licence 3,2,2,0,0.25,3,0.82,5,0,40.2,0
MEM-0069,PROF-007,Bases de données,Licence 3,2,4,2,0.833,1,0.91,18,0,71.14,1
MEM-0069,PROF-008,Bases de données,Licence 3,2,3,0,0.0,5,0.84,10,0,53.58,1
MEM-0069,PROF-009,Bases de données,Licence 3,2,2,0,0.0,4,0.77,5,0,49.05,0
MEM-0069,PROF-010,Bases de données,Licence 3,2,1,1,0.667,1,0.72,2,0,44.66,0
MEM-0069,PROF-011,Bases de données,Licence 3,2,3,0,0.6,2,0.87,10,0,33.99,0
MEM-0069,PROF-012,Bases de données,Licence 3,2,4,0,0.0,6,0.93,18,0,59.92,1
MEM-0069,PROF-013,Bases de données,Licence 3,2,2,0,0.0,4,0.8,5,0,44.77,0
MEM-0069,PROF-014,Bases de données,Licence 3,2,3,0,0.0,5,0.86,10,0,54.15,1
MEM-0069,PROF-015,Bases de données,Licence 3,2,1,0,0.0,3,0.71,2,0,38.16,0
MEM-0070,PROF-001,Réseaux,Master 2,3,3,0,0.0,5,0.88,10,0,53.55,1
MEM-0070,PROF-002,Réseaux,Master 2,3,4,1,0.0,6,0.92,18,0,84.66,1
MEM-0070,PROF-003,Réseaux,Master 2,3,2,0,0.5,2,0.79,5,0,32.82,0
MEM-0070,PROF-004,Réseaux,Master 2,3,3,0,0.2,4,0.85,10,0,45.52,0
MEM-0070,PROF-005,Réseaux,Master 2,3,1,0,0.0,3,0.75,2,0,42.47,0
MEM-0070,PROF-006,Réseaux,Master 2,3,2,2,0.25,3,0.82,5,0,84.98,1
MEM-0070,PROF-007,Réseaux,Master 2,3,4,0,0.833,1,0.91,18,0,36.63,0
MEM-0070,PROF-008,Réseaux,Master 2,3,3,0,0.0,5,0.84,10,0,55.07,1
MEM-0070,PROF-009,Réseaux,Master 2,3,2,1,0.0,4,0.77,5,0,69.11,1
MEM-0070,PROF-010,Réseaux,Master 2,3,1,0,0.667,1,0.72,2,0,21.82,0
MEM-0070,PROF-011,Réseaux,Master 2,3,3,0,0.6,2,0.87,10,0,33.1,0
MEM-0070,PROF-012,Réseaux,Master 2,3,4,0,0.0,6,0.93,18,0,56.06,1
MEM-0070,PROF-013,Réseaux,Master 2,3,2,2,0.0,4,0.8,5,0,85.85,1
MEM-0070,PROF-014,Réseaux,Master 2,3,3,0,0.0,5,0.86,10,0,55.61,1
MEM-0070,PROF-015,Réseaux,Master 2,3,1,0,0.0,3,0.71,2,0,39.7,0
MEM-0071,PROF-001,IA / Machine Learning,Licence 3,1,3,2,0.0,5,0.88,10,0,94.8,1
MEM-0071,PROF-002,IA / Machine Learning,Licence 3,1,4,0,0.0,6,0.92,18,0,56.95,1
MEM-0071,PROF-003,IA / Machine Learning,Licence 3,1,2,0,0.5,2,0.79,5,0,36.85,0
MEM-0071,PROF-004,IA / Machine Learning,Licence 3,1,3,0,0.2,4,0.85,10,0,45.68,0
MEM-0071,PROF-005,IA / Machine Learning,Licence 3,1,1,2,0.0,3,0.75,2,0,80.02,1
MEM-0071,PROF-006,IA / Machine Learning,Licence 3,1,2,0,0.25,3,0.82,5,0,44.03,0
MEM-0071,PROF-007,IA / Machine Learning,Licence 3,1,4,0,0.833,1,0.91,18,0,33.7,0
MEM-0071,PROF-008,IA / Machine Learning,Licence 3,1,3,0,0.0,5,0.84,10,0,52.84,1
MEM-0071,PROF-009,IA / Machine Learning,Licence 3,1,2,0,0.0,4,0.77,5,0,47.98,0
MEM-0071,PROF-010,IA / Machine Learning,Licence 3,1,1,2,0.667,1,0.72,2,0,60.96,1
MEM-0071,PROF-011,IA / Machine Learning,Licence 3,1,3,0,0.6,2,0.87,10,0,34.02,0
MEM-0071,PROF-012,IA / Machine Learning,Licence 3,1,4,0,0.0,6,0.93,18,0,61.21,1
MEM-0071,PROF-013,IA / Machine Learning,Licence 3,1,2,0,0.0,4,0.8,5,0,47.71,0
MEM-0071,PROF-014,IA / Machine Learning,Licence 3,1,3,0,0.0,5,0.86,10,0,53.48,1
MEM-0071,PROF-015,IA / Machine Learning,Licence 3,1,1,1,0.0,3,0.71,2,0,63.58,1
MEM-0072,PROF-001,Bases de données,Master 2,1,3,1,0.0,5,0.88,10,0,76.29,1
MEM-0072,PROF-002,Bases de données,Master 2,1,4,0,0.0,6,0.92,18,0,59.96,1
MEM-0072,PROF-003,Bases de données,Master 2,1,2,0,0.5,2,0.79,5,0,34.6,0
MEM-0072,PROF-004,Bases de données,Master 2,1,3,0,0.2,4,0.85,10,0,50.17,1
MEM-0072,PROF-005,Bases de données,Master 2,1,1,0,0.0,3,0.75,2,0,42.58,0
MEM-0072,PROF-006,Bases de données,Master 2,1,2,0,0.25,3,0.82,5,0,39.56,0
MEM-0072,PROF-007,Bases de données,Master 2,1,4,2,0.833,1,0.91,18,0,72.84,1
MEM-0072,PROF-008,Bases de données,Master 2,1,3,0,0.0,5,0.84,10,0,53.92,1
MEM-0072,PROF-009,Bases de données,Master 2,1,2,0,0.0,4,0.77,5,0,49.37,0
MEM-0072,PROF-010,Bases de données,Master 2,1,1,1,0.667,1,0.72,2,0,46.46,0
MEM-0072,PROF-011,Bases de données,Master 2,1,3,0,0.6,2,0.87,10,0,34.56,0
MEM-0072,PROF-012,Bases de données,Master 2,1,4,0,0.0,6,0.93,18,0,60.65,1
MEM-0072,PROF-013,Bases de données,Master 2,1,2,0,0.0,4,0.8,5,0,45.4,0
MEM-0072,PROF-014,Bases de données,Master 2,1,3,0,0.0,5,0.86,10,0,51.34,1
MEM-0072,PROF-015,Bases de données,Master 2,1,1,0,0.0,3,0.71,2,0,43.44,0
MEM-0073,PROF-001,IA / Machine Learning,Licence 3,1,3,2,0.0,5,0.88,10,0,94.91,1
MEM-0073,PROF-002,IA / Machine Learning,Licence 3,1,4,0,0.0,6,0.92,18,1,0.0,0
MEM-0073,PROF-003,IA / Machine Learning,Licence 3,1,2,0,0.5,2,0.79,5,0,32.01,0
MEM-0073,PROF-004,IA / Machine Learning,Licence 3,1,3,0,0.2,4,0.85,10,0,48.82,0
MEM-0073,PROF-005,IA / Machine Learning,Licence 3,1,1,2,0.0,3,0.75,2,0,81.67,1
MEM-0073,PROF-006,IA / Machine Learning,Licence 3,1,2,0,0.25,3,0.82,5,0,41.94,0
MEM-0073,PROF-007,IA / Machine Learning,Licence 3,1,4,0,0.833,1,0.91,18,0,35.27,0
MEM-0073,PROF-008,IA / Machine Learning,Licence 3,1,3,0,0.0,5,0.84,10,0,54.27,1
MEM-0073,PROF-009,IA / Machine Learning,Licence 3,1,2,0,0.0,4,0.77,5,0,46.57,0
MEM-0073,PROF-010,IA / Machine Learning,Licence 3,1,1,2,0.667,1,0.72,2,0,60.31,1
MEM-0073,PROF-011,IA / Machine Learning,Licence 3,1,3,0,0.6,2,0.87,10,0,31.02,0
MEM-0073,PROF-012,IA / Machine Learning,Licence 3,1,4,0,0.0,6,0.93,18,0,57.15,1
MEM-0073,PROF-013,IA / Machine Learning,Licence 3,1,2,0,0.0,4,0.8,5,0,47.63,0
MEM-0073,PROF-014,IA / Machine Learning,Licence 3,1,3,0,0.0,5,0.86,10,0,55.14,1
MEM-0073,PROF-015,IA / Machine Learning,Licence 3,1,1,1,0.0,3,0.71,2,0,62.96,1
MEM-0074,PROF-001,Développement Web,Master 1,1,3,0,0.0,5,0.88,10,0,53.08,1
MEM-0074,PROF-002,Développement Web,Master 1,1,4,0,0.0,6,0.92,18,0,58.03,1
MEM-0074,PROF-003,Développement Web,Master 1,1,2,2,0.5,2,0.79,5,0,76.46,1
MEM-0074,PROF-004,Développement Web,Master 1,1,3,0,0.2,4,0.85,10,0,49.02,0
MEM-0074,PROF-005,Développement Web,Master 1,1,1,0,0.0,3,0.75,2,0,41.35,0
MEM-0074,PROF-006,Développement Web,Master 1,1,2,0,0.25,3,0.82,5,0,40.05,0
MEM-0074,PROF-007,Développement Web,Master 1,1,4,1,0.833,1,0.91,18,0,56.15,1
MEM-0074,PROF-008,Développement Web,Master 1,1,3,1,0.0,5,0.84,10,0,75.56,1
MEM-0074,PROF-009,Développement Web,Master 1,1,2,0,0.0,4,0.77,5,0,46.25,0
MEM-0074,PROF-010,Développement Web,Master 1,1,1,0,0.667,1,0.72,2,0,20.88,0
MEM-0074,PROF-011,Développement Web,Master 1,1,3,0,0.6,2,0.87,10,0,35.04,0
MEM-0074,PROF-012,Développement Web,Master 1,1,4,2,0.0,6,0.93,18,0,96.5,1
MEM-0074,PROF-013,Développement Web,Master 1,1,2,0,0.0,4,0.8,5,0,49.46,0
MEM-0074,PROF-014,Développement Web,Master 1,1,3,0,0.0,5,0.86,10,0,54.8,1
MEM-0074,PROF-015,Développement Web,Master 1,1,1,0,0.0,3,0.71,2,0,42.96,0
MEM-0075,PROF-001,Réseaux,Master 2,1,3,0,0.0,5,0.88,10,0,55.78,1
MEM-0075,PROF-002,Réseaux,Master 2,1,4,1,0.0,6,0.92,18,0,83.29,1
MEM-0075,PROF-003,Réseaux,Master 2,1,2,0,0.5,2,0.79,5,0,33.23,0
MEM-0075,PROF-004,Réseaux,Master 2,1,3,0,0.2,4,0.85,10,0,46.99,0
MEM-0075,PROF-005,Réseaux,Master 2,1,1,0,0.0,3,0.75,2,0,40.57,0
MEM-0075,PROF-006,Réseaux,Master 2,1,2,2,0.25,3,0.82,5,0,79.79,1
MEM-0075,PROF-007,Réseaux,Master 2,1,4,0,0.833,1,0.91,18,0,32.0,0
MEM-0075,PROF-008,Réseaux,Master 2,1,3,0,0.0,5,0.84,10,0,51.51,1
MEM-0075,PROF-009,Réseaux,Master 2,1,2,1,0.0,4,0.77,5,0,69.14,1
MEM-0075,PROF-010,Réseaux,Master 2,1,1,0,0.667,1,0.72,2,0,22.09,0
MEM-0075,PROF-011,Réseaux,Master 2,1,3,0,0.6,2,0.87,10,0,32.06,0
MEM-0075,PROF-012,Réseaux,Master 2,1,4,0,0.0,6,0.93,18,0,56.83,1
MEM-0075,PROF-013,Réseaux,Master 2,1,2,2,0.0,4,0.8,5,0,84.23,1
MEM-0075,PROF-014,Réseaux,Master 2,1,3,0,0.0,5,0.86,10,0,55.4,1
MEM-0075,PROF-015,Réseaux,Master 2,1,1,0,0.0,3,0.71,2,0,40.48,0
MEM-0076,PROF-001,Développement Web,Master 2,3,3,0,0.0,5,0.88,10,0,55.19,1
MEM-0076,PROF-002,Développement Web,Master 2,3,4,0,0.0,6,0.92,18,0,60.35,1
MEM-0076,PROF-003,Développement Web,Master 2,3,2,2,0.5,2,0.79,5,0,73.66,1
MEM-0076,PROF-004,Développement Web,Master 2,3,3,0,0.2,4,0.85,10,0,48.44,0
MEM-0076,PROF-005,Développement Web,Master 2,3,1,0,0.0,3,0.75,2,0,43.69,0
MEM-0076,PROF-006,Développement Web,Master 2,3,2,0,0.25,3,0.82,5,0,39.41,0
MEM-0076,PROF-007,Développement Web,Master 2,3,4,1,0.833,1,0.91,18,0,56.94,1
MEM-0076,PROF-008,Développement Web,Master 2,3,3,1,0.0,5,0.84,10,0,75.5,1
MEM-0076,PROF-009,Développement Web,Master 2,3,2,0,0.0,4,0.77,5,0,49.19,0
MEM-0076,PROF-010,Développement Web,Master 2,3,1,0,0.667,1,0.72,2,0,21.45,0
MEM-0076,PROF-011,Développement Web,Master 2,3,3,0,0.6,2,0.87,10,0,32.59,0
MEM-0076,PROF-012,Développement Web,Master 2,3,4,2,0.0,6,0.93,18,0,100.0,1
MEM-0076,PROF-013,Développement Web,Master 2,3,2,0,0.0,4,0.8,5,0,45.43,0
MEM-0076,PROF-014,Développement Web,Master 2,3,3,0,0.0,5,0.86,10,0,50.63,1
MEM-0076,PROF-015,Développement Web,Master 2,3,1,0,0.0,3,0.71,2,0,39.08,0
MEM-0077,PROF-001,Systèmes Embarqués,Licence 3,3,3,0,0.0,5,0.88,10,0,54.03,1
MEM-0077,PROF-002,Systèmes Embarqués,Licence 3,3,4,0,0.0,6,0.92,18,0,59.54,1
MEM-0077,PROF-003,Systèmes Embarqués,Licence 3,3,2,0,0.5,2,0.79,5,0,31.23,0
MEM-0077,PROF-004,Systèmes Embarqués,Licence 3,3,3,2,0.2,4,0.85,10,0,89.77,1
MEM-0077,PROF-005,Systèmes Embarqués,Licence 3,3,1,0,0.0,3,0.75,2,0,41.25,0
MEM-0077,PROF-006,Systèmes Embarqués,Licence 3,3,2,0,0.25,3,0.82,5,0,42.52,0
MEM-0077,PROF-007,Systèmes Embarqués,Licence 3,3,4,0,0.833,1,0.91,18,0,34.44,0
MEM-0077,PROF-008,Systèmes Embarqués,Licence 3,3,3,0,0.0,5,0.84,10,0,53.05,1
MEM-0077,PROF-009,Systèmes Embarqués,Licence 3,3,2,2,0.0,4,0.77,5,0,87.86,1
MEM-0077,PROF-010,Systèmes Embarqués,Licence 3,3,1,0,0.667,1,0.72,2,0,19.55,0
MEM-0077,PROF-011,Systèmes Embarqués,Licence 3,3,3,0,0.6,2,0.87,10,0,30.06,0
MEM-0077,PROF-012,Systèmes Embarqués,Licence 3,3,4,0,0.0,6,0.93,18,0,58.07,1
MEM-0077,PROF-013,Systèmes Embarqués,Licence 3,3,2,0,0.0,4,0.8,5,0,47.42,0
MEM-0077,PROF-014,Systèmes Embarqués,Licence 3,3,3,1,0.0,5,0.86,10,0,76.02,1
MEM-0077,PROF-015,Systèmes Embarqués,Licence 3,3,1,0,0.0,3,0.71,2,0,41.66,0
MEM-0078,PROF-001,Systèmes Embarqués,Master 1,2,3,0,0.0,5,0.88,10,0,53.34,1
MEM-0078,PROF-002,Systèmes Embarqués,Master 1,2,4,0,0.0,6,0.92,18,0,57.96,1
MEM-0078,PROF-003,Systèmes Embarqués,Master 1,2,2,0,0.5,2,0.79,5,0,36.57,0
MEM-0078,PROF-004,Systèmes Embarqués,Master 1,2,3,2,0.2,4,0.85,10,0,88.01,1
MEM-0078,PROF-005,Systèmes Embarqués,Master 1,2,1,0,0.0,3,0.75,2,0,42.97,0
MEM-0078,PROF-006,Systèmes Embarqués,Master 1,2,2,0,0.25,3,0.82,5,0,42.35,0
MEM-0078,PROF-007,Systèmes Embarqués,Master 1,2,4,0,0.833,1,0.91,18,0,30.77,0
MEM-0078,PROF-008,Systèmes Embarqués,Master 1,2,3,0,0.0,5,0.84,10,0,54.84,1
MEM-0078,PROF-009,Systèmes Embarqués,Master 1,2,2,2,0.0,4,0.77,5,0,83.81,1
MEM-0078,PROF-010,Systèmes Embarqués,Master 1,2,1,0,0.667,1,0.72,2,0,20.12,0
MEM-0078,PROF-011,Systèmes Embarqués,Master 1,2,3,0,0.6,2,0.87,10,0,32.29,0
MEM-0078,PROF-012,Systèmes Embarqués,Master 1,2,4,0,0.0,6,0.93,18,0,60.43,1
MEM-0078,PROF-013,Systèmes Embarqués,Master 1,2,2,0,0.0,4,0.8,5,0,46.14,0
MEM-0078,PROF-014,Systèmes Embarqués,Master 1,2,3,1,0.0,5,0.86,10,0,75.31,1
MEM-0078,PROF-015,Systèmes Embarqués,Master 1,2,1,0,0.0,3,0.71,2,0,39.1,0
MEM-0079,PROF-001,Cybersécurité,Master 2,2,3,0,0.0,5,0.88,10,0,54.14,1
MEM-0079,PROF-002,Cybersécurité,Master 2,2,4,2,0.0,6,0.92,18,0,96.42,1
MEM-0079,PROF-003,Cybersécurité,Master 2,2,2,0,0.5,2,0.79,5,0,34.34,0
MEM-0079,PROF-004,Cybersécurité,Master 2,2,3,0,0.2,4,0.85,10,0,49.29,0
MEM-0079,PROF-005,Cybersécurité,Master 2,2,1,0,0.0,3,0.75,2,0,39.05,0
MEM-0079,PROF-006,Cybersécurité,Master 2,2,2,1,0.25,3,0.82,5,0,66.41,1
MEM-0079,PROF-007,Cybersécurité,Master 2,2,4,0,0.833,1,0.91,18,0,32.68,0
MEM-0079,PROF-008,Cybersécurité,Master 2,2,3,0,0.0,5,0.84,10,0,53.46,1
MEM-0079,PROF-009,Cybersécurité,Master 2,2,2,0,0.0,4,0.77,5,0,48.53,0
MEM-0079,PROF-010,Cybersécurité,Master 2,2,1,0,0.667,1,0.72,2,0,21.91,0
MEM-0079,PROF-011,Cybersécurité,Master 2,2,3,1,0.6,2,0.87,10,0,60.93,1
MEM-0079,PROF-012,Cybersécurité,Master 2,2,4,0,0.0,6,0.93,18,0,58.82,1
MEM-0079,PROF-013,Cybersécurité,Master 2,2,2,0,0.0,4,0.8,5,0,45.09,0
MEM-0079,PROF-014,Cybersécurité,Master 2,2,3,2,0.0,5,0.86,10,0,90.71,1
MEM-0079,PROF-015,Cybersécurité,Master 2,2,1,0,0.0,3,0.71,2,0,41.95,0
MEM-0080,PROF-001,Bases de données,Licence 3,1,3,1,0.0,5,0.88,10,0,80.86,1
MEM-0080,PROF-002,Bases de données,Licence 3,1,4,0,0.0,6,0.92,18,0,56.02,1
MEM-0080,PROF-003,Bases de données,Licence 3,1,2,0,0.5,2,0.79,5,0,32.06,0
MEM-0080,PROF-004,Bases de données,Licence 3,1,3,0,0.2,4,0.85,10,0,49.5,0
MEM-0080,PROF-005,Bases de données,Licence 3,1,1,0,0.0,3,0.75,2,0,43.56,0
MEM-0080,PROF-006,Bases de données,Licence 3,1,2,0,0.25,3,0.82,5,0,41.19,0
MEM-0080,PROF-007,Bases de données,Licence 3,1,4,2,0.833,1,0.91,18,0,72.51,1
MEM-0080,PROF-008,Bases de données,Licence 3,1,3,0,0.0,5,0.84,10,0,51.99,1
MEM-0080,PROF-009,Bases de données,Licence 3,1,2,0,0.0,4,0.77,5,0,48.44,0
MEM-0080,PROF-010,Bases de données,Licence 3,1,1,1,0.667,1,0.72,2,0,45.64,0
MEM-0080,PROF-011,Bases de données,Licence 3,1,3,0,0.6,2,0.87,10,0,30.27,0
MEM-0080,PROF-012,Bases de données,Licence 3,1,4,0,0.0,6,0.93,18,0,59.83,1
MEM-0080,PROF-013,Bases de données,Licence 3,1,2,0,0.0,4,0.8,5,0,45.72,0
MEM-0080,PROF-014,Bases de données,Licence 3,1,3,0,0.0,5,0.86,10,0,55.07,1
MEM-0080,PROF-015,Bases de données,Licence 3,1,1,0,0.0,3,0.71,2,0,37.94,0
