id_memoire,version,id_soumission,score_qualite,statut,nb_corr_ouvertes
MEM-0164,1,SUB-0001,31.0,REJETEE,5
MEM-0164,2,SUB-0750,73.18,CORRECTIONS_REQUISES,0
MEM-0164,3,SUB-0077,66.39,REJETEE,4
MEM-0164,5,SUB-0385,63.84,VALIDEE,0
MEM-0060,1,SUB-0005,45.21,REJETEE,9
MEM-0060,1,SUB-0183,58.29,CORRECTIONS_REQUISES,2
MEM-0060,1,SUB-0240,67.74,REJETEE,15
MEM-0060,1,SUB-0475,31.48,REJETEE,20
MEM-0060,1,SUB-0676,54.65,REJETEE,6
MEM-0060,2,SUB-0402,61.82,REJETEE,0
MEM-0060,2,SUB-0702,45.98,CORRECTIONS_REQUISES,0
MEM-0060,3,SUB-0395,70.1,REJETEE,2
MEM-0060,5,SUB-0002,86.29,VALIDEE,0
MEM-0041,1,SUB-0259,34.05,REJETEE,3
MEM-0041,4,SUB-0140,68.16,CORRECTIONS_REQUISES,1
MEM-0041,4,SUB-0284,91.46,REJETEE,0
MEM-0041,6,SUB-0003,74.41,REJETEE,0
MEM-0187,1,SUB-0254,67.95,VALIDEE,0
MEM-0187,2,SUB-0203,50.02,CORRECTIONS_REQUISES,0
MEM-0187,3,SUB-0722,74.08,REJETEE,0
MEM-0187,4,SUB-0004,86.72,VALIDEE,3
MEM-0187,4,SUB-0504,55.58,REJETEE,6
MEM-0187,4,SUB-0508,60.44,REJETEE,0
MEM-0187,6,SUB-0338,100.0,REJETEE,0
MEM-0044,3,SUB-0214,80.43,REJETEE,8
MEM-0044,3,SUB-0659,77.78,REJETEE,0
MEM-0044,4,SUB-0258,47.46,REJETEE,0
MEM-0044,4,SUB-0716,95.85,REJETEE,0
MEM-0044,5,SUB-0006,77.05,VALIDEE,0
MEM-0146,4,SUB-0455,70.25,REJETEE,1
MEM-0146,6,SUB-0007,87.08,VALIDEE,0
MEM-0146,6,SUB-0296,90.04,REJETEE,0
MEM-0146,6,SUB-0533,89.54,VALIDEE,0
MEM-0103,3,SUB-0008,62.73,REJETEE,3
MEM-0103,3,SUB-0361,64.31,REJETEE,2
MEM-0103,4,SUB-0584,79.1,REJETEE,5
MEM-0103,5,SUB-0348,78.56,REJETEE,7
MEM-0103,5,SUB-0661,93.23,REJETEE,3
MEM-0103,6,SUB-0013,90.71,VALIDEE,0
MEM-0153,1,SUB-0393,50.7,REJETEE,9
MEM-0153,2,SUB-0768,37.49,REJETEE,0
MEM-0153,4,SUB-0009,86.38,VALIDEE,0
MEM-0153,5,SUB-0092,72.0,REJETEE,1
MEM-0153,6,SUB-0061,100.0,REJETEE,0
MEM-0196,2,SUB-0010,54.26,REJETEE,8
MEM-0196,3,SUB-0096,73.49,CORRECTIONS_REQUISES,2
MEM-0196,3,SUB-0100,49.74,REJETEE,3
MEM-0196,4,SUB-0623,81.78,CORRECTIONS_REQUISES,1
MEM-0196,4,SUB-0780,68.8,REJETEE,0
MEM-0196,5,SUB-0042,57.43,REJETEE,0
MEM-0196,5,SUB-0592,93.27,VALIDEE,0
MEM-0196,6,SUB-0063,100.0,REJETEE,0
MEM-0196,6,SUB-0528,100.0,REJETEE,2
MEM-0126,1,SUB-0011,34.47,REJETEE,6
MEM-0126,2,SUB-0260,35.21,REJETEE,0
MEM-0126,2,SUB-0375,47.2,REJETEE,14
MEM-0126,3,SUB-0209,47.27,REJETEE,8
MEM-0126,4,SUB-0053,73.23,CORRECTIONS_REQUISES,0
MEM-0126,4,SUB-0573,93.32,REJETEE,8
MEM-0137,2,SUB-0012,42.41,REJETEE,12
MEM-0137,2,SUB-0285,70.78,REJETEE,4
MEM-0137,5,SUB-0612,76.02,REJETEE,3
MEM-0182,1,SUB-0133,52.0,REJETEE,7
MEM-0182,1,SUB-0204,30.9,REJETEE,2
MEM-0182,2,SUB-0067,45.55,REJETEE,9
MEM-0182,3,SUB-0429,75.2,REJETEE,0
MEM-0182,4,SUB-0420,94.41,REJETEE,8
MEM-0182,5,SUB-0564,68.69,REJETEE,0
MEM-0182,5,SUB-0800,81.66,REJETEE,0
MEM-0182,6,SUB-0014,50.39,CORRECTIONS_REQUISES,0
MEM-0182,6,SUB-0308,92.01,REJETEE,0
MEM-0122,1,SUB-0585,49.79,REJETEE,4
MEM-0122,2,SUB-0603,54.17,REJETEE,7
MEM-0122,2,SUB-0710,71.86,REJETEE,3
MEM-0122,3,SUB-0593,50.55,REJETEE,1
MEM-0122,4,SUB-0015,49.23,REJETEE,2
MEM-0122,6,SUB-0289,82.41,REJETEE,5
MEM-0122,6,SUB-0698,100.0,VALIDEE,0
MEM-0016,2,SUB-0637,49.39,REJETEE,6
MEM-0016,3,SUB-0382,74.41,REJETEE,0
MEM-0016,3,SUB-0766,65.72,REJETEE,0
MEM-0016,4,SUB-0016,89.74,REJETEE,0
MEM-0016,5,SUB-0165,85.39,REJETEE,4
MEM-0016,5,SUB-0174,100.0,REJETEE,0
MEM-0016,5,SUB-0614,86.98,REJETEE,0
MEM-0114,2,SUB-0753,47.81,REJETEE,5
MEM-0114,4,SUB-0532,45.21,REJETEE,0
MEM-0114,5,SUB-0017,69.39,REJETEE,5
MEM-0114,6,SUB-0035,74.84,CORRECTIONS_REQUISES,0
MEM-0001,1,SUB-0292,56.87,REJETEE,3
MEM-0001,1,SUB-0607,51.9,VALIDEE,0
MEM-0001,2,SUB-0762,65.43,VALIDEE,0
MEM-0001,3,SUB-0703,48.12,REJETEE,3
MEM-0001,4,SUB-0018,70.78,REJETEE,3
MEM-0001,5,SUB-0032,98.41,REJETEE,0
MEM-0076,2,SUB-0019,76.96,REJETEE,14
MEM-0076,3,SUB-0457,55.21,CORRECTIONS_REQUISES,2
MEM-0076,4,SUB-0281,85.75,CORRECTIONS_REQUISES,2
MEM-0076,5,SUB-0160,75.93,CORRECTIONS_REQUISES,1
MEM-0076,5,SUB-0487,76.88,REJETEE,5
MEM-0076,6,SUB-0318,75.83,VALIDEE,0
MEM-0131,1,SUB-0020,64.05,REJETEE,0
MEM-0131,1,SUB-0444,46.23,REJETEE,1
MEM-0131,4,SUB-0166,83.59,CORRECTIONS_REQUISES,1
MEM-0131,5,SUB-0394,85.4,REJETEE,0
MEM-0131,5,SUB-0646,84.97,REJETEE,0
MEM-0131,6,SUB-0068,93.5,REJETEE,0
MEM-0149,5,SUB-0021,46.54,REJETEE,2
MEM-0149,6,SUB-0448,100.0,REJETEE,0
MEM-0193,1,SUB-0022,30.37,REJETEE,15
MEM-0193,1,SUB-0694,56.61,REJETEE,1
MEM-0193,3,SUB-0493,74.95,REJETEE,0
MEM-0193,5,SUB-0316,99.1,REJETEE,8
MEM-0193,6,SUB-0114,86.88,REJETEE,0
MEM-0063,1,SUB-0645,60.52,REJETEE,8
MEM-0063,3,SUB-0023,55.29,CORRECTIONS_REQUISES,0
MEM-0063,4,SUB-0456,82.15,VALIDEE,0
MEM-0063,4,SUB-0681,52.78,REJETEE,0
MEM-0028,2,SUB-0344,55.31,REJETEE,1
MEM-0028,2,SUB-0412,47.25,REJETEE,8
MEM-0028,4,SUB-0091,79.47,VALIDEE,0
MEM-0028,4,SUB-0144,51.5,REJETEE,1
MEM-0028,4,SUB-0304,57.96,REJETEE,8
MEM-0028,5,SUB-0267,100.0,REJETEE,3
MEM-0028,6,SUB-0024,79.38,REJETEE,3
MEM-0024,2,SUB-0568,69.35,REJETEE,0
MEM-0024,2,SUB-0726,56.77,REJETEE,2
MEM-0024,4,SUB-0064,61.92,REJETEE,0
MEM-0024,4,SUB-0341,89.73,REJETEE,8
MEM-0024,6,SUB-0025,74.39,CORRECTIONS_REQUISES,0
MEM-0177,1,SUB-0163,55.55,CORRECTIONS_REQUISES,2
MEM-0177,1,SUB-0519,33.11,REJETEE,13
MEM-0177,2,SUB-0026,62.33,REJETEE,11
MEM-0177,4,SUB-0604,79.53,REJETEE,0
MEM-0177,5,SUB-0381,75.95,REJETEE,0
MEM-0092,2,SUB-0027,66.29,VALIDEE,0
MEM-0092,2,SUB-0241,55.25,REJETEE,0
MEM-0092,4,SUB-0473,59.48,CORRECTIONS_REQUISES,0
MEM-0046,1,SUB-0233,52.11,REJETEE,7
MEM-0046,3,SUB-0647,73.96,REJETEE,2
MEM-0046,4,SUB-0028,59.88,CORRECTIONS_REQUISES,0
MEM-0046,4,SUB-0755,71.57,REJETEE,0
MEM-0118,3,SUB-0029,62.52,REJETEE,1
MEM-0118,3,SUB-0704,58.76,CORRECTIONS_REQUISES,0
MEM-0118,5,SUB-0211,99.27,VALIDEE,1
MEM-0118,5,SUB-0622,88.04,REJETEE,0
MEM-0090,3,SUB-0104,79.84,CORRECTIONS_REQUISES,0
MEM-0090,5,SUB-0439,59.84,CORRECTIONS_REQUISES,0
MEM-0090,6,SUB-0030,95.95,VALIDEE,1
MEM-0089,1,SUB-0190,33.91,REJETEE,1
MEM-0089,1,SUB-0364,46.47,REJETEE,13
MEM-0089,1,SUB-0540,56.06,REJETEE,3
MEM-0089,1,SUB-0597,63.08,REJETEE,15
MEM-0089,2,SUB-0154,47.21,REJETEE,0
MEM-0089,3,SUB-0507,56.34,REJETEE,10
MEM-0089,4,SUB-0496,72.67,REJETEE,0
MEM-0089,5,SUB-0137,100.0,VALIDEE,0
MEM-0089,5,SUB-0263,85.79,REJETEE,0
MEM-0089,6,SUB-0031,96.09,REJETEE,1
MEM-0089,6,SUB-0662,100.0,REJETEE,0
MEM-0185,1,SUB-0149,53.34,REJETEE,1
MEM-0185,2,SUB-0664,73.05,REJETEE,13
MEM-0185,3,SUB-0033,68.29,CORRECTIONS_REQUISES,1
MEM-0185,5,SUB-0182,94.54,VALIDEE,0
MEM-0078,1,SUB-0196,67.95,REJETEE,7
MEM-0078,4,SUB-0034,60.93,REJETEE,0
MEM-0078,5,SUB-0580,96.73,VALIDEE,0
MEM-0012,1,SUB-0642,37.96,CORRECTIONS_REQUISES,3
MEM-0012,2,SUB-0036,77.86,REJETEE,0
MEM-0012,2,SUB-0620,67.64,REJETEE,6
MEM-0012,4,SUB-0671,81.52,REJETEE,1
MEM-0012,6,SUB-0090,100.0,VALIDEE,0
MEM-0012,6,SUB-0437,100.0,VALIDEE,0
MEM-0127,1,SUB-0072,35.05,REJETEE,9
MEM-0127,1,SUB-0567,47.66,REJETEE,2
MEM-0127,2,SUB-0640,75.55,REJETEE,1
MEM-0127,2,SUB-0754,58.72,REJETEE,2
MEM-0127,4,SUB-0037,66.47,REJETEE,0
MEM-0013,2,SUB-0120,56.94,REJETEE,10
MEM-0013,2,SUB-0274,74.17,REJETEE,2
MEM-0013,2,SUB-0742,35.1,REJETEE,4
MEM-0013,4,SUB-0558,79.93,REJETEE,0
MEM-0013,5,SUB-0038,82.51,REJETEE,2
MEM-0013,5,SUB-0399,61.03,REJETEE,1
MEM-0013,6,SUB-0242,93.86,REJETEE,0
MEM-0157,2,SUB-0109,55.82,REJETEE,3
MEM-0157,4,SUB-0207,71.87,CORRECTIONS_REQUISES,1
MEM-0157,5,SUB-0591,100.0,CORRECTIONS_REQUISES,5
MEM-0157,6,SUB-0039,99.88,REJETEE,1
MEM-0197,4,SUB-0569,90.04,REJETEE,0
MEM-0197,5,SUB-0040,70.0,CORRECTIONS_REQUISES,2
MEM-0197,6,SUB-0624,89.97,REJETEE,0
MEM-0178,1,SUB-0633,61.31,REJETEE,14
MEM-0178,2,SUB-0041,61.83,REJETEE,5
MEM-0178,2,SUB-0208,57.2,CORRECTIONS_REQUISES,0
MEM-0178,2,SUB-0605,51.51,CORRECTIONS_REQUISES,0
MEM-0178,3,SUB-0689,65.62,REJETEE,2
MEM-0178,3,SUB-0701,87.65,REJETEE,12
MEM-0178,6,SUB-0404,88.68,CORRECTIONS_REQUISES,1
MEM-0125,2,SUB-0043,48.29,REJETEE,4
MEM-0125,4,SUB-0695,85.59,VALIDEE,0
MEM-0125,5,SUB-0328,69.59,VALIDEE,0
MEM-0101,2,SUB-0330,73.96,REJETEE,5
MEM-0101,4,SUB-0202,85.79,REJETEE,5
MEM-0101,5,SUB-0044,65.55,REJETEE,2
MEM-0084,3,SUB-0045,73.27,REJETEE,3
MEM-0084,4,SUB-0198,71.43,CORRECTIONS_REQUISES,2
MEM-0084,5,SUB-0142,77.68,REJETEE,0
MEM-0084,5,SUB-0147,68.89,REJETEE,3
MEM-0167,1,SUB-0046,61.25,CORRECTIONS_REQUISES,0
MEM-0167,5,SUB-0673,59.18,REJETEE,0
MEM-0056,3,SUB-0731,90.43,REJETEE,10
MEM-0056,3,SUB-0791,47.83,REJETEE,12
MEM-0056,4,SUB-0047,87.68,VALIDEE,0
MEM-0056,4,SUB-0086,63.16,CORRECTIONS_REQUISES,2
MEM-0184,2,SUB-0048,42.26,REJETEE,10
MEM-0184,2,SUB-0121,44.66,REJETEE,5
MEM-0184,3,SUB-0469,41.44,CORRECTIONS_REQUISES,1
MEM-0184,6,SUB-0303,78.68,REJETEE,3
MEM-0018,3,SUB-0069,82.29,VALIDEE,0
MEM-0018,3,SUB-0639,52.14,REJETEE,3
MEM-0018,4,SUB-0199,69.68,REJETEE,0
MEM-0018,5,SUB-0049,68.36,VALIDEE,0
MEM-0018,5,SUB-0122,92.07,VALIDEE,0
MEM-0018,5,SUB-0447,75.66,REJETEE,0
MEM-0188,3,SUB-0461,42.93,REJETEE,0
MEM-0188,4,SUB-0253,96.61,CORRECTIONS_REQUISES,6
MEM-0188,5,SUB-0050,90.34,REJETEE,2
MEM-0188,6,SUB-0571,100.0,CORRECTIONS_REQUISES,0
MEM-0072,2,SUB-0718,65.96,REJETEE,10
MEM-0072,2,SUB-0763,45.57,REJETEE,1
MEM-0072,4,SUB-0051,61.3,VALIDEE,0
MEM-0072,6,SUB-0206,80.16,CORRECTIONS_REQUISES,0
MEM-0067,1,SUB-0244,30.87,REJETEE,6
MEM-0067,2,SUB-0556,67.94,REJETEE,5
MEM-0067,3,SUB-0052,57.92,CORRECTIONS_REQUISES,0
MEM-0067,6,SUB-0162,70.02,REJETEE,0
MEM-0117,1,SUB-0065,42.58,REJETEE,4
MEM-0117,1,SUB-0333,31.6,REJETEE,1
MEM-0117,1,SUB-0419,40.0,CORRECTIONS_REQUISES,0
MEM-0117,3,SUB-0054,52.41,CORRECTIONS_REQUISES,0
MEM-0117,3,SUB-0078,50.89,REJETEE,8
MEM-0117,3,SUB-0293,47.47,REJETEE,0
MEM-0117,3,SUB-0779,48.11,CORRECTIONS_REQUISES,0
MEM-0117,4,SUB-0443,53.04,REJETEE,1
MEM-0117,4,SUB-0792,64.93,CORRECTIONS_REQUISES,2
MEM-0050,1,SUB-0349,61.36,REJETEE,5
MEM-0050,1,SUB-0625,62.65,REJETEE,4
MEM-0050,3,SUB-0055,48.33,CORRECTIONS_REQUISES,0
MEM-0050,3,SUB-0431,85.95,REJETEE,2
MEM-0050,3,SUB-0438,52.81,REJETEE,7
MEM-0050,4,SUB-0506,68.05,REJETEE,0
MEM-0050,5,SUB-0636,65.36,REJETEE,0
MEM-0004,1,SUB-0688,60.84,REJETEE,6
MEM-0004,2,SUB-0476,66.45,CORRECTIONS_REQUISES,0
MEM-0004,4,SUB-0376,59.03,REJETEE,4
MEM-0004,5,SUB-0056,70.61,REJETEE,0
MEM-0004,6,SUB-0073,89.96,REJETEE,0
MEM-0004,6,SUB-0266,93.44,REJETEE,0
MEM-0039,2,SUB-0057,73.99,REJETEE,0
MEM-0039,6,SUB-0590,100.0,REJETEE,0
MEM-0116,1,SUB-0108,62.44,VALIDEE,0
MEM-0116,1,SUB-0216,55.35,REJETEE,1
MEM-0116,1,SUB-0474,31.48,CORRECTIONS_REQUISES,0
MEM-0116,3,SUB-0117,80.69,REJETEE,2
MEM-0116,4,SUB-0058,66.78,CORRECTIONS_REQUISES,2
MEM-0116,4,SUB-0191,63.06,VALIDEE,0
MEM-0116,4,SUB-0490,63.7,VALIDEE,0
MEM-0020,2,SUB-0059,37.16,REJETEE,1
MEM-0020,2,SUB-0313,78.11,REJETEE,0
MEM-0020,5,SUB-0239,80.37,CORRECTIONS_REQUISES,0
MEM-0020,6,SUB-0789,99.46,REJETEE,0
MEM-0068,2,SUB-0468,55.05,VALIDEE,0
MEM-0068,3,SUB-0511,89.26,REJETEE,8
MEM-0068,5,SUB-0565,100.0,REJETEE,2
MEM-0068,5,SUB-0790,100.0,VALIDEE,0
MEM-0068,6,SUB-0060,100.0,VALIDEE,0
MEM-0113,1,SUB-0062,53.92,REJETEE,1
MEM-0113,2,SUB-0335,46.83,REJETEE,4
MEM-0113,3,SUB-0502,54.48,CORRECTIONS_REQUISES,0
MEM-0113,3,SUB-0781,67.74,REJETEE,2
MEM-0113,4,SUB-0219,64.89,CORRECTIONS_REQUISES,0
MEM-0113,5,SUB-0212,66.05,REJETEE,5
MEM-0113,6,SUB-0383,83.73,REJETEE,0
MEM-0160,1,SUB-0458,41.47,REJETEE,14
MEM-0160,4,SUB-0066,84.54,REJETEE,0
MEM-0160,6,SUB-0138,96.27,CORRECTIONS_REQUISES,3
MEM-0115,1,SUB-0128,59.07,REJETEE,6
MEM-0115,1,SUB-0365,45.24,REJETEE,16
MEM-0115,1,SUB-0699,49.29,REJETEE,4
MEM-0115,2,SUB-0246,39.96,REJETEE,2
MEM-0115,5,SUB-0070,73.34,REJETEE,2
MEM-0115,5,SUB-0172,100.0,REJETEE,0
MEM-0147,1,SUB-0489,46.71,REJETEE,14
MEM-0147,2,SUB-0264,52.76,REJETEE,0
MEM-0147,4,SUB-0071,69.28,REJETEE,0
MEM-0147,4,SUB-0245,82.53,REJETEE,0
MEM-0147,6,SUB-0610,100.0,VALIDEE,0
MEM-0085,3,SUB-0299,42.02,REJETEE,8
MEM-0085,5,SUB-0427,66.1,REJETEE,0
MEM-0085,6,SUB-0074,96.47,REJETEE,0
MEM-0085,6,SUB-0148,68.13,REJETEE,0
MEM-0085,6,SUB-0336,79.92,REJETEE,0
MEM-0112,1,SUB-0075,60.41,VALIDEE,0
MEM-0112,4,SUB-0543,74.16,REJETEE,0
MEM-0096,1,SUB-0083,56.99,REJETEE,2
MEM-0096,1,SUB-0435,61.11,REJETEE,6
MEM-0096,4,SUB-0076,59.16,REJETEE,7
MEM-0096,5,SUB-0618,100.0,REJETEE,2
MEM-0006,1,SUB-0557,66.92,REJETEE,13
MEM-0006,5,SUB-0656,100.0,REJETEE,0
MEM-0006,5,SUB-0707,72.9,REJETEE,1
MEM-0006,6,SUB-0079,61.2,VALIDEE,0
MEM-0161,1,SUB-0498,41.73,REJETEE,13
MEM-0161,2,SUB-0422,38.89,REJETEE,3
MEM-0161,3,SUB-0220,78.63,CORRECTIONS_REQUISES,6
MEM-0161,3,SUB-0535,58.93,CORRECTIONS_REQUISES,2
MEM-0161,4,SUB-0492,67.19,REJETEE,10
MEM-0161,6,SUB-0080,82.06,VALIDEE,0
MEM-0070,1,SUB-0234,52.86,REJETEE,1
MEM-0070,2,SUB-0081,50.7,REJETEE,0
MEM-0070,3,SUB-0786,62.93,REJETEE,0
MEM-0143,1,SUB-0562,32.08,CORRECTIONS_REQUISES,4
MEM-0143,3,SUB-0082,46.71,VALIDEE,0
MEM-0143,5,SUB-0298,67.34,REJETEE,0
MEM-0143,6,SUB-0524,61.39,REJETEE,0
MEM-0143,6,SUB-0566,90.27,CORRECTIONS_REQUISES,0
MEM-0030,2,SUB-0084,35.15,REJETEE,11
MEM-0030,3,SUB-0536,52.48,REJETEE,0
MEM-0030,5,SUB-0352,100.0,REJETEE,4
MEM-0151,1,SUB-0537,69.43,REJETEE,7
MEM-0151,3,SUB-0286,57.51,REJETEE,1
MEM-0151,6,SUB-0085,100.0,REJETEE,5
MEM-0055,6,SUB-0087,100.0,VALIDEE,0
MEM-0055,6,SUB-0223,100.0,CORRECTIONS_REQUISES,1
MEM-0038,1,SUB-0424,56.13,CORRECTIONS_REQUISES,0
MEM-0038,2,SUB-0709,48.46,REJETEE,17
MEM-0038,4,SUB-0529,50.09,CORRECTIONS_REQUISES,5
MEM-0038,4,SUB-0740,45.1,REJETEE,0
MEM-0038,5,SUB-0088,73.02,CORRECTIONS_REQUISES,0
MEM-0038,5,SUB-0252,75.29,REJETEE,0
MEM-0038,6,SUB-0411,60.52,REJETEE,0
MEM-0038,6,SUB-0785,79.11,REJETEE,1
MEM-0005,1,SUB-0579,45.8,REJETEE,5
MEM-0005,2,SUB-0089,44.76,CORRECTIONS_REQUISES,2
MEM-0005,3,SUB-0123,73.75,REJETEE,13
MEM-0005,4,SUB-0479,42.42,REJETEE,0
MEM-0107,2,SUB-0409,59.75,REJETEE,2
MEM-0107,4,SUB-0588,56.8,CORRECTIONS_REQUISES,0
MEM-0107,5,SUB-0176,77.18,REJETEE,0
MEM-0107,6,SUB-0093,68.01,REJETEE,0
MEM-0191,6,SUB-0094,65.76,REJETEE,0
MEM-0191,6,SUB-0311,78.14,REJETEE,0
MEM-0074,5,SUB-0095,58.23,REJETEE,3
MEM-0074,6,SUB-0157,81.96,VALIDEE,1
MEM-0074,6,SUB-0310,92.79,REJETEE,0
MEM-0047,2,SUB-0097,59.26,REJETEE,1
MEM-0047,3,SUB-0723,80.44,REJETEE,3
MEM-0047,6,SUB-0113,100.0,REJETEE,0
MEM-0199,2,SUB-0213,48.03,CORRECTIONS_REQUISES,2
MEM-0199,2,SUB-0236,67.22,REJETEE,3
MEM-0199,3,SUB-0235,59.05,CORRECTIONS_REQUISES,0
MEM-0199,4,SUB-0353,90.47,VALIDEE,0
MEM-0199,5,SUB-0098,97.65,VALIDEE,0
MEM-0199,6,SUB-0217,92.47,VALIDEE,0
MEM-0194,2,SUB-0345,56.58,REJETEE,10
MEM-0194,5,SUB-0099,62.03,VALIDEE,0
MEM-0194,5,SUB-0522,68.29,REJETEE,0
MEM-0194,6,SUB-0653,74.91,CORRECTIONS_REQUISES,0
MEM-0019,1,SUB-0366,36.48,CORRECTIONS_REQUISES,0
MEM-0019,4,SUB-0101,74.61,REJETEE,0
MEM-0019,4,SUB-0145,79.81,REJETEE,0
MEM-0019,4,SUB-0485,63.87,REJETEE,3
MEM-0104,1,SUB-0102,68.65,REJETEE,5
MEM-0104,2,SUB-0544,39.27,REJETEE,2
MEM-0104,4,SUB-0451,62.11,REJETEE,0
MEM-0104,4,SUB-0503,95.33,CORRECTIONS_REQUISES,1
MEM-0104,6,SUB-0205,81.2,REJETEE,0
MEM-0135,1,SUB-0103,45.83,REJETEE,7
MEM-0135,2,SUB-0185,48.22,REJETEE,3
MEM-0135,2,SUB-0787,62.12,REJETEE,0
MEM-0135,5,SUB-0644,100.0,VALIDEE,0
MEM-0135,5,SUB-0765,100.0,VALIDEE,0
MEM-0198,2,SUB-0156,38.16,REJETEE,1
MEM-0198,2,SUB-0397,70.55,CORRECTIONS_REQUISES,0
MEM-0198,6,SUB-0105,98.71,VALIDEE,0
MEM-0198,6,SUB-0686,90.85,VALIDEE,0
MEM-0091,5,SUB-0106,61.59,CORRECTIONS_REQUISES,0
MEM-0190,1,SUB-0107,47.99,REJETEE,14
MEM-0190,2,SUB-0362,52.01,REJETEE,3
MEM-0190,2,SUB-0527,44.37,REJETEE,4
MEM-0190,3,SUB-0280,75.07,CORRECTIONS_REQUISES,0
MEM-0190,4,SUB-0271,92.79,REJETEE,0
MEM-0169,2,SUB-0724,43.81,REJETEE,5
MEM-0169,3,SUB-0796,64.54,REJETEE,4
MEM-0169,5,SUB-0110,88.93,VALIDEE,1
MEM-0169,6,SUB-0638,61.47,REJETEE,2
MEM-0097,1,SUB-0169,57.31,REJETEE,13
MEM-0097,1,SUB-0615,32.08,CORRECTIONS_REQUISES,1
MEM-0097,3,SUB-0257,59.67,CORRECTIONS_REQUISES,0
MEM-0097,4,SUB-0608,94.89,REJETEE,0
MEM-0097,6,SUB-0111,100.0,REJETEE,1
MEM-0088,4,SUB-0112,73.68,CORRECTIONS_REQUISES,0
MEM-0088,4,SUB-0287,58.46,CORRECTIONS_REQUISES,3
MEM-0088,6,SUB-0279,100.0,CORRECTIONS_REQUISES,2
MEM-0119,1,SUB-0243,62.16,CORRECTIONS_REQUISES,0
MEM-0119,1,SUB-0665,32.93,REJETEE,8
MEM-0119,3,SUB-0115,76.18,CORRECTIONS_REQUISES,5
MEM-0119,3,SUB-0488,44.29,REJETEE,1
MEM-0119,3,SUB-0654,73.31,REJETEE,0
MEM-0119,4,SUB-0432,77.62,REJETEE,3
MEM-0119,6,SUB-0783,69.7,CORRECTIONS_REQUISES,1
MEM-0133,1,SUB-0116,41.4,REJETEE,1
MEM-0133,1,SUB-0629,65.35,REJETEE,2
MEM-0133,3,SUB-0334,67.38,REJETEE,4
MEM-0133,5,SUB-0602,77.73,REJETEE,2
MEM-0183,3,SUB-0238,56.3,REJETEE,4
MEM-0183,4,SUB-0667,66.76,CORRECTIONS_REQUISES,0
MEM-0183,4,SUB-0728,87.34,REJETEE,0
MEM-0183,6,SUB-0118,64.98,REJETEE,0
MEM-0183,6,SUB-0778,69.9,CORRECTIONS_REQUISES,0
MEM-0021,1,SUB-0119,40.24,REJETEE,1
MEM-0021,3,SUB-0693,41.67,REJETEE,0
MEM-0021,4,SUB-0261,81.08,VALIDEE,0
MEM-0021,5,SUB-0228,100.0,REJETEE,0
MEM-0123,3,SUB-0161,73.56,REJETEE,5
MEM-0123,4,SUB-0727,86.55,REJETEE,7
MEM-0123,6,SUB-0124,58.36,CORRECTIONS_REQUISES,0
MEM-0140,3,SUB-0152,78.65,VALIDEE,2
MEM-0140,4,SUB-0125,69.47,CORRECTIONS_REQUISES,0
MEM-0140,4,SUB-0343,49.46,REJETEE,0
MEM-0140,5,SUB-0745,81.83,REJETEE,0
MEM-0099,1,SUB-0744,65.49,REJETEE,16
MEM-0099,3,SUB-0126,83.88,REJETEE,4
MEM-0099,4,SUB-0306,100.0,REJETEE,0
MEM-0099,4,SUB-0378,75.74,REJETEE,0
MEM-0099,4,SUB-0685,77.98,REJETEE,0
MEM-0099,6,SUB-0295,100.0,REJETEE,4
MEM-0099,6,SUB-0663,77.93,CORRECTIONS_REQUISES,0
MEM-0083,1,SUB-0127,33.2,REJETEE,2
MEM-0192,2,SUB-0464,67.67,CORRECTIONS_REQUISES,1
MEM-0192,3,SUB-0521,80.21,REJETEE,0
MEM-0192,6,SUB-0129,52.8,CORRECTIONS_REQUISES,1
MEM-0192,6,SUB-0324,96.62,VALIDEE,0
MEM-0174,4,SUB-0130,87.0,REJETEE,0
MEM-0174,4,SUB-0719,80.48,VALIDEE,0
MEM-0189,2,SUB-0131,56.44,REJETEE,13
MEM-0189,2,SUB-0346,73.13,REJETEE,1
MEM-0189,6,SUB-0151,53.7,REJETEE,0
MEM-0189,6,SUB-0332,80.49,VALIDEE,0
MEM-0052,1,SUB-0132,35.43,CORRECTIONS_REQUISES,0
MEM-0052,1,SUB-0272,39.98,CORRECTIONS_REQUISES,0
MEM-0052,1,SUB-0670,30.64,REJETEE,0
MEM-0052,2,SUB-0510,68.9,REJETEE,12
MEM-0052,2,SUB-0545,44.17,REJETEE,0
MEM-0052,4,SUB-0784,60.72,REJETEE,3
MEM-0052,5,SUB-0340,94.54,REJETEE,1
MEM-0061,1,SUB-0737,57.13,REJETEE,19
MEM-0061,2,SUB-0423,60.84,REJETEE,3
MEM-0061,4,SUB-0134,55.01,REJETEE,1
MEM-0148,1,SUB-0135,35.01,REJETEE,1
MEM-0148,4,SUB-0454,79.26,REJETEE,3
MEM-0200,5,SUB-0136,74.14,REJETEE,0
MEM-0008,1,SUB-0554,55.65,CORRECTIONS_REQUISES,2
MEM-0008,4,SUB-0139,89.29,REJETEE,7
MEM-0008,5,SUB-0408,88.09,REJETEE,0
MEM-0120,1,SUB-0141,40.7,REJETEE,3
MEM-0120,3,SUB-0276,77.93,CORRECTIONS_REQUISES,2
MEM-0120,5,SUB-0179,79.05,REJETEE,0
MEM-0130,1,SUB-0600,59.28,REJETEE,0
MEM-0130,3,SUB-0227,70.16,CORRECTIONS_REQUISES,1
MEM-0130,3,SUB-0531,72.27,REJETEE,3
MEM-0130,4,SUB-0143,83.48,REJETEE,2
MEM-0051,1,SUB-0658,66.45,REJETEE,5
MEM-0051,2,SUB-0684,69.68,REJETEE,2
MEM-0051,4,SUB-0795,86.49,REJETEE,2
MEM-0051,5,SUB-0146,80.37,REJETEE,0
MEM-0051,6,SUB-0441,100.0,REJETEE,0
MEM-0180,1,SUB-0150,37.63,REJETEE,11
MEM-0180,2,SUB-0187,43.92,REJETEE,7
MEM-0180,2,SUB-0215,49.39,REJETEE,1
MEM-0180,5,SUB-0708,62.46,VALIDEE,0
MEM-0181,1,SUB-0739,58.05,REJETEE,4
MEM-0181,2,SUB-0153,65.01,REJETEE,7
MEM-0181,3,SUB-0578,61.59,REJETEE,4
MEM-0181,5,SUB-0751,57.37,REJETEE,3
MEM-0181,6,SUB-0626,69.56,REJETEE,2
MEM-0144,1,SUB-0634,41.8,VALIDEE,0
MEM-0144,3,SUB-0450,45.47,REJETEE,0
MEM-0144,5,SUB-0400,100.0,REJETEE,0
MEM-0144,6,SUB-0155,60.78,REJETEE,2
MEM-0048,1,SUB-0641,44.51,REJETEE,0
MEM-0048,2,SUB-0692,37.0,REJETEE,1
MEM-0048,4,SUB-0193,71.93,REJETEE,4
MEM-0048,5,SUB-0315,62.91,VALIDEE,0
MEM-0048,5,SUB-0360,62.21,REJETEE,2
MEM-0048,6,SUB-0158,100.0,VALIDEE,0
MEM-0035,1,SUB-0452,32.87,REJETEE,2
MEM-0035,3,SUB-0270,82.94,REJETEE,2
MEM-0035,5,SUB-0159,67.66,REJETEE,0
MEM-0035,6,SUB-0337,100.0,VALIDEE,0
MEM-0141,4,SUB-0164,90.95,REJETEE,0
MEM-0141,4,SUB-0325,66.76,REJETEE,0
MEM-0141,4,SUB-0391,76.94,VALIDEE,1
MEM-0102,2,SUB-0358,64.16,CORRECTIONS_REQUISES,1
MEM-0102,3,SUB-0167,82.08,REJETEE,11
MEM-0121,1,SUB-0168,41.48,REJETEE,1
MEM-0121,1,SUB-0403,43.28,REJETEE,5
MEM-0121,2,SUB-0442,72.19,REJETEE,8
MEM-0121,2,SUB-0561,76.63,REJETEE,6
MEM-0121,3,SUB-0586,62.66,CORRECTIONS_REQUISES,2
MEM-0121,4,SUB-0769,79.89,VALIDEE,0
MEM-0058,1,SUB-0170,60.25,REJETEE,4
MEM-0058,1,SUB-0759,39.07,REJETEE,1
MEM-0064,4,SUB-0171,60.29,REJETEE,0
MEM-0064,4,SUB-0415,56.32,REJETEE,1
MEM-0064,5,SUB-0390,73.45,REJETEE,2
MEM-0036,2,SUB-0224,44.84,REJETEE,5
MEM-0036,3,SUB-0410,79.72,CORRECTIONS_REQUISES,0
MEM-0036,3,SUB-0677,59.59,REJETEE,5
MEM-0036,4,SUB-0247,70.86,REJETEE,4
MEM-0036,5,SUB-0173,90.17,CORRECTIONS_REQUISES,4
MEM-0036,5,SUB-0655,87.95,VALIDEE,0
MEM-0036,6,SUB-0294,85.68,REJETEE,0
MEM-0036,6,SUB-0764,99.11,REJETEE,1
MEM-0179,2,SUB-0186,52.45,REJETEE,0
MEM-0179,3,SUB-0221,86.47,REJETEE,5
MEM-0179,3,SUB-0598,85.58,VALIDEE,0
MEM-0179,4,SUB-0175,63.43,CORRECTIONS_REQUISES,0
MEM-0179,5,SUB-0370,70.59,REJETEE,2
MEM-0179,5,SUB-0453,100.0,VALIDEE,0
MEM-0179,5,SUB-0500,91.71,VALIDEE,0
MEM-0014,1,SUB-0494,45.32,REJETEE,0
MEM-0014,2,SUB-0225,53.81,REJETEE,2
MEM-0014,2,SUB-0482,38.85,REJETEE,5
MEM-0014,3,SUB-0177,61.98,REJETEE,0
MEM-0014,3,SUB-0583,47.66,REJETEE,1
MEM-0014,6,SUB-0680,100.0,VALIDEE,0
MEM-0049,3,SUB-0417,69.5,CORRECTIONS_REQUISES,0
MEM-0049,4,SUB-0497,53.04,CORRECTIONS_REQUISES,0
MEM-0049,4,SUB-0657,58.72,CORRECTIONS_REQUISES,0
MEM-0049,5,SUB-0384,61.98,REJETEE,1
MEM-0049,6,SUB-0178,94.67,REJETEE,0
MEM-0095,1,SUB-0712,34.8,REJETEE,8
MEM-0095,3,SUB-0180,62.68,REJETEE,1
MEM-0095,4,SUB-0650,62.0,CORRECTIONS_REQUISES,0
MEM-0128,5,SUB-0181,92.84,REJETEE,0
MEM-0128,5,SUB-0232,54.34,CORRECTIONS_REQUISES,0
MEM-0128,6,SUB-0794,100.0,REJETEE,0
MEM-0106,1,SUB-0184,30.67,REJETEE,8
MEM-0106,1,SUB-0282,64.83,REJETEE,4
MEM-0106,2,SUB-0414,71.59,REJETEE,3
MEM-0106,3,SUB-0354,56.84,REJETEE,2
MEM-0106,3,SUB-0371,42.42,REJETEE,8
MEM-0106,3,SUB-0553,80.48,VALIDEE,0
MEM-0106,4,SUB-0194,89.74,REJETEE,5
MEM-0176,1,SUB-0551,51.4,REJETEE,8
MEM-0176,3,SUB-0188,82.12,VALIDEE,0
MEM-0176,3,SUB-0515,59.42,REJETEE,5
MEM-0176,4,SUB-0465,72.64,CORRECTIONS_REQUISES,0
MEM-0176,6,SUB-0679,100.0,REJETEE,0
MEM-0077,1,SUB-0372,60.63,REJETEE,12
MEM-0077,1,SUB-0396,59.23,REJETEE,2
MEM-0077,2,SUB-0189,60.66,REJETEE,1
MEM-0077,2,SUB-0552,68.82,CORRECTIONS_REQUISES,1
MEM-0077,3,SUB-0197,72.64,REJETEE,4
MEM-0077,5,SUB-0449,98.24,VALIDEE,0
MEM-0077,5,SUB-0601,87.79,CORRECTIONS_REQUISES,0
MEM-0040,1,SUB-0570,33.24,CORRECTIONS_REQUISES,1
MEM-0040,3,SUB-0720,83.5,VALIDEE,0
MEM-0040,4,SUB-0192,84.58,REJETEE,1
MEM-0040,5,SUB-0386,68.08,CORRECTIONS_REQUISES,0
MEM-0040,6,SUB-0582,100.0,REJETEE,0
MEM-0040,6,SUB-0706,86.39,REJETEE,0
MEM-0017,2,SUB-0195,54.18,CORRECTIONS_REQUISES,0
MEM-0017,2,SUB-0433,44.5,REJETEE,1
MEM-0017,3,SUB-0297,62.42,CORRECTIONS_REQUISES,1
MEM-0017,5,SUB-0627,49.47,CORRECTIONS_REQUISES,0
MEM-0150,2,SUB-0339,62.53,CORRECTIONS_REQUISES,0
MEM-0150,4,SUB-0200,85.31,VALIDEE,0
MEM-0150,6,SUB-0548,94.27,VALIDEE,0
MEM-0166,4,SUB-0418,56.14,REJETEE,0
MEM-0166,6,SUB-0201,100.0,VALIDEE,0
MEM-0166,6,SUB-0575,100.0,REJETEE,1
MEM-0105,6,SUB-0210,96.63,VALIDEE,0
MEM-0087,3,SUB-0277,77.13,VALIDEE,0
MEM-0087,4,SUB-0538,79.76,REJETEE,1
MEM-0087,4,SUB-0589,49.68,REJETEE,5
MEM-0087,4,SUB-0741,71.93,REJETEE,11
MEM-0087,5,SUB-0218,85.5,REJETEE,1
MEM-0027,3,SUB-0222,56.09,CORRECTIONS_REQUISES,0
MEM-0175,2,SUB-0226,72.1,REJETEE,0
MEM-0175,2,SUB-0278,67.75,REJETEE,4
MEM-0175,3,SUB-0317,65.59,CORRECTIONS_REQUISES,0
MEM-0175,6,SUB-0736,83.9,VALIDEE,0
MEM-0175,6,SUB-0777,82.97,VALIDEE,0
MEM-0080,5,SUB-0705,86.06,REJETEE,3
MEM-0080,6,SUB-0229,100.0,REJETEE,0
MEM-0031,1,SUB-0230,58.32,CORRECTIONS_REQUISES,2
MEM-0031,1,SUB-0231,43.4,REJETEE,14
MEM-0031,1,SUB-0466,64.26,CORRECTIONS_REQUISES,2
MEM-0031,3,SUB-0512,73.19,CORRECTIONS_REQUISES,2
MEM-0031,3,SUB-0513,66.86,CORRECTIONS_REQUISES,2
MEM-0031,6,SUB-0359,79.93,REJETEE,0
MEM-0086,1,SUB-0237,60.36,REJETEE,8
MEM-0086,1,SUB-0630,65.2,CORRECTIONS_REQUISES,1
MEM-0086,2,SUB-0495,60.43,REJETEE,9
MEM-0086,2,SUB-0797,80.3,CORRECTIONS_REQUISES,0
MEM-0086,4,SUB-0407,58.98,VALIDEE,0
MEM-0086,5,SUB-0632,100.0,VALIDEE,0
MEM-0086,5,SUB-0761,64.56,REJETEE,0
MEM-0145,5,SUB-0248,64.6,CORRECTIONS_REQUISES,0
MEM-0145,5,SUB-0392,78.12,REJETEE,0
MEM-0145,6,SUB-0421,86.8,REJETEE,0
MEM-0026,1,SUB-0387,52.84,REJETEE,7
MEM-0026,1,SUB-0643,63.26,REJETEE,17
MEM-0026,1,SUB-0696,48.28,REJETEE,4
MEM-0026,2,SUB-0249,61.67,REJETEE,0
MEM-0026,6,SUB-0363,61.23,REJETEE,0
MEM-0152,1,SUB-0250,58.14,CORRECTIONS_REQUISES,0
MEM-0152,2,SUB-0713,57.36,REJETEE,6
MEM-0152,4,SUB-0534,73.2,CORRECTIONS_REQUISES,0
MEM-0152,5,SUB-0484,62.19,CORRECTIONS_REQUISES,0
MEM-0015,2,SUB-0251,57.25,REJETEE,12
MEM-0015,3,SUB-0377,68.31,REJETEE,7
MEM-0015,4,SUB-0549,79.23,REJETEE,0
MEM-0015,5,SUB-0505,88.66,REJETEE,0
MEM-0037,3,SUB-0255,70.1,REJETEE,3
MEM-0037,3,SUB-0283,73.74,VALIDEE,0
MEM-0037,3,SUB-0323,79.55,REJETEE,9
MEM-0037,3,SUB-0690,82.69,VALIDEE,1
MEM-0066,1,SUB-0256,58.82,REJETEE,3
MEM-0066,1,SUB-0613,34.59,REJETEE,3
MEM-0066,1,SUB-0752,51.5,REJETEE,15
MEM-0066,2,SUB-0572,49.54,REJETEE,8
MEM-0066,5,SUB-0649,72.45,CORRECTIONS_REQUISES,0
MEM-0098,1,SUB-0426,60.34,REJETEE,1
MEM-0098,3,SUB-0262,44.27,REJETEE,1
MEM-0098,3,SUB-0793,82.2,REJETEE,3
MEM-0098,5,SUB-0530,74.67,REJETEE,6
MEM-0098,6,SUB-0462,94.58,REJETEE,0
MEM-0011,4,SUB-0265,60.58,CORRECTIONS_REQUISES,0
MEM-0010,2,SUB-0268,45.31,REJETEE,4
MEM-0010,4,SUB-0288,80.97,REJETEE,8
MEM-0069,1,SUB-0616,42.73,REJETEE,1
MEM-0069,1,SUB-0734,69.57,REJETEE,12
MEM-0069,2,SUB-0470,69.14,REJETEE,15
MEM-0069,3,SUB-0269,51.52,REJETEE,1
MEM-0069,5,SUB-0617,100.0,REJETEE,0
MEM-0069,6,SUB-0542,93.96,REJETEE,0
MEM-0062,3,SUB-0273,63.58,CORRECTIONS_REQUISES,0
MEM-0062,4,SUB-0711,77.12,REJETEE,0
MEM-0034,1,SUB-0517,49.18,REJETEE,9
MEM-0034,2,SUB-0660,52.75,REJETEE,10
MEM-0034,2,SUB-0757,66.21,REJETEE,17
MEM-0034,5,SUB-0369,76.57,REJETEE,0
MEM-0034,6,SUB-0275,87.97,REJETEE,0
MEM-0108,1,SUB-0290,50.46,REJETEE,8
MEM-0108,1,SUB-0481,52.31,REJETEE,13
MEM-0134,1,SUB-0416,48.06,REJETEE,1
MEM-0134,2,SUB-0291,51.0,REJETEE,2
MEM-0134,4,SUB-0367,60.52,VALIDEE,0
MEM-0134,4,SUB-0480,80.81,REJETEE,10
MEM-0134,4,SUB-0678,72.71,REJETEE,0
MEM-0134,6,SUB-0547,100.0,VALIDEE,0
MEM-0023,1,SUB-0509,46.38,REJETEE,11
MEM-0023,4,SUB-0300,60.09,CORRECTIONS_REQUISES,1
MEM-0023,5,SUB-0609,83.33,REJETEE,0
MEM-0159,1,SUB-0635,43.58,CORRECTIONS_REQUISES,0
MEM-0159,2,SUB-0445,63.68,REJETEE,8
MEM-0159,6,SUB-0301,80.06,VALIDEE,0
MEM-0159,6,SUB-0782,82.86,CORRECTIONS_REQUISES,2
MEM-0094,3,SUB-0743,49.92,CORRECTIONS_REQUISES,0
MEM-0094,4,SUB-0746,67.37,REJETEE,4
MEM-0094,5,SUB-0472,88.38,CORRECTIONS_REQUISES,1
MEM-0094,6,SUB-0302,67.49,CORRECTIONS_REQUISES,0
MEM-0002,3,SUB-0314,71.53,VALIDEE,0
MEM-0002,5,SUB-0305,91.36,VALIDEE,0
MEM-0155,2,SUB-0652,79.71,VALIDEE,0
MEM-0155,3,SUB-0546,86.9,REJETEE,2
MEM-0155,4,SUB-0413,77.58,VALIDEE,0
MEM-0155,6,SUB-0307,100.0,REJETEE,1
MEM-0173,1,SUB-0321,51.39,REJETEE,17
MEM-0173,1,SUB-0440,34.24,REJETEE,7
MEM-0173,1,SUB-0526,45.85,REJETEE,2
MEM-0173,4,SUB-0559,63.01,REJETEE,0
MEM-0173,6,SUB-0309,100.0,REJETEE,0
MEM-0173,6,SUB-0398,100.0,VALIDEE,0
MEM-0173,6,SUB-0587,100.0,REJETEE,0
MEM-0142,1,SUB-0312,30.52,CORRECTIONS_REQUISES,5
MEM-0142,4,SUB-0525,73.72,REJETEE,0
MEM-0142,6,SUB-0683,69.15,REJETEE,0
MEM-0053,2,SUB-0356,43.36,REJETEE,5
MEM-0053,5,SUB-0319,100.0,REJETEE,1
MEM-0065,1,SUB-0520,32.65,REJETEE,3
MEM-0065,1,SUB-0666,58.36,REJETEE,7
MEM-0065,1,SUB-0674,53.99,REJETEE,2
MEM-0065,5,SUB-0320,74.4,REJETEE,0
MEM-0073,2,SUB-0773,55.25,REJETEE,16
MEM-0073,4,SUB-0322,76.45,VALIDEE,0
MEM-0073,4,SUB-0501,93.95,REJETEE,0
MEM-0073,5,SUB-0326,51.76,VALIDEE,0
MEM-0073,5,SUB-0425,93.63,VALIDEE,0
MEM-0073,6,SUB-0374,100.0,VALIDEE,0
MEM-0073,6,SUB-0560,90.91,VALIDEE,0
MEM-0081,2,SUB-0327,70.84,CORRECTIONS_REQUISES,4
MEM-0081,3,SUB-0355,55.07,REJETEE,0
MEM-0081,4,SUB-0406,88.02,REJETEE,0
MEM-0081,6,SUB-0434,64.89,REJETEE,0
MEM-0162,1,SUB-0329,62.51,REJETEE,12
MEM-0162,3,SUB-0486,78.66,VALIDEE,0
MEM-0162,5,SUB-0799,100.0,CORRECTIONS_REQUISES,4
MEM-0162,6,SUB-0379,88.87,REJETEE,1
MEM-0162,6,SUB-0596,100.0,REJETEE,0
MEM-0170,2,SUB-0331,74.18,REJETEE,11
MEM-0170,2,SUB-0697,38.87,REJETEE,7
MEM-0170,6,SUB-0577,79.14,REJETEE,0
MEM-0059,1,SUB-0651,34.74,REJETEE,11
MEM-0059,2,SUB-0594,68.79,REJETEE,3
MEM-0059,4,SUB-0342,80.88,VALIDEE,0
MEM-0163,1,SUB-0347,62.17,CORRECTIONS_REQUISES,2
MEM-0163,3,SUB-0514,43.2,VALIDEE,0
MEM-0163,4,SUB-0798,82.78,REJETEE,1
MEM-0071,2,SUB-0351,59.01,CORRECTIONS_REQUISES,0
MEM-0071,2,SUB-0478,64.81,VALIDEE,0
MEM-0071,4,SUB-0350,63.79,REJETEE,6
MEM-0071,4,SUB-0467,84.71,VALIDEE,0
MEM-0139,1,SUB-0357,63.92,REJETEE,3
MEM-0139,2,SUB-0471,41.72,REJETEE,11
MEM-0139,3,SUB-0599,53.76,CORRECTIONS_REQUISES,1
MEM-0007,4,SUB-0368,86.85,REJETEE,0
MEM-0007,5,SUB-0776,91.01,REJETEE,0
MEM-0042,1,SUB-0516,38.72,REJETEE,0
MEM-0042,3,SUB-0700,85.9,VALIDEE,0
MEM-0042,6,SUB-0373,92.02,REJETEE,0
MEM-0042,6,SUB-0491,89.04,REJETEE,3
MEM-0029,2,SUB-0380,61.24,REJETEE,1
MEM-0029,2,SUB-0555,49.41,REJETEE,13
MEM-0029,2,SUB-0735,45.6,REJETEE,5
MEM-0029,2,SUB-0760,45.67,REJETEE,7
MEM-0029,3,SUB-0730,77.06,REJETEE,10
MEM-0029,5,SUB-0459,70.29,CORRECTIONS_REQUISES,0
MEM-0054,2,SUB-0648,72.86,REJETEE,1
MEM-0054,2,SUB-0767,36.47,CORRECTIONS_REQUISES,0
MEM-0054,4,SUB-0581,82.49,VALIDEE,0
MEM-0054,6,SUB-0388,100.0,REJETEE,0
MEM-0136,1,SUB-0389,59.37,REJETEE,2
MEM-0136,5,SUB-0733,92.73,CORRECTIONS_REQUISES,3
MEM-0109,2,SUB-0523,57.24,REJETEE,6
MEM-0109,3,SUB-0401,55.71,REJETEE,3
MEM-0109,5,SUB-0682,81.98,REJETEE,0
MEM-0003,1,SUB-0405,45.55,REJETEE,10
MEM-0003,4,SUB-0770,90.66,VALIDEE,1
MEM-0003,6,SUB-0430,65.72,CORRECTIONS_REQUISES,0
MEM-0003,6,SUB-0668,75.76,REJETEE,0
MEM-0110,3,SUB-0477,86.14,CORRECTIONS_REQUISES,4
MEM-0110,5,SUB-0428,85.26,REJETEE,2
MEM-0110,6,SUB-0628,100.0,REJETEE,0
MEM-0124,1,SUB-0774,31.92,REJETEE,9
MEM-0124,4,SUB-0788,81.58,REJETEE,2
MEM-0124,6,SUB-0436,93.92,CORRECTIONS_REQUISES,0
MEM-0045,1,SUB-0672,46.09,REJETEE,9
MEM-0045,1,SUB-0729,44.68,REJETEE,11
MEM-0045,6,SUB-0446,100.0,VALIDEE,0
MEM-0045,6,SUB-0518,90.69,REJETEE,0
MEM-0022,2,SUB-0460,64.22,CORRECTIONS_REQUISES,0
MEM-0022,3,SUB-0595,66.27,REJETEE,0
MEM-0022,4,SUB-0738,53.03,REJETEE,5
MEM-0025,1,SUB-0631,49.2,REJETEE,8
MEM-0025,5,SUB-0463,100.0,VALIDEE,0
MEM-0195,4,SUB-0483,60.72,REJETEE,6
MEM-0075,2,SUB-0499,43.36,CORRECTIONS_REQUISES,0
MEM-0138,2,SUB-0539,44.92,REJETEE,3
MEM-0138,5,SUB-0714,80.22,VALIDEE,2
MEM-0172,3,SUB-0563,57.35,REJETEE,0
MEM-0172,5,SUB-0541,49.89,REJETEE,3
MEM-0093,3,SUB-0721,69.76,CORRECTIONS_REQUISES,0
MEM-0093,4,SUB-0550,89.8,REJETEE,0
MEM-0093,6,SUB-0687,74.53,REJETEE,4
MEM-0154,4,SUB-0574,54.02,VALIDEE,0
MEM-0033,6,SUB-0576,100.0,VALIDEE,0
MEM-0033,6,SUB-0771,81.33,REJETEE,0
MEM-0079,3,SUB-0606,56.88,REJETEE,0
MEM-0079,3,SUB-0758,59.54,CORRECTIONS_REQUISES,0
MEM-0129,1,SUB-0611,34.81,REJETEE,5
MEM-0129,3,SUB-0725,54.73,VALIDEE,0
MEM-0168,2,SUB-0619,41.42,REJETEE,8
MEM-0168,3,SUB-0691,68.39,REJETEE,4
MEM-0111,2,SUB-0621,66.03,REJETEE,2
MEM-0100,6,SUB-0669,59.69,REJETEE,0
MEM-0171,4,SUB-0675,42.18,REJETEE,2
MEM-0032,1,SUB-0715,35.15,REJETEE,5
MEM-0156,5,SUB-0717,87.19,VALIDEE,0
MEM-0158,4,SUB-0732,61.7,REJETEE,0
MEM-0043,1,SUB-0772,62.13,REJETEE,4
MEM-0043,4,SUB-0748,79.4,VALIDEE,0
MEM-0043,5,SUB-0747,87.8,REJETEE,0
MEM-0132,4,SUB-0749,78.61,VALIDEE,0
MEM-0186,3,SUB-0775,87.6,REJETEE,0
MEM-0186,5,SUB-0756,74.51,REJETEE,0
