numero_version_norm,score_qualite_norm,nb_corrections_totales_norm,nb_corrections_ouvertes_norm,nb_corrections_resolues_norm,ratio_resolution_norm,a_correction_bloquante_norm,delai_jours_norm,nb_pages_norm,progression_score_norm,score_plagiat_norm,commentaire_directeur_norm
0.0,0.42912537699267567,0.7000000000000001,0.2,0.5263157894736842,0.714,1.0,0.0,0.7555555555555556,0.16644429619746498,0.3797017582906744,0.0
0.2,0.21800947867298576,0.5,0.45,0.05263157894736842,0.1,1.0,0.13333333333333333,0.9111111111111111,0.832221480987325,0.4989984420209214,1.0
0.6000000000000001,0.4108861123079132,0.1,0.0,0.10526315789473684,1.0,0.0,0.26666666666666666,0.7111111111111111,0.27585056704469646,0.0618740262630759,1.0
1.0000000000000002,0.811575470343243,0.0,0.0,0.0,0.0,1.0,0.9666666666666667,0.2666666666666666,0.36791194129419613,0.9483641219675049,1.0
0.4000000000000001,0.2947005601034038,0.45,0.4,0.05263157894736842,0.111,1.0,0.6166666666666667,0.5,0.5747164776517679,0.9939906521255286,1.0
0.4000000000000001,0.8056872037914693,0.35000000000000003,0.25,0.10526315789473684,0.286,1.0,0.08333333333333333,0.3222222222222222,0.3829219479653102,0.7315824616069442,0.0
0.2,0.4113169610799943,0.45,0.0,0.47368421052631576,1.0,0.0,0.45,0.7111111111111111,0.10607071380920613,0.07233474293345203,1.0
0.8,0.6794485135717365,0.0,0.0,0.0,0.0,1.0,0.5333333333333333,0.43333333333333335,0.4973315543695797,0.08991764967727577,1.0
0.2,0.25980180956484283,0.8500000000000001,0.8500000000000001,0.0,0.0,0.0,0.4166666666666667,0.6,0.679452968645764,0.1682617404851992,0.0
0.6000000000000001,0.7282780410742498,0.15000000000000002,0.0,0.15789473684210525,1.0,1.0,0.9666666666666667,0.9333333333333332,0.26484322881921285,0.6425550856888492,1.0
0.8,0.8861123079132558,0.2,0.0,0.21052631578947367,1.0,1.0,0.9333333333333333,0.6666666666666666,0.04336224149432956,0.38726908524371245,1.0
0.0,0.23122217435013642,0.9500000000000001,0.65,0.3157894736842105,0.316,0.0,0.0,0.4555555555555556,0.16644429619746498,0.6739372356999777,1.0
0.6000000000000001,0.4134712049403993,0.45,0.35000000000000003,0.10526315789473684,0.222,0.0,0.6666666666666666,0.5333333333333333,0.6197464976651101,0.24104162029824172,0.0
0.2,0.28220594571305485,0.15000000000000002,0.0,0.15789473684210525,1.0,1.0,0.11666666666666667,0.6222222222222222,0.7221480987324884,0.45292677498330736,0.0
0.8,0.49159844894442045,0.0,0.0,0.0,0.0,0.0,0.06666666666666667,0.6666666666666666,0.5293529019346231,0.7678611172935677,0.0
0.0,0.06864857101823924,0.25,0.25,0.0,0.0,0.0,0.0,0.16666666666666663,0.16644429619746498,0.5067883374137547,1.0
0.2,0.35817894585667104,0.25,0.05,0.21052631578947367,0.8,1.0,0.6166666666666667,0.5111111111111111,0.6120747164776518,0.9931003783663477,1.0
0.4000000000000001,0.3897745224759443,0.15000000000000002,0.05,0.10526315789473684,0.667,1.0,0.7833333333333333,0.7333333333333333,0.5963975983989327,0.33808146004896505,0.0
0.6000000000000001,0.71118770644837,0.55,0.0,0.5789473684210527,1.0,0.0,0.16666666666666666,0.07777777777777778,0.8812541694462976,0.03204985533051413,0.0
0.8,1.0000000000000002,0.0,0.0,0.0,0.0,0.0,0.23333333333333334,0.0222222222222222,0.36224149432955305,0.4745159136434453,0.0
0.2,0.36550337498204805,0.45,0.15000000000000002,0.3157894736842105,0.667,0.0,0.08333333333333333,0.4666666666666667,0.0943962641761174,0.6792788782550634,1.0
1.0000000000000002,0.4431997702139882,0.0,0.0,0.0,0.0,1.0,0.8,0.4666666666666667,0.25950633755837227,0.360560872468284,1.0
0.2,0.46186988367083165,0.1,0.0,0.10526315789473684,1.0,1.0,0.65,0.8333333333333334,0.06871247498332221,0.3785889160916982,0.0
0.2,0.5522045095504811,0.55,0.05,0.5263157894736842,0.909,1.0,0.85,0.0444444444444444,0.2738492328218813,0.0799020698864901,1.0
0.8,0.6546029010483989,0.0,0.0,0.0,0.0,1.0,0.1,0.9666666666666667,0.6187458305537026,0.9321166258624527,0.0
0.2,0.19819043515725981,0.25,0.0,0.2631578947368421,1.0,1.0,0.85,0.0222222222222222,0.05503669112741828,0.897618517694191,1.0
0.0,0.25721671693235676,0.2,0.2,0.0,0.0,0.0,0.0,0.5222222222222223,0.16644429619746498,0.4524816381037169,1.0
0.2,0.06951026856240133,0.0,0.0,0.0,0.0,1.0,0.21666666666666667,0.1333333333333333,0.02535023348899265,0.17093256176274205,1.0
1.0000000000000002,1.0000000000000002,0.0,0.0,0.0,0.0,1.0,0.9333333333333333,0.6777777777777777,0.1704469646430954,0.8315156910750054,0.0
0.6000000000000001,0.8181818181818183,0.0,0.0,0.0,0.0,1.0,0.18333333333333332,0.9555555555555556,0.9306204136090728,0.7647451591364344,0.0
0.4000000000000001,0.7630331753554505,0.0,0.0,0.0,0.0,0.0,0.5833333333333334,0.15555555555555556,0.6841227484989993,0.40730024482528376,1.0
0.6000000000000001,0.6353583225621142,0.0,0.0,0.0,0.0,1.0,0.6166666666666667,0.5666666666666667,0.7094729819879921,0.4182060983752504,0.0
0.4000000000000001,0.6161137440758295,0.35000000000000003,0.15000000000000002,0.21052631578947367,0.571,1.0,0.03333333333333333,0.7666666666666667,0.05170113408939293,0.9532606276430002,0.0
0.2,0.7170759730001437,0.2,0.0,0.21052631578947367,1.0,1.0,0.21666666666666667,0.8666666666666666,0.6444296197464977,0.8295125751168484,1.0
0.0,0.4635932787591556,0.35000000000000003,0.2,0.15789473684210525,0.429,1.0,0.0,0.5111111111111111,0.16644429619746498,0.03672379256621411,1.0
1.0000000000000002,0.8144477954904497,0.0,0.0,0.0,0.0,0.0,0.26666666666666666,0.7888888888888889,0.5390260173448966,0.7480525261517915,1.0
0.8,0.5603906362200202,0.25,0.25,0.0,0.0,0.0,0.45,0.688888888888889,0.481320880587058,0.865791230803472,0.0
1.0000000000000002,0.8918569582076692,0.25,0.0,0.2631578947368421,1.0,1.0,0.23333333333333334,0.6,0.8252168112074716,0.49521477854440243,1.0
0.2,0.4219445641246589,0.30000000000000004,0.1,0.21052631578947367,0.667,1.0,0.5833333333333334,0.1777777777777778,0.20647098065376918,0.13866013799243268,0.0
0.0,0.11991957489587818,0.30000000000000004,0.0,0.3157894736842105,1.0,1.0,0.0,0.6444444444444445,0.16644429619746498,0.9172045403961717,0.0
0.2,0.37641821054143326,0.6000000000000001,0.5,0.10526315789473684,0.167,1.0,0.2833333333333333,0.43333333333333335,0.5777184789859906,0.7752058758068107,1.0
0.0,0.022260519890851704,0.45,0.45,0.0,0.0,1.0,0.0,0.7111111111111111,0.16644429619746498,0.19496995326062763,1.0
0.8,0.6722677007037199,0.0,0.0,0.0,0.0,1.0,0.9166666666666666,0.5222222222222223,0.09206137424949967,0.7255731137324727,0.0
0.4000000000000001,0.6808846761453398,0.0,0.0,0.0,0.0,1.0,0.5166666666666666,0.08888888888888885,0.38892595063375585,0.9047407077676384,0.0
0.6000000000000001,0.7254057159270431,0.45,0.0,0.47368421052631576,1.0,1.0,0.15,0.3555555555555555,0.4769846564376251,0.23258401958602273,0.0
1.0000000000000002,0.5331035473215568,0.0,0.0,0.0,0.0,0.0,0.6,0.7333333333333333,0.3739159439626418,0.10616514578232808,0.0
0.6000000000000001,0.7244004021255208,0.5,0.5,0.0,0.0,1.0,0.6666666666666666,0.12222222222222218,0.6274182788525684,0.7836634765190296,1.0
0.8,0.5131408875484704,0.0,0.0,0.0,0.0,1.0,0.7833333333333333,0.9777777777777777,0.6047364909939961,0.7892276875139105,1.0
0.2,0.5812149935372686,0.8500000000000001,0.2,0.6842105263157894,0.765,0.0,0.7333333333333333,0.4666666666666667,0.8782521681120747,0.4633874916536835,1.0
0.4000000000000001,0.7432141318397245,0.0,0.0,0.0,0.0,0.0,0.6333333333333333,0.19999999999999996,0.752501667778519,0.7135544179835299,1.0
0.6000000000000001,0.7100387763894875,0.0,0.0,0.0,0.0,1.0,0.4,0.47777777777777775,0.5577051367578386,0.3659025150233697,0.0
0.4000000000000001,0.17305759011920158,0.5,0.4,0.10526315789473684,0.2,1.0,0.5833333333333334,0.011111111111111072,0.6877918612408274,0.49254395726685957,1.0
0.6000000000000001,0.17305759011920158,0.0,0.0,0.0,0.0,1.0,0.75,0.6666666666666666,0.6924616410940627,0.20632094369018472,1.0
0.6000000000000001,0.80597443630619,0.25,0.1,0.15789473684210525,0.6,1.0,0.016666666666666666,0.5222222222222223,0.7825216811207472,0.5081237480525261,1.0
0.0,0.1594140456699698,0.8,0.7000000000000001,0.10526315789473684,0.125,0.0,0.0,0.8666666666666666,0.16644429619746498,0.2811039394613844,1.0
0.0,0.5181674565560823,0.30000000000000004,0.25,0.05263157894736842,0.167,1.0,0.0,0.07777777777777778,0.16644429619746498,0.369018473180503,0.0
0.0,0.3298865431566855,1.0,0.05,1.0,0.95,1.0,0.0,0.19999999999999996,0.16644429619746498,0.822612953483196,0.0
1.0000000000000002,0.747379003303174,0.25,0.25,0.0,0.0,1.0,0.7166666666666667,0.1333333333333333,0.6624416277518346,0.27019808591141775,0.0
0.4000000000000001,0.6230073244291254,0.7000000000000001,0.65,0.05263157894736842,0.071,0.0,0.3833333333333333,0.7666666666666667,0.3385590393595731,0.6436679278878255,1.0
0.0,0.20307338790751112,0.0,0.0,0.0,0.0,1.0,0.0,0.2666666666666666,0.16644429619746498,0.6320943690184732,1.0
0.4000000000000001,0.5657044377423526,0.05,0.0,0.05263157894736842,1.0,1.0,0.25,0.5333333333333333,0.9519679786524351,0.7836634765190296,0.0
0.8,0.5733160993824502,0.0,0.0,0.0,0.0,0.0,0.85,0.9888888888888888,0.2361574382921948,0.18094814155352773,0.0
0.6000000000000001,0.43889128249317827,0.0,0.0,0.0,0.0,1.0,0.85,0.8222222222222223,0.6067378252168112,0.3225016692632985,1.0
1.0000000000000002,0.32213126525922736,0.2,0.05,0.15789473684210525,0.75,0.0,0.26666666666666666,0.9111111111111111,0.36624416277518346,0.3832628533273982,0.0
0.8,0.8410168031021115,0.30000000000000004,0.05,0.2631578947368421,0.833,0.0,0.7,0.9888888888888888,0.662108072048032,0.12886712664144223,0.0
0.8,0.5025132845038058,0.0,0.0,0.0,0.0,1.0,0.7833333333333333,0.8777777777777779,0.4446297531687792,0.24326730469619406,0.0
0.2,0.2182967111877065,0.1,0.05,0.05263157894736842,0.5,1.0,0.4666666666666667,0.6777777777777777,0.6934623082054703,0.4144224348987313,1.0
1.0000000000000002,0.731868447508258,0.0,0.0,0.0,0.0,1.0,0.5166666666666666,0.4444444444444444,0.6527685123415611,0.4055196973069219,1.0
1.0000000000000002,0.9132557805543589,0.0,0.0,0.0,0.0,1.0,0.16666666666666666,0.33333333333333337,0.15010006671114076,0.6861784998887157,1.0
0.4000000000000001,0.7514002585092634,0.30000000000000004,0.05,0.2631578947368421,0.833,0.0,0.8833333333333333,0.688888888888889,0.0013342228152101454,0.06966392165590919,1.0
0.8,0.9215855234812582,0.25,0.0,0.2631578947368421,1.0,0.0,0.8833333333333333,0.9444444444444445,0.048365577051367584,0.006231916314266637,0.0
0.4000000000000001,0.8457561395950024,0.45,0.4,0.05263157894736842,0.111,1.0,0.2,0.688888888888889,0.9069379586390927,0.6456710438459826,0.0
0.0,0.1631480683613385,0.8500000000000001,0.65,0.21052631578947367,0.235,1.0,0.0,0.48888888888888893,0.16644429619746498,0.420654351212998,0.0
0.0,0.4307051558236393,0.45,0.4,0.05263157894736842,0.111,1.0,0.0,0.688888888888889,0.16644429619746498,0.9623859336746049,0.0
1.0000000000000002,0.842596581933075,0.15000000000000002,0.15000000000000002,0.0,0.0,1.0,0.5,0.18888888888888888,0.8745830553702469,0.40574226574671707,1.0
0.6000000000000001,0.5896883527215282,0.1,0.1,0.0,0.0,0.0,0.7833333333333333,0.6555555555555556,0.9432955303535691,0.2096594702871133,1.0
0.2,0.3419503087749534,0.6000000000000001,0.0,0.631578947368421,1.0,0.0,0.26666666666666666,0.888888888888889,0.49566377585056703,0.6174048519919875,1.0
0.6000000000000001,0.8700272870888988,0.0,0.0,0.0,0.0,1.0,0.5666666666666667,1.0,0.361574382921948,0.9185399510349432,0.0
0.6000000000000001,0.8230647709320698,0.0,0.0,0.0,0.0,0.0,0.6333333333333333,0.033333333333333326,0.9292861907938625,0.5764522590696639,1.0
1.0000000000000002,1.0000000000000002,0.0,0.0,0.0,0.0,0.0,0.31666666666666665,0.15555555555555556,0.6370913942628419,0.6185176941909637,1.0
0.8,0.8371391641533823,0.0,0.0,0.0,0.0,0.0,0.5833333333333334,0.6333333333333333,0.6771180787191462,0.9588248386378811,1.0
0.8,0.8282349561970417,0.0,0.0,0.0,0.0,1.0,0.016666666666666666,0.011111111111111072,0.6727818545697131,0.41353216113955044,1.0
1.0000000000000002,0.715065345397099,0.0,0.0,0.0,0.0,0.0,0.5,0.15555555555555556,0.2621747831887925,0.8637881148453149,1.0
0.6000000000000001,0.47867298578199063,0.0,0.0,0.0,0.0,0.0,0.31666666666666665,0.33333333333333337,0.647765176784523,0.09058535499666148,1.0
0.2,0.35731724831250905,0.8,0.8,0.0,0.0,0.0,0.6833333333333333,0.0444444444444444,0.24016010673782523,0.08502114400178055,0.0
0.0,0.4330030159414046,0.8500000000000001,0.4,0.47368421052631576,0.529,0.0,0.0,0.06666666666666665,0.16644429619746498,0.6303138215001112,1.0
0.0,0.05557949159844899,0.65,0.35000000000000003,0.3157894736842105,0.462,1.0,0.0,0.8666666666666666,0.16644429619746498,0.355886935232584,1.0
0.4000000000000001,0.25075398535114174,0.6000000000000001,0.6000000000000001,0.0,0.0,0.0,0.3333333333333333,0.43333333333333335,0.5020013342228152,0.8689071889606053,1.0
0.0,0.009047824213700983,0.35000000000000003,0.25,0.10526315789473684,0.286,1.0,0.0,0.0444444444444444,0.16644429619746498,0.029601602492766527,0.0
0.2,0.34309923883383603,0.8500000000000001,0.4,0.47368421052631576,0.529,0.0,0.8166666666666667,0.2222222222222222,0.5393595730486991,0.7796572446027152,0.0
0.6000000000000001,0.5815022260519891,0.35000000000000003,0.2,0.15789473684210525,0.429,1.0,0.85,0.5,0.4796531020680454,0.782328065880258,1.0
0.6000000000000001,0.8631337067356026,0.0,0.0,0.0,0.0,0.0,0.4166666666666667,0.9,0.7888592394929954,0.2205653238370799,0.0
0.2,0.6643688065489013,0.45,0.30000000000000004,0.15789473684210525,0.333,1.0,0.7666666666666666,0.6,0.7361574382921947,0.25639884264411306,0.0
0.8,0.8809421226482839,0.0,0.0,0.0,0.0,0.0,0.25,0.6777777777777777,0.3719146097398266,0.2884486979746272,0.0
0.2,0.17075973000143613,0.8500000000000001,0.5,0.3684210526315789,0.412,0.0,0.85,0.7999999999999999,0.7828552368245498,0.347429334520365,1.0
0.4000000000000001,0.2579347982191584,0.0,0.0,0.0,0.0,0.0,0.6,0.4111111111111111,0.6974649766511007,0.1261963053638994,1.0
0.2,0.5803532959931066,0.35000000000000003,0.2,0.15789473684210525,0.429,0.0,0.25,0.9777777777777777,0.8772515010006672,0.31226352103271754,0.0
0.8,0.9895160132126959,0.25,0.05,0.21052631578947367,0.8,0.0,0.8333333333333334,0.7666666666666667,0.8235490326884589,0.36723792566214114,0.0
0.0,0.007180812868016695,1.0,0.30000000000000004,0.7368421052631579,0.7,0.0,0.0,0.16666666666666663,0.16644429619746498,0.04251057200089028,1.0
0.8,0.617119057877352,0.25,0.1,0.15789473684210525,0.6,1.0,1.0,0.4555555555555556,0.8699132755170114,0.9819719563765859,0.0
1.0000000000000002,0.8685911245152953,0.25,0.0,0.2631578947368421,1.0,1.0,1.0,0.6,0.7358238825883923,0.24259959937680836,0.0
0.8,0.7959212982909667,0.0,0.0,0.0,0.0,1.0,0.8833333333333333,0.7333333333333333,0.41861240827218144,0.536167371466726,1.0
0.0,0.32299296280338935,0.05,0.05,0.0,0.0,1.0,0.0,0.08888888888888885,0.16644429619746498,0.87803249499221,1.0
0.6000000000000001,0.5588108573890564,0.0,0.0,0.0,0.0,1.0,0.7666666666666666,0.5333333333333333,0.385923949299533,0.6645893612285778,0.0
0.4000000000000001,0.7087462300732443,0.0,0.0,0.0,0.0,0.0,0.08333333333333333,0.7888888888888889,0.533022014676451,0.720231471177387,0.0
0.6000000000000001,0.3620565848054,0.30000000000000004,0.30000000000000004,0.0,0.0,0.0,0.03333333333333333,0.5666666666666667,0.6177451634422948,0.2205653238370799,1.0
0.2,0.5395662789027718,0.30000000000000004,0.25,0.05263157894736842,0.167,1.0,0.4,0.25555555555555554,0.3932621747831888,0.37769864233251726,0.0
0.2,0.34180669251759305,0.65,0.35000000000000003,0.3157894736842105,0.462,1.0,0.9333333333333333,0.3666666666666667,0.5843895930620413,0.6372134431337636,1.0
0.6000000000000001,0.5226195605342525,0.0,0.0,0.0,0.0,1.0,0.36666666666666664,0.5,0.12808539026017346,0.656354328956154,0.0
0.8,0.6556082148499212,0.15000000000000002,0.15000000000000002,0.0,0.0,1.0,0.2,0.5888888888888889,0.023682454969979977,0.5286000445136879,1.0
1.0000000000000002,0.44549763033175366,0.0,0.0,0.0,0.0,1.0,0.65,0.43333333333333335,0.6871247498332222,0.8421989761851769,0.0
0.0,0.361625736033319,0.55,0.1,0.47368421052631576,0.818,0.0,0.0,0.6777777777777777,0.16644429619746498,0.15312708657912308,1.0
1.0000000000000002,0.49576332040787024,0.0,0.0,0.0,0.0,1.0,0.9,0.42222222222222217,0.21581054036024017,0.3024705096817271,0.0
0.4000000000000001,0.41892862272009196,0.55,0.0,0.5789473684210527,1.0,0.0,0.8833333333333333,0.055555555555555525,0.10240160106737825,0.2969062986868462,1.0
0.8,0.5309493034611519,0.0,0.0,0.0,0.0,1.0,0.9333333333333333,0.23333333333333328,0.07471647765176785,0.4920988203872691,0.0
0.2,0.5147206663794341,0.8500000000000001,0.8500000000000001,0.0,0.0,0.0,0.9166666666666666,1.0,0.08472314876584389,0.13932784331181838,1.0
0.0,0.13830245583800088,0.25,0.0,0.2631578947368421,1.0,0.0,0.0,1.0,0.16644429619746498,0.449810816826174,1.0
0.0,0.22992962803389355,0.65,0.55,0.10526315789473684,0.154,1.0,0.0,1.0,0.16644429619746498,0.5686623636768305,0.0
1.0000000000000002,1.0000000000000002,0.25,0.1,0.15789473684210525,0.6,1.0,0.7166666666666667,0.8555555555555555,0.9503002001334222,0.9888715780102381,1.0
0.4000000000000001,0.3359184259658194,0.15000000000000002,0.05,0.10526315789473684,0.667,0.0,0.95,0.7666666666666667,0.5927284856571047,0.24148675717783216,1.0
0.6000000000000001,0.32184403274450674,0.0,0.0,0.0,0.0,1.0,0.1,0.5111111111111111,0.39826551034022684,0.1678166036056087,1.0
0.6000000000000001,0.4747953468332616,0.0,0.0,0.0,0.0,0.0,0.9166666666666666,1.0,0.14409606404269512,0.46361006009347877,0.0
0.8,0.5632629613672269,0.0,0.0,0.0,0.0,0.0,0.7833333333333333,0.888888888888889,0.07605070046697798,0.07522813265079012,0.0
0.6000000000000001,0.6155392790463883,0.0,0.0,0.0,0.0,0.0,0.5166666666666666,0.7777777777777778,0.5310206804536357,0.42599599376808367,1.0
0.2,0.2424242424242425,0.8,0.4,0.42105263157894735,0.5,0.0,0.7333333333333333,0.033333333333333326,0.3592394929953302,0.6890718896060538,1.0
0.0,0.22576475657044387,0.6000000000000001,0.45,0.15789473684210525,0.25,1.0,0.0,0.3111111111111111,0.16644429619746498,0.06588025817939017,1.0
0.0,0.01766479965532103,0.15000000000000002,0.05,0.10526315789473684,0.667,1.0,0.0,0.9222222222222222,0.16644429619746498,0.37881148453149344,0.0
0.8,0.6801665948585383,0.1,0.1,0.0,0.0,1.0,0.9,0.5777777777777777,0.08172114743162108,0.062096594702871134,0.0
0.8,0.8971707597300016,0.0,0.0,0.0,0.0,1.0,0.5,0.23333333333333328,0.7328218812541696,0.35254840863565545,0.0
0.6000000000000001,0.6080712336636507,0.0,0.0,0.0,0.0,0.0,0.23333333333333334,0.7666666666666667,0.05370246831220814,0.9189850879145336,0.0
0.0,0.17750969409737177,0.1,0.05,0.05263157894736842,0.5,1.0,0.0,0.9,0.16644429619746498,0.2339194302247941,0.0
1.0000000000000002,1.0000000000000002,0.05,0.05,0.0,0.0,1.0,0.55,0.5111111111111111,0.018012008005336894,0.30914756287558426,0.0
1.0000000000000002,0.981473502800517,0.15000000000000002,0.0,0.15789473684210525,1.0,0.0,0.48333333333333334,0.08888888888888885,0.4689793195463643,0.6320943690184732,1.0
0.6000000000000001,0.3255780554358753,0.0,0.0,0.0,0.0,0.0,0.3,0.15555555555555556,0.6971314209472983,0.496772757622969,0.0
0.0,0.10900473933649296,0.35000000000000003,0.15000000000000002,0.21052631578947367,0.571,0.0,0.0,0.24444444444444446,0.16644429619746498,0.19608279545960383,0.0
0.8,0.8130116329168464,0.0,0.0,0.0,0.0,1.0,0.11666666666666667,0.4444444444444444,0.14209472981987992,0.8942799910972623,1.0
0.0,0.1753554502369668,0.6000000000000001,0.2,0.42105263157894735,0.667,1.0,0.0,0.5777777777777777,0.16644429619746498,0.0540841308702426,1.0
0.8,0.7997989372396956,0.30000000000000004,0.15000000000000002,0.15789473684210525,0.5,1.0,0.31666666666666665,1.0,0.9666444296197465,0.05875806810594258,1.0
1.0000000000000002,0.7538417348843891,0.1,0.1,0.0,0.0,0.0,0.4166666666666667,0.2222222222222222,0.5700466977985323,0.8548853772535054,0.0
0.6000000000000001,0.7093206951026858,0.05,0.05,0.0,0.0,1.0,0.21666666666666667,0.7000000000000001,0.6354236157438293,0.9752949031827286,0.0
0.2,0.3876202786155393,0.5,0.30000000000000004,0.21052631578947367,0.4,0.0,0.08333333333333333,0.7555555555555556,0.1847898599066044,0.8139327843311818,0.0
0.4000000000000001,0.5240557231078558,0.1,0.1,0.0,0.0,0.0,0.5,0.9777777777777777,0.1350900600400267,0.16336523480970397,1.0
0.0,0.18713198334051412,0.8,0.7000000000000001,0.10526315789473684,0.125,1.0,0.0,0.6444444444444445,0.16644429619746498,0.5114622746494546,0.0
0.4000000000000001,0.5173057590119201,0.4,0.2,0.21052631578947367,0.5,1.0,0.3833333333333333,0.8333333333333334,0.2988659106070714,0.9632762074337858,1.0
0.6000000000000001,0.7345971563981044,0.05,0.05,0.0,0.0,1.0,0.4666666666666667,0.16666666666666663,0.23215476984656438,0.10572000890273758,1.0
0.8,0.27430705155823637,0.0,0.0,0.0,0.0,0.0,0.75,0.9555555555555556,0.533022014676451,0.25306031604718454,1.0
0.2,0.3171046962516158,0.0,0.0,0.0,0.0,1.0,0.4166666666666667,0.5333333333333333,0.5527018012008005,0.05608724682839973,0.0
0.2,0.4559816171190579,0.0,0.0,0.0,0.0,1.0,0.36666666666666664,0.42222222222222217,0.16444296197464978,0.3496550189183174,1.0
0.8,0.45397098951601317,0.1,0.05,0.05263157894736842,0.5,0.0,0.48333333333333334,0.4111111111111111,0.8195463642428285,0.5421767193411974,1.0
0.4000000000000001,0.5058164584230935,0.0,0.0,0.0,0.0,0.0,0.9833333333333333,0.7333333333333333,0.8222148098732489,0.3752503894947697,1.0
0.0,0.5497630331753556,0.9500000000000001,0.25,0.7368421052631579,0.737,1.0,0.0,0.14444444444444443,0.16644429619746498,0.2434898731359893,1.0
1.0000000000000002,0.6860548614103117,0.0,0.0,0.0,0.0,1.0,0.4166666666666667,0.5888888888888889,0.9569713142094729,0.9770754507010905,1.0
0.8,0.40011489300588826,0.2,0.15000000000000002,0.05263157894736842,0.25,1.0,0.25,0.14444444444444443,0.34989993328885927,0.5568662363676831,0.0
0.0,0.2530518454689072,1.0,0.7000000000000001,0.3157894736842105,0.3,1.0,0.0,0.7111111111111111,0.16644429619746498,0.1509014021811707,0.0
1.0000000000000002,0.5076834697687778,0.0,0.0,0.0,0.0,0.0,0.13333333333333333,0.9666666666666667,0.3332221480987325,0.39639439127531717,0.0
1.0000000000000002,1.0000000000000002,0.0,0.0,0.0,0.0,0.0,0.55,0.1111111111111111,0.42628418945963975,0.467616292009793,0.0
0.8,0.9747235387045814,0.05,0.0,0.05263157894736842,1.0,1.0,0.9166666666666666,0.1777777777777778,0.852901934623082,0.062319163142666376,0.0
0.8,1.0000000000000002,0.25,0.25,0.0,0.0,0.0,0.9333333333333333,0.28888888888888886,0.9112741827885256,0.15713331849543735,1.0
0.0,0.36995547896021835,0.05,0.0,0.05263157894736842,1.0,0.0,0.0,0.14444444444444443,0.16644429619746498,0.4173158246160695,0.0
0.6000000000000001,0.30346115180238403,0.1,0.05,0.05263157894736842,0.5,1.0,0.06666666666666667,0.7999999999999999,0.561707805203469,0.36278655686623634,1.0
1.0000000000000002,0.6321987649001868,0.0,0.0,0.0,0.0,0.0,0.8,0.6222222222222222,0.5517011340893929,0.42822167816603607,0.0
0.6000000000000001,0.44420508401551057,0.5,0.0,0.5263157894736842,1.0,1.0,0.36666666666666664,0.033333333333333326,0.4943295530353569,0.3253950589806366,1.0
0.4000000000000001,0.7456556082148502,0.2,0.0,0.21052631578947367,1.0,0.0,0.7833333333333333,0.42222222222222217,0.8375583722481654,0.5806810594257734,1.0
0.4000000000000001,0.4637368950165159,0.6000000000000001,0.1,0.5263157894736842,0.833,1.0,0.15,0.4111111111111111,0.723148765843896,0.39083018028043626,1.0
0.8,0.8759155536406722,0.05,0.0,0.05263157894736842,1.0,0.0,0.11666666666666667,0.5444444444444444,0.6577718478985991,0.6069441353216114,1.0
1.0000000000000002,0.8665804969122506,0.05,0.0,0.05263157894736842,1.0,0.0,0.08333333333333333,0.47777777777777775,0.020680453635757157,0.5546405519697306,0.0
0.0,0.25405715927042943,0.05,0.05,0.0,0.0,1.0,0.0,0.055555555555555525,0.16644429619746498,0.5584242154462496,0.0
0.2,0.31078558092776104,0.5,0.15000000000000002,0.3684210526315789,0.7,1.0,0.3333333333333333,0.3555555555555555,0.5620413609072715,0.5684397952370354,1.0
0.4000000000000001,0.2455838000861698,0.0,0.0,0.0,0.0,0.0,0.4666666666666667,0.15555555555555556,0.09472981987991995,0.7591809481415535,0.0
0.2,0.3791469194312797,0.30000000000000004,0.1,0.21052631578947367,0.667,1.0,0.8666666666666667,0.011111111111111072,0.9623082054703136,0.424438014689517,0.0
0.6000000000000001,0.806836133850352,0.4,0.35000000000000003,0.05263157894736842,0.125,1.0,0.016666666666666666,0.8666666666666666,0.19012675116744496,0.8324059648341864,0.0
1.0000000000000002,0.7117621714778115,0.0,0.0,0.0,0.0,1.0,0.6333333333333333,0.1333333333333333,0.32521681120747165,0.6136211885154684,1.0
0.0,0.007611661640097633,0.15000000000000002,0.1,0.05263157894736842,0.333,0.0,0.0,0.4666666666666667,0.16644429619746498,0.5604273314044068,1.0
0.6000000000000001,0.6220020106276032,0.0,0.0,0.0,0.0,0.0,0.7166666666666667,0.47777777777777775,0.8765843895930621,0.6187402626307589,1.0
1.0000000000000002,1.0000000000000002,0.2,0.05,0.15789473684210525,0.75,0.0,0.15,0.16666666666666663,0.589726484322882,0.3843756955263744,1.0
0.2,0.10225477524055732,0.0,0.0,0.0,0.0,1.0,0.16666666666666666,0.25555555555555554,0.4696464309539693,0.14021811707099932,1.0
0.2,0.5181674565560823,0.0,0.0,0.0,0.0,0.0,0.13333333333333333,0.7000000000000001,0.5950633755837225,0.6162920097930112,0.0
0.0,0.03274450667815598,0.15000000000000002,0.15000000000000002,0.0,0.0,0.0,0.0,0.9444444444444445,0.16644429619746498,0.35188070331626975,0.0
0.0,0.5023696682464456,0.4,0.1,0.3157894736842105,0.75,1.0,0.0,0.4444444444444444,0.16644429619746498,0.004896505675495215,0.0
1.0000000000000002,1.0000000000000002,0.25,0.1,0.15789473684210525,0.6,0.0,0.9,0.9333333333333332,0.8765843895930621,0.18117070999332296,0.0
0.8,0.5978744793910673,0.05,0.05,0.0,0.0,1.0,0.48333333333333334,0.3222222222222222,0.41360907271514347,0.8283997329178722,1.0
0.4000000000000001,0.3567427832830677,0.65,0.1,0.5789473684210527,0.846,0.0,0.6833333333333333,0.6666666666666666,0.5780520346897933,0.5735588693523258,1.0
0.2,0.6260232658336924,0.30000000000000004,0.25,0.05263157894736842,0.167,1.0,0.55,0.7222222222222222,0.090393595730487,0.3641219675050078,0.0
0.0,0.34870027287088906,0.45,0.30000000000000004,0.15789473684210525,0.333,1.0,0.0,0.34444444444444444,0.16644429619746498,0.6205208101491209,0.0
1.0000000000000002,0.9872181530949304,0.1,0.05,0.05263157894736842,0.5,1.0,0.5833333333333334,0.7555555555555556,0.8215476984656438,0.38504340084576005,1.0
0.2,0.4861410311647279,0.6000000000000001,0.0,0.631578947368421,1.0,1.0,0.8333333333333334,0.5444444444444444,0.2378252168112075,0.4406855107945693,0.0
0.4000000000000001,0.5911245152951317,0.0,0.0,0.0,0.0,0.0,0.5333333333333333,0.8111111111111112,0.5500333555703802,0.07277987981304251,1.0
0.0,0.4121786586241563,0.9500000000000001,0.30000000000000004,0.6842105263157894,0.684,0.0,0.0,0.9444444444444445,0.16644429619746498,0.6383262853327398,1.0
1.0000000000000002,1.0000000000000002,0.05,0.0,0.05263157894736842,1.0,1.0,0.7,0.033333333333333326,0.06037358238825884,0.4794124193189406,1.0
1.0000000000000002,1.0000000000000002,0.0,0.0,0.0,0.0,1.0,0.3,0.16666666666666663,0.6804536357571715,0.4671711551302025,1.0
0.8,0.9033462587964958,0.0,0.0,0.0,0.0,0.0,0.9166666666666666,0.2777777777777778,0.4389593062041361,0.4162029824170933,0.0
1.0000000000000002,0.5628321125951459,0.25,0.1,0.15789473684210525,0.6,1.0,0.18333333333333332,0.7777777777777778,0.19346230820547033,0.7398174938793679,0.0
1.0000000000000002,1.0000000000000002,0.0,0.0,0.0,0.0,1.0,0.16666666666666666,0.06666666666666665,0.6704469646430955,0.2000890273759181,0.0
0.4000000000000001,0.7975010771219304,0.05,0.0,0.05263157894736842,1.0,1.0,0.9666666666666667,0.9444444444444445,0.12274849899933289,0.1357667482750946,1.0
0.0,0.14174924601464894,0.8500000000000001,0.05,0.8421052631578947,0.941,1.0,0.0,0.15555555555555556,0.16644429619746498,0.7772089917649677,0.0
0.0,0.3869021973287377,0.8500000000000001,0.65,0.21052631578947367,0.235,0.0,0.0,0.7555555555555556,0.16644429619746498,0.3935010015579791,0.0
1.0000000000000002,0.8853942266264543,0.0,0.0,0.0,0.0,1.0,0.6833333333333333,0.33333333333333337,0.5166777851901267,0.8010238148230581,1.0
0.4000000000000001,0.39566278902771806,0.1,0.0,0.10526315789473684,1.0,0.0,0.26666666666666666,0.5777777777777777,0.48865910607071383,0.7591809481415535,1.0
0.0,0.5002154243860406,0.35000000000000003,0.05,0.3157894736842105,0.857,0.0,0.0,0.23333333333333328,0.16644429619746498,0.32962385933674604,0.0
0.4000000000000001,0.4617262674134713,0.05,0.05,0.0,0.0,1.0,0.36666666666666664,0.38888888888888884,0.8645763842561709,0.968172713109281,1.0
1.0000000000000002,0.7004164871463452,0.0,0.0,0.0,0.0,1.0,0.2,0.25555555555555554,0.8432288192128086,0.045181393278433124,1.0
0.0,0.368950165158696,0.45,0.15000000000000002,0.3157894736842105,0.667,1.0,0.0,0.5666666666666667,0.16644429619746498,0.25150233696861785,1.0
0.6000000000000001,0.6780123509981331,0.15000000000000002,0.0,0.15789473684210525,1.0,1.0,0.15,0.2222222222222222,0.19312875250166778,0.03204985533051413,0.0
1.0000000000000002,0.9438460433721099,0.05,0.05,0.0,0.0,1.0,0.9666666666666667,0.8111111111111112,0.18979319546364243,0.04429111951925217,1.0
0.6000000000000001,0.6225764756570444,0.0,0.0,0.0,0.0,1.0,0.7333333333333333,0.5222222222222223,0.17911941294196132,0.9999999999999999,1.0
0.8,0.650438029584949,0.0,0.0,0.0,0.0,1.0,0.7,0.9333333333333332,0.06104069379586391,0.2176719341197418,0.0
0.2,0.20666379434151944,0.5,0.1,0.42105263157894735,0.8,1.0,0.48333333333333334,0.5111111111111111,0.5133422281521014,0.10905853549966615,0.0
0.4000000000000001,0.4207956340657763,0.45,0.0,0.47368421052631576,1.0,1.0,0.08333333333333333,0.0444444444444444,0.294863242161441,0.3189405742265747,0.0
0.8,0.5503374982047968,0.0,0.0,0.0,0.0,1.0,0.9333333333333333,0.38888888888888884,0.7478318879252834,0.9274426886267527,1.0
0.4000000000000001,0.5705873904926038,0.30000000000000004,0.1,0.21052631578947367,0.667,0.0,0.85,0.6777777777777777,0.17278185456971315,0.8268417538393055,0.0
0.6000000000000001,0.5615395662789029,0.0,0.0,0.0,0.0,0.0,0.3,0.16666666666666663,0.7995330220146766,0.4373469841976408,1.0
1.0000000000000002,0.5677150653453973,0.2,0.0,0.21052631578947367,1.0,1.0,0.11666666666666667,0.011111111111111072,0.14242828552368247,0.8715780102381482,0.0
0.2,0.5517736607784003,0.5,0.15000000000000002,0.3684210526315789,0.7,1.0,0.16666666666666666,0.011111111111111072,0.7178118745830555,0.5179167594035166,0.0
0.0,0.16415338216286085,0.15000000000000002,0.0,0.15789473684210525,1.0,1.0,0.0,0.5444444444444444,0.16644429619746498,0.46472290229245494,1.0
0.6000000000000001,0.5803532959931066,0.25,0.15000000000000002,0.10526315789473684,0.4,1.0,0.75,0.7888888888888889,0.662108072048032,0.48720231471177383,0.0
0.8,0.3886255924170617,0.0,0.0,0.0,0.0,1.0,0.9166666666666666,0.5888888888888889,0.5383589059372915,0.7355886935232584,0.0
0.0,0.04064340083297435,0.45,0.1,0.3684210526315789,0.778,1.0,0.0,0.23333333333333328,0.16644429619746498,0.6906298686846204,1.0
1.0000000000000002,0.8045382737325866,0.0,0.0,0.0,0.0,1.0,0.7833333333333333,0.5555555555555556,0.2988659106070714,0.8161584687291341,0.0
0.2,0.22418497773948004,0.0,0.0,0.0,0.0,0.0,0.6166666666666667,0.5222222222222223,0.12708472314876584,0.313598931671489,1.0
0.0,0.38431710469625174,0.9500000000000001,0.9500000000000001,0.0,0.0,1.0,0.0,0.6777777777777777,0.16644429619746498,0.2897841086133986,1.0
0.4000000000000001,0.1622863708171765,0.0,0.0,0.0,0.0,1.0,0.5333333333333333,0.9555555555555556,0.7608405603735824,0.009347874471399955,1.0
0.8,0.7488151658767774,0.1,0.1,0.0,0.0,1.0,0.7166666666666667,0.7444444444444444,0.9883255503669113,0.5962608502114399,1.0
0.2,0.553353439609364,0.6000000000000001,0.6000000000000001,0.0,0.0,1.0,0.6,0.6555555555555556,0.22448298865910607,0.7921210772312486,0.0
1.0000000000000002,0.7409162717219591,0.25,0.05,0.21052631578947367,0.8,0.0,0.45,0.24444444444444446,0.9342895263509006,0.03627865568662364,1.0
0.8,0.7412035042366798,0.0,0.0,0.0,0.0,1.0,0.4666666666666667,0.1111111111111111,0.7591727818545697,0.9227687513910526,0.0
0.4000000000000001,0.44836995547896036,0.4,0.2,0.21052631578947367,0.5,0.0,0.2,0.1111111111111111,0.7471647765176785,0.604718450923659,0.0
0.6000000000000001,0.21312652592273446,0.0,0.0,0.0,0.0,1.0,0.4666666666666667,0.18888888888888888,0.3122081387591728,0.38949476964166485,0.0
0.4000000000000001,0.4101680310211116,0.25,0.1,0.15789473684210525,0.6,0.0,0.26666666666666666,0.33333333333333337,0.6480987324883256,0.5931448920543066,0.0
0.6000000000000001,0.4358753410886113,0.4,0.30000000000000004,0.10526315789473684,0.25,1.0,0.55,0.15555555555555556,0.07071380920613743,0.23547740930336078,1.0
0.6000000000000001,0.7627459428407297,0.1,0.1,0.0,0.0,1.0,0.65,0.9222222222222222,0.6727818545697131,0.28600044513687956,0.0
1.0000000000000002,1.0000000000000002,0.05,0.0,0.05263157894736842,1.0,1.0,0.95,0.12222222222222218,0.2378252168112075,0.12219007344758513,1.0
0.0,0.3106419646704008,0.45,0.35000000000000003,0.10526315789473684,0.222,0.0,0.0,0.16666666666666663,0.16644429619746498,0.9864233251724904,0.0
0.4000000000000001,0.6438316817463738,0.0,0.0,0.0,0.0,1.0,0.45,0.055555555555555525,0.333555703802535,0.5610950367237925,0.0
0.0,0.5609651012494616,0.6000000000000001,0.35000000000000003,0.2631578947368421,0.417,1.0,0.0,0.1333333333333333,0.16644429619746498,0.6917427108835966,0.0
0.8,0.5532098233520035,0.35000000000000003,0.15000000000000002,0.21052631578947367,0.571,1.0,0.7666666666666666,0.7999999999999999,0.29953302201467646,0.8168261740485199,1.0
1.0000000000000002,1.0000000000000002,0.0,0.0,0.0,0.0,0.0,0.2833333333333333,0.3111111111111111,0.5106737825216812,0.5194747384820833,0.0
0.0,0.06276030446646563,0.8500000000000001,0.55,0.3157894736842105,0.353,0.0,0.0,0.3555555555555555,0.16644429619746498,0.3029156465613176,1.0
0.8,0.7180812868016662,0.0,0.0,0.0,0.0,0.0,1.0,0.5555555555555556,0.7008005336891261,0.7362563988426442,1.0
0.2,0.20292977165015086,0.45,0.05,0.42105263157894735,0.889,1.0,0.2,0.8444444444444444,0.11674449633088727,0.7834409080792343,1.0
0.8,0.7366077840011491,0.0,0.0,0.0,0.0,1.0,0.6833333333333333,0.888888888888889,0.7778519012675116,0.18651235254840864,0.0
1.0000000000000002,0.5694384604337213,0.0,0.0,0.0,0.0,1.0,0.7333333333333333,0.7111111111111111,0.923282188125417,0.8889383485421767,1.0
0.2,0.5598161711905787,0.1,0.0,0.10526315789473684,1.0,0.0,0.5666666666666667,0.8111111111111112,0.18045363575717144,0.9216559091920765,0.0
0.2,0.5121355737469482,0.35000000000000003,0.1,0.2631578947368421,0.714,1.0,0.3,0.34444444444444444,0.6624416277518346,0.3218339639439128,0.0
0.0,0.23466896452678448,0.75,0.7000000000000001,0.05263157894736842,0.067,1.0,0.0,0.7444444444444444,0.16644429619746498,0.39461384375695524,0.0
0.0,0.4836995547896022,0.1,0.0,0.10526315789473684,1.0,1.0,0.0,0.16666666666666663,0.16644429619746498,0.942799910972624,0.0
1.0000000000000002,0.8694528220594573,0.0,0.0,0.0,0.0,0.0,0.26666666666666666,0.8777777777777779,0.4509673115410273,0.24838637881148454,1.0
0.0,0.4566996984058596,0.75,0.1,0.6842105263157894,0.867,0.0,0.0,0.3111111111111111,0.16644429619746498,0.3712441575784554,0.0
1.0000000000000002,0.6396668102829242,0.0,0.0,0.0,0.0,0.0,0.5166666666666666,0.3222222222222222,0.5156771180787192,0.787002003115958,1.0
0.4000000000000001,0.4907367514002587,0.35000000000000003,0.2,0.15789473684210525,0.429,1.0,0.05,0.011111111111111072,0.02601734489659774,0.7914533719118628,1.0
0.6000000000000001,0.5916989803245727,0.0,0.0,0.0,0.0,1.0,0.26666666666666666,0.6444444444444445,0.9092728485657104,0.9717338081460049,0.0
0.6000000000000001,0.4542582220307339,0.0,0.0,0.0,0.0,0.0,0.3833333333333333,0.1111111111111111,0.29452968645763844,0.5023369686178499,0.0
0.4000000000000001,0.38015223323280206,0.1,0.1,0.0,0.0,1.0,0.7333333333333333,0.47777777777777775,0.07571714476317544,0.932561762742043,1.0
1.0000000000000002,0.7038632773229931,0.2,0.15000000000000002,0.05263157894736842,0.25,0.0,0.55,0.688888888888889,0.25083388925950634,0.9094146450033385,0.0
0.0,0.2704294126095074,0.9,0.4,0.5263157894736842,0.556,0.0,0.0,0.6666666666666666,0.16644429619746498,0.23859336746049412,1.0
0.6000000000000001,0.48111446215711623,0.2,0.15000000000000002,0.05263157894736842,0.25,1.0,0.2,0.5444444444444444,0.3732488325550367,0.4582684175383931,0.0
0.2,0.24170616113744087,0.7000000000000001,0.7000000000000001,0.0,0.0,0.0,0.3,0.1777777777777778,0.7154769846564377,0.7280213665702203,0.0
0.4000000000000001,0.34625879649576335,0.0,0.0,0.0,0.0,0.0,0.48333333333333334,0.7666666666666667,0.975650433622415,0.5341642555085688,0.0
1.0000000000000002,0.5405715927042942,0.0,0.0,0.0,0.0,1.0,0.08333333333333333,0.12222222222222218,0.8318879252835223,0.09325617627420432,0.0
1.0000000000000002,1.0000000000000002,0.0,0.0,0.0,0.0,1.0,0.13333333333333333,0.6444444444444445,0.6124082721814543,0.05497440462942355,0.0
0.8,0.9870745368375702,0.4,0.4,0.0,0.0,1.0,0.26666666666666666,0.9111111111111111,0.6137424949966644,0.6218562207878922,0.0
0.6000000000000001,0.9403992531954619,0.0,0.0,0.0,0.0,1.0,0.15,0.8111111111111112,0.4903268845897265,0.31315379479189853,1.0
1.0000000000000002,1.0000000000000002,0.0,0.0,0.0,0.0,1.0,0.26666666666666666,0.24444444444444446,0.900266844563042,0.7342532828844869,1.0
1.0000000000000002,1.0000000000000002,0.0,0.0,0.0,0.0,1.0,0.8833333333333333,0.5222222222222223,0.7945296864576383,0.058090362786556875,1.0
0.0,0.21800947867298576,0.55,0.5,0.05263157894736842,0.091,1.0,0.0,0.3222222222222222,0.16644429619746498,0.9810816826174049,0.0
1.0000000000000002,0.7554215137153526,0.05,0.0,0.05263157894736842,1.0,1.0,0.85,0.1777777777777778,0.3388925950633756,0.360560872468284,1.0
0.2,0.06793048973143762,0.35000000000000003,0.2,0.15789473684210525,0.429,1.0,0.3,0.8555555555555555,0.10040026684456305,0.18495437346984198,1.0
0.4000000000000001,0.3807266982622434,0.0,0.0,0.0,0.0,1.0,0.06666666666666667,0.43333333333333335,0.8892595063375583,0.21566881816158467,1.0
0.6000000000000001,0.27732299296280344,0.4,0.25,0.15789473684210525,0.375,1.0,0.2833333333333333,0.47777777777777775,0.7851901267511674,0.7703093701313153,1.0
0.2,0.09751543874766616,0.8,0.05,0.7894736842105263,0.938,0.0,0.31666666666666665,1.0,0.28252168112074716,0.8606721566881815,0.0
1.0000000000000002,0.9464311360045958,0.15000000000000002,0.15000000000000002,0.0,0.0,0.0,0.7,0.8111111111111112,0.2645096731154103,0.21099488092588473,1.0
0.0,0.052850782708602606,0.30000000000000004,0.15000000000000002,0.15789473684210525,0.5,0.0,0.0,0.33333333333333337,0.16644429619746498,0.09592699755174718,1.0
0.2,0.4783857532672699,0.45,0.4,0.05263157894736842,0.111,1.0,0.85,0.6111111111111112,0.5673782521681121,0.3425328288448698,0.0
0.6000000000000001,0.7779692661209252,0.0,0.0,0.0,0.0,1.0,0.95,0.9888888888888888,0.48465643762508337,0.02871132873358558,0.0
0.4000000000000001,0.4196467040068937,0.30000000000000004,0.25,0.05263157894736842,0.167,1.0,0.8,0.4666666666666667,0.1340893929286191,0.31782773202759845,0.0
1.0000000000000002,0.711618555220451,0.0,0.0,0.0,0.0,1.0,0.03333333333333333,0.34444444444444444,0.042695130086724487,0.5742265746717115,0.0
1.0000000000000002,1.0000000000000002,0.0,0.0,0.0,0.0,0.0,0.5666666666666667,0.5666666666666667,0.5993995997331555,0.5642109948809259,0.0
0.0,0.21355737469481556,1.0,0.8,0.21052631578947367,0.2,1.0,0.0,0.888888888888889,0.16644429619746498,0.6129534831960828,1.0
0.2,0.2734453540140744,0.8500000000000001,0.65,0.21052631578947367,0.235,1.0,0.85,0.4444444444444444,0.4513008672448299,0.8746939683952816,0.0
0.4000000000000001,0.3126525922734454,0.4,0.15000000000000002,0.2631578947368421,0.625,1.0,0.36666666666666664,0.2222222222222222,0.104736490993996,0.8771422212330291,0.0
0.6000000000000001,0.4296998420221169,0.0,0.0,0.0,0.0,1.0,0.6666666666666666,0.0222222222222222,0.24049366244162776,0.06721566881816159,0.0
0.4000000000000001,0.6260232658336924,0.45,0.1,0.3684210526315789,0.778,1.0,0.3,0.8222222222222223,0.4009339559706471,0.9223236145114623,0.0
0.4000000000000001,0.1673129398247883,0.7000000000000001,0.4,0.3157894736842105,0.429,1.0,0.8833333333333333,0.33333333333333337,0.07838559039359573,0.4446917427108836,1.0
0.8,0.633922159988511,0.0,0.0,0.0,0.0,1.0,0.4166666666666667,0.0222222222222222,0.10973982655103404,0.013354106387714221,0.0
0.8,0.4137584374551199,0.0,0.0,0.0,0.0,1.0,0.11666666666666667,0.7555555555555556,0.7915276851234156,0.9234364567104384,0.0
0.8,0.6543156685336782,0.35000000000000003,0.05,0.3157894736842105,0.857,1.0,0.55,0.4555555555555556,0.08639092728485658,0.6701535722234587,0.0
1.0000000000000002,0.8569582076691085,0.0,0.0,0.0,0.0,1.0,0.9833333333333333,0.688888888888889,0.11274182788525683,0.41175161362118856,0.0
0.4000000000000001,0.7929053568863997,0.30000000000000004,0.0,0.3157894736842105,1.0,0.0,0.05,0.7555555555555556,0.3342228152101401,0.7260182506120633,0.0
1.0000000000000002,0.6938101393077698,0.2,0.15000000000000002,0.05263157894736842,0.25,1.0,0.23333333333333334,0.6444444444444445,0.8248832555036691,0.19074115290451815,1.0
0.4000000000000001,0.6324859974149075,0.0,0.0,0.0,0.0,1.0,0.25,0.4444444444444444,0.981987991994663,0.789672824393501,1.0
0.6000000000000001,0.3255780554358753,0.1,0.05,0.05263157894736842,0.5,1.0,0.9166666666666666,0.23333333333333328,0.28218812541694466,0.34898731359893165,0.0
0.0,0.22777538417348847,0.15000000000000002,0.05,0.10526315789473684,0.667,1.0,0.0,0.5666666666666667,0.16644429619746498,0.5911417760961495,0.0
0.6000000000000001,0.41160419359471495,0.30000000000000004,0.2,0.10526315789473684,0.333,1.0,0.75,0.0444444444444444,0.3302201467645097,0.8446472290229246,0.0
0.2,0.6291828234956198,0.8,0.55,0.2631578947368421,0.312,1.0,0.18333333333333332,0.24444444444444446,0.5663775850567045,0.5664366792788782,0.0
0.4000000000000001,0.3639235961510843,0.65,0.15000000000000002,0.5263157894736842,0.769,0.0,0.3833333333333333,0.8666666666666666,0.8218812541694462,0.8039172045403962,0.0
0.0,0.14835559385322422,0.15000000000000002,0.15000000000000002,0.0,0.0,1.0,0.0,0.8666666666666666,0.16644429619746498,0.4186512352548409,0.0
0.0,0.3020249892287807,0.7000000000000001,0.4,0.3157894736842105,0.429,1.0,0.0,0.3555555555555555,0.16644429619746498,0.3011350990429557,0.0
0.6000000000000001,0.827947723682321,0.0,0.0,0.0,0.0,1.0,0.6,0.0222222222222222,0.03935957304869914,0.9234364567104384,1.0
0.8,0.45698693092058024,0.0,0.0,0.0,0.0,0.0,0.11666666666666667,0.33333333333333337,0.7378252168112074,0.8709103049187625,1.0
0.2,0.12236105127100388,0.15000000000000002,0.15000000000000002,0.0,0.0,1.0,0.5333333333333333,0.7000000000000001,0.5436957971981321,0.005564210994880926,1.0
0.4000000000000001,0.3175355450236967,0.0,0.0,0.0,0.0,1.0,0.6166666666666667,0.7222222222222222,0.9016010673782522,0.2668595593144892,1.0
0.6000000000000001,0.41806692517592997,0.0,0.0,0.0,0.0,0.0,0.7833333333333333,0.8333333333333334,0.23815877251501,0.3890496327620743,1.0
0.2,0.45899755852362495,0.75,0.55,0.21052631578947367,0.267,1.0,0.15,0.055555555555555525,0.3082054703135424,0.9000667705319386,0.0
0.0,0.3150940686485711,0.8,0.65,0.15789473684210525,0.188,1.0,0.0,0.888888888888889,0.16644429619746498,0.660137992432673,1.0
0.8,0.4546890708028149,0.0,0.0,0.0,0.0,0.0,0.43333333333333335,0.8444444444444444,0.05436957971981321,0.20454039617182282,0.0
0.2,0.5352577911819618,0.30000000000000004,0.30000000000000004,0.0,0.0,1.0,0.75,0.16666666666666663,0.8305537024683123,0.7260182506120633,1.0
0.4000000000000001,0.6228637081717652,0.0,0.0,0.0,0.0,0.0,0.6833333333333333,0.07777777777777778,0.004336224149432938,0.27375918094814156,0.0
0.0,0.4697687778256499,0.9500000000000001,0.75,0.21052631578947367,0.211,1.0,0.0,0.6333333333333333,0.16644429619746498,0.6445582016470064,1.0
0.6000000000000001,0.8043946574752263,0.0,0.0,0.0,0.0,0.0,0.31666666666666665,0.6111111111111112,0.15777184789859908,0.0031159581571333183,1.0
0.6000000000000001,0.5427258365646992,0.05,0.05,0.0,0.0,0.0,0.43333333333333335,0.1777777777777778,0.7608405603735824,0.5154685065657689,0.0
0.6000000000000001,0.7196610656326299,0.0,0.0,0.0,0.0,0.0,0.6166666666666667,0.9333333333333332,0.647765176784523,0.5119074115290452,0.0
0.8,1.0000000000000002,0.0,0.0,0.0,0.0,1.0,0.4166666666666667,0.28888888888888886,0.9489659773182122,0.0636545737814378,1.0
0.6000000000000001,0.42381157547034337,0.05,0.0,0.05263157894736842,1.0,0.0,0.85,0.9888888888888888,0.1077384923282188,0.8733585577565101,1.0
1.0000000000000002,0.6528795059600747,0.0,0.0,0.0,0.0,0.0,0.7166666666666667,0.888888888888889,0.7738492328218813,0.8660137992432673,1.0
0.8,0.5445928479103836,0.0,0.0,0.0,0.0,1.0,0.7333333333333333,0.14444444444444443,0.180787191460974,0.3552192299131983,1.0
0.2,0.6820336062042225,0.0,0.0,0.0,0.0,1.0,0.95,0.888888888888889,0.5757171447631755,0.719341197418206,1.0
0.6000000000000001,0.8535114174924603,0.0,0.0,0.0,0.0,0.0,0.6,0.5444444444444444,0.30920613742494996,0.9597151123970621,1.0
0.0,0.45612523337641825,0.30000000000000004,0.2,0.10526315789473684,0.333,0.0,0.0,0.5111111111111111,0.16644429619746498,0.603828177164478,1.0
1.0000000000000002,1.0000000000000002,0.05,0.05,0.0,0.0,1.0,0.4666666666666667,0.1111111111111111,0.9076050700466978,0.4780770086801691,0.0
0.8,1.0000000000000002,0.0,0.0,0.0,0.0,0.0,0.8,0.2666666666666666,0.42028018679119417,0.5466280881371021,0.0
0.8,1.0000000000000002,0.1,0.0,0.10526315789473684,1.0,1.0,0.6,0.6333333333333333,0.3845897264843229,0.2259069663921656,1.0
0.8,0.7605916989803247,0.0,0.0,0.0,0.0,1.0,0.8,0.38888888888888884,0.6460973982655104,0.8671266414422434,0.0
0.0,0.15955766192733017,0.2,0.05,0.15789473684210525,0.75,1.0,0.0,0.6333333333333333,0.16644429619746498,0.8706877364789672,1.0
0.8,0.7883096366508691,0.30000000000000004,0.1,0.21052631578947367,0.667,1.0,0.5666666666666667,0.888888888888889,0.49766511007338227,0.8090362786556866,0.0
1.0000000000000002,0.998276604911676,0.1,0.05,0.05263157894736842,0.5,1.0,0.48333333333333334,0.3666666666666667,0.7518345563709139,0.8408635655464054,1.0
0.2,0.4433433864713487,0.1,0.05,0.05263157894736842,0.5,1.0,0.85,0.34444444444444444,0.008672448298865904,0.04184286668150456,1.0
1.0000000000000002,1.0000000000000002,0.0,0.0,0.0,0.0,1.0,0.9833333333333333,0.38888888888888884,0.18112074716477652,0.586022701980859,1.0
0.8,1.0000000000000002,0.30000000000000004,0.2,0.10526315789473684,0.333,1.0,0.4166666666666667,0.7999999999999999,0.4836557705136758,0.2434898731359893,1.0
0.4000000000000001,0.8625592417061614,0.5,0.5,0.0,0.0,1.0,0.9666666666666667,0.8777777777777779,0.848565710473649,0.05742265746717116,0.0
0.6000000000000001,0.3962372540571593,0.45,0.4,0.05263157894736842,0.111,1.0,0.5,0.9333333333333332,0.5893929286190793,0.5047852214555976,1.0
0.2,0.4375987361769353,0.5,0.15000000000000002,0.3684210526315789,0.7,0.0,0.95,0.7777777777777778,0.2778519012675117,0.6294235477409302,0.0
0.6000000000000001,0.5968691655895451,0.2,0.2,0.0,0.0,0.0,0.6,0.12222222222222218,0.5970647098065377,0.7854440240373913,1.0
0.6000000000000001,0.3700990952175787,0.0,0.0,0.0,0.0,1.0,0.45,0.4555555555555556,0.4509673115410273,0.1789450255953706,0.0
0.0,0.3988223466896453,0.9,0.0,0.9473684210526315,1.0,1.0,0.0,0.7666666666666667,0.16644429619746498,0.3093701313153795,1.0
0.4000000000000001,0.7549906649432716,0.2,0.1,0.10526315789473684,0.5,1.0,0.65,0.9111111111111111,0.08905937291527685,0.442243489873136,1.0
0.6000000000000001,0.8773517162142754,0.0,0.0,0.0,0.0,1.0,0.43333333333333335,0.6,0.9656437625083389,0.38370799020698865,0.0
0.6000000000000001,0.7117621714778115,0.0,0.0,0.0,0.0,0.0,0.016666666666666666,0.7444444444444444,0.4349566377585057,0.921210772312486,1.0
0.2,0.6488582507539855,0.2,0.05,0.15789473684210525,0.75,1.0,0.8,0.4666666666666667,0.8075383589059373,0.37636323169374586,1.0
0.0,0.5397098951601322,0.9500000000000001,0.35000000000000003,0.631578947368421,0.632,1.0,0.0,0.4666666666666667,0.16644429619746498,0.4311150678833741,0.0
0.0,0.524917420652018,1.0,0.65,0.3684210526315789,0.35,1.0,0.0,0.2777777777777778,0.16644429619746498,0.26196305363899397,0.0
0.8,1.0000000000000002,0.0,0.0,0.0,0.0,1.0,0.48333333333333334,0.3222222222222222,0.5396931287525016,0.7553972846650345,0.0
0.0,0.48671549619416926,1.0,0.1,0.9473684210526315,0.9,0.0,0.0,0.3555555555555555,0.16644429619746498,0.2949031827286891,0.0
1.0000000000000002,0.6518741921585525,0.0,0.0,0.0,0.0,1.0,0.75,0.06666666666666665,0.8368912608405605,0.8125973736924105,0.0
0.4000000000000001,0.46474220881803824,0.5,0.15000000000000002,0.3684210526315789,0.7,0.0,0.16666666666666666,0.888888888888889,0.15977318212141428,0.6812819942132206,0.0
0.0,0.5366939537555651,0.9,0.75,0.15789473684210525,0.167,0.0,0.0,0.6333333333333333,0.16644429619746498,0.4665034498108168,1.0
0.4000000000000001,0.5366939537555651,0.2,0.1,0.10526315789473684,0.5,1.0,0.55,0.6333333333333333,0.26250833889259506,0.8766970843534386,0.0
0.6000000000000001,0.8658624156254489,0.25,0.05,0.21052631578947367,0.8,0.0,0.4666666666666667,0.2222222222222222,0.2715143428952635,0.09192076563543289,1.0
1.0000000000000002,1.0000000000000002,0.0,0.0,0.0,0.0,1.0,0.8666666666666667,0.6444444444444445,0.9629753168779187,0.7567326953038058,0.0
1.0000000000000002,0.6342093925032315,0.25,0.2,0.05263157894736842,0.2,1.0,0.7333333333333333,0.19999999999999996,0.2541694462975317,0.6029379034052971,0.0
0.4000000000000001,0.8118627028579637,0.35000000000000003,0.1,0.2631578947368421,0.714,1.0,0.9,0.18888888888888888,0.23582388258839226,0.5715557533941686,0.0
0.6000000000000001,0.8569582076691085,0.0,0.0,0.0,0.0,1.0,0.4,0.8333333333333334,0.9292861907938625,0.10594257734253282,1.0
0.6000000000000001,0.6714060031595579,0.0,0.0,0.0,0.0,1.0,0.9333333333333333,0.9222222222222222,0.38192128085390264,0.6332072112174494,1.0
1.0000000000000002,0.4427689214419073,0.0,0.0,0.0,0.0,0.0,0.25,0.9,0.18979319546364243,0.25083463164923214,0.0
1.0000000000000002,1.0000000000000002,0.0,0.0,0.0,0.0,0.0,0.31666666666666665,0.6444444444444445,0.9893262174783191,0.5439572668595593,1.0
1.0000000000000002,0.9177078845325293,0.0,0.0,0.0,0.0,0.0,0.2,0.29999999999999993,0.9703135423615745,0.44001780547518365,1.0
0.6000000000000001,0.6074967686342096,0.0,0.0,0.0,0.0,1.0,0.6666666666666666,0.5222222222222223,0.8002001334222815,0.9465835744491431,0.0
0.6000000000000001,0.7436449806118055,0.0,0.0,0.0,0.0,0.0,0.5166666666666666,0.6444444444444445,0.5126751167444964,0.4698419764077454,1.0
0.4000000000000001,0.7684905931351429,0.45,0.2,0.2631578947368421,0.556,1.0,0.1,0.6111111111111112,0.6024016010673783,0.8235032272423769,1.0
0.8,0.8708889846330607,0.0,0.0,0.0,0.0,1.0,0.1,0.888888888888889,0.09306204136090726,0.719341197418206,0.0
0.2,0.3860404997845756,0.6000000000000001,0.6000000000000001,0.0,0.0,0.0,0.36666666666666664,0.24444444444444446,0.918945963975984,0.8453149343423102,1.0
0.0,0.015941404566996997,1.0,1.0,0.0,0.0,1.0,0.0,0.8777777777777779,0.16644429619746498,0.0456265301580236,0.0
0.2,0.7086026138158841,0.7000000000000001,0.0,0.7368421052631579,1.0,0.0,0.31666666666666665,0.48888888888888893,0.7831887925283523,0.4041842866681505,1.0
0.6000000000000001,0.7959212982909667,0.35000000000000003,0.25,0.10526315789473684,0.286,1.0,0.11666666666666667,0.4111111111111111,0.4159439626417612,0.9630536389939907,0.0
0.2,0.321556800229786,0.0,0.0,0.0,0.0,1.0,0.2,0.23333333333333328,0.9723148765843896,0.8094814155352771,0.0
0.6000000000000001,0.4799655320982336,0.45,0.30000000000000004,0.15789473684210525,0.333,0.0,0.6,0.4,0.7261507671781189,0.5597596260850211,1.0
0.6000000000000001,0.8526497199482983,0.0,0.0,0.0,0.0,1.0,0.15,0.6,0.18312208138759173,0.4631649232138883,0.0
0.6000000000000001,0.7804107424960507,0.05,0.0,0.05263157894736842,1.0,0.0,0.8333333333333334,0.07777777777777778,0.3825883922615077,0.3329623859336746,0.0
0.2,0.2753123653597587,0.45,0.4,0.05263157894736842,0.111,0.0,0.4166666666666667,0.5666666666666667,0.2848565710473649,0.7536167371466725,0.0
0.6000000000000001,0.9131121642969986,0.0,0.0,0.0,0.0,0.0,0.18333333333333332,0.33333333333333337,0.11674449633088727,0.9951034943245047,0.0
0.8,0.966250179520322,0.0,0.0,0.0,0.0,0.0,0.48333333333333334,0.9333333333333332,0.423949299533022,0.6078344090807923,1.0
0.8,0.5691512279190005,0.1,0.1,0.0,0.0,0.0,0.36666666666666664,0.4444444444444444,0.8932621747831888,0.08056977520587581,0.0
0.0,0.12494614390348985,0.55,0.05,0.5263157894736842,0.909,1.0,0.0,0.9666666666666667,0.16644429619746498,0.8853772535054528,0.0
0.6000000000000001,0.4318540858825219,0.0,0.0,0.0,0.0,1.0,0.9333333333333333,0.7444444444444444,0.9869913275517013,0.0661028266191854,1.0
0.6000000000000001,0.7051558236392361,0.0,0.0,0.0,0.0,0.0,0.3,0.8777777777777779,0.6330887258172115,0.5490763409748497,1.0
0.6000000000000001,0.79304897314376,0.05,0.0,0.05263157894736842,1.0,0.0,0.4,0.9444444444444445,0.39826551034022684,0.6116180725573113,1.0
0.0,0.44147637512566423,0.7000000000000001,0.30000000000000004,0.42105263157894735,0.571,1.0,0.0,0.7111111111111111,0.16644429619746498,0.15401736033830402,1.0
1.0000000000000002,0.9221599885106995,0.0,0.0,0.0,0.0,1.0,0.4166666666666667,0.9555555555555556,0.3155436957971981,0.5308257289116403,0.0
0.2,0.5158695964383169,0.4,0.0,0.42105263157894735,1.0,1.0,0.6666666666666666,0.21111111111111114,0.9259506337558372,0.2368128199421322,0.0
0.2,0.20781272440040216,0.7000000000000001,0.25,0.47368421052631576,0.643,0.0,0.23333333333333334,0.7333333333333333,0.6070713809206139,0.18873803694636102,1.0
0.0,0.050840155105557894,0.1,0.05,0.05263157894736842,0.5,1.0,0.0,0.4555555555555556,0.16644429619746498,0.02937903405297129,1.0
0.8,1.0000000000000002,0.05,0.0,0.05263157894736842,1.0,0.0,0.8666666666666667,0.1333333333333333,0.2551701134089393,0.5849098597818828,1.0
0.6000000000000001,0.5645555076834701,0.0,0.0,0.0,0.0,1.0,0.85,0.5333333333333333,0.07371581054036025,0.9919875361673713,1.0
0.2,0.27315812149935376,0.8500000000000001,0.30000000000000004,0.5789473684210527,0.647,0.0,0.5166666666666666,0.43333333333333335,0.6034022681787858,0.2913420876919653,0.0
1.0000000000000002,1.0000000000000002,0.0,0.0,0.0,0.0,0.0,0.15,0.7000000000000001,0.7968645763842561,0.3015802359225462,1.0
0.0,0.06376561826798799,0.25,0.25,0.0,0.0,0.0,0.0,1.0,0.16644429619746498,0.8399732917872246,1.0
0.0,0.2885250610369094,0.45,0.4,0.05263157894736842,0.111,1.0,0.0,0.2777777777777778,0.16644429619746498,0.6098375250389494,1.0
0.2,0.27315812149935376,0.2,0.05,0.15789473684210525,0.75,1.0,0.16666666666666666,0.8111111111111112,0.6324216144096064,0.6285332739817493,1.0
0.0,0.06362200201062757,0.75,0.4,0.3684210526315789,0.467,1.0,0.0,0.38888888888888884,0.16644429619746498,0.6946361006009347,0.0
0.2,0.2010627603044664,0.35000000000000003,0.2,0.15789473684210525,0.429,1.0,0.13333333333333333,0.3222222222222222,0.8382254836557705,0.7260182506120633,1.0
0.0,0.4615826511561109,0.9,0.6000000000000001,0.3157894736842105,0.333,1.0,0.0,0.9222222222222222,0.16644429619746498,0.7760961495659916,1.0
0.2,0.6102254775240559,0.2,0.05,0.15789473684210525,0.75,1.0,0.95,0.5333333333333333,0.5713809206137426,0.9367905630981527,1.0
0.6000000000000001,0.3795777682033606,0.0,0.0,0.0,0.0,0.0,0.7333333333333333,0.2222222222222222,0.17444963308872583,0.8606721566881815,0.0
1.0000000000000002,1.0000000000000002,0.0,0.0,0.0,0.0,0.0,0.8666666666666667,0.07777777777777778,0.743829219479653,0.5477409303360783,1.0
0.2,0.6264541146057734,0.0,0.0,0.0,0.0,1.0,0.65,0.8444444444444444,0.7908605737158105,0.2259069663921656,1.0
0.2,0.556800229786012,0.75,0.75,0.0,0.0,1.0,0.5166666666666666,0.6111111111111112,0.4039359573048699,0.728689071889606,0.0
0.2,0.09521757862990093,0.15000000000000002,0.05,0.10526315789473684,0.667,1.0,0.48333333333333334,0.888888888888889,0.9132755170113409,0.10905853549966615,0.0
1.0000000000000002,0.6999856383742642,0.2,0.05,0.15789473684210525,0.75,1.0,0.5166666666666666,0.29999999999999993,0.05370246831220814,0.8691297574004007,1.0
0.4000000000000001,0.2807697831394515,0.0,0.0,0.0,0.0,0.0,0.8,0.8333333333333334,0.5290193462308206,0.37191186289784106,1.0
0.8,0.34424816889271875,0.0,0.0,0.0,0.0,0.0,0.9166666666666666,0.011111111111111072,0.24449633088725817,0.472290229245493,1.0
0.0,0.27890277179376705,0.55,0.2,0.3684210526315789,0.636,1.0,0.0,0.0222222222222222,0.16644429619746498,0.16136211885154686,0.0
0.6000000000000001,0.6785868160275745,0.35000000000000003,0.15000000000000002,0.21052631578947367,0.571,0.0,0.6166666666666667,0.9666666666666667,0.33155436957971984,0.9174271088359669,1.0
0.2,0.6141031164727848,0.2,0.05,0.15789473684210525,0.75,0.0,0.55,0.5666666666666667,0.786190793862575,0.801914088582239,0.0
0.8,0.7180812868016662,0.0,0.0,0.0,0.0,1.0,0.5666666666666667,0.6444444444444445,0.14876584389593062,0.8942799910972623,0.0
1.0000000000000002,0.5082579347982192,0.0,0.0,0.0,0.0,1.0,0.3833333333333333,0.9444444444444445,0.9412941961307539,0.42332517249054086,0.0
0.6000000000000001,0.7953468332615254,0.55,0.1,0.47368421052631576,0.818,1.0,0.95,0.2666666666666666,0.5003335557038026,0.8686846205208101,1.0
0.0,0.003877638948729001,0.0,0.0,0.0,0.0,0.0,0.0,0.1333333333333333,0.16644429619746498,0.7979078566659247,0.0
0.6000000000000001,0.4709177078845325,0.1,0.1,0.0,0.0,0.0,0.43333333333333335,0.38888888888888884,0.1894596397598399,0.12219007344758513,1.0
0.4000000000000001,0.6705443056153959,0.55,0.5,0.05263157894736842,0.091,1.0,0.31666666666666665,0.3666666666666667,0.21280853902601735,0.738927220120187,1.0
0.2,0.20522763176791609,0.4,0.25,0.15789473684210525,0.375,1.0,0.2,0.9444444444444445,0.6684456304202802,0.5241486757177831,1.0
0.6000000000000001,0.7485279333620567,0.2,0.0,0.21052631578947367,1.0,0.0,0.8333333333333334,0.6555555555555556,0.14776517678452303,0.4222123302915647,0.0
1.0000000000000002,0.8558092776102255,0.0,0.0,0.0,0.0,1.0,0.85,0.3666666666666667,0.3385590393595731,0.6935232584019586,0.0
0.2,0.20896165445928488,0.75,0.15000000000000002,0.631578947368421,0.8,0.0,0.6333333333333333,0.47777777777777775,0.2731821214142762,0.5671043845982638,1.0
0.8,0.6704006893580354,0.0,0.0,0.0,0.0,0.0,0.25,0.0444444444444444,0.8052034689793195,0.4015134653906076,0.0
0.0,0.44434870027287093,0.7000000000000001,0.7000000000000001,0.0,0.0,1.0,0.0,0.08888888888888885,0.16644429619746498,0.10171377698642332,0.0
0.6000000000000001,0.9197185121355738,0.5,0.4,0.10526315789473684,0.2,1.0,0.6,0.5333333333333333,0.04369579719813209,0.17093256176274205,1.0
0.8,1.0000000000000002,0.0,0.0,0.0,0.0,1.0,0.35,0.9666666666666667,0.9242828552368245,0.0894725127976853,1.0
0.2,0.6691081430417924,0.7000000000000001,0.7000000000000001,0.0,0.0,0.0,0.6333333333333333,0.6777777777777777,0.5030020013342229,0.8537725350545292,0.0
0.0,0.03590406434008325,0.75,0.1,0.6842105263157894,0.867,0.0,0.0,0.9111111111111111,0.16644429619746498,0.8070331626975296,1.0
0.6000000000000001,0.2708602613815884,0.2,0.1,0.10526315789473684,0.5,1.0,0.45,0.6555555555555556,0.8642428285523682,0.0540841308702426,0.0
0.8,0.791756426827517,0.15000000000000002,0.05,0.10526315789473684,0.667,0.0,0.6833333333333333,0.6444444444444445,0.01601067378252169,0.930558646783886,0.0
0.6000000000000001,0.5184546890708028,0.0,0.0,0.0,0.0,1.0,0.25,0.24444444444444446,0.8042028018679119,0.6968617849988871,1.0
0.4000000000000001,0.45397098951601317,0.0,0.0,0.0,0.0,1.0,0.23333333333333334,0.4666666666666667,0.30320213475650437,0.9100823503227241,0.0
0.4000000000000001,0.5460290104839869,0.25,0.2,0.05263157894736842,0.2,1.0,0.2,0.7111111111111111,0.9486324216144095,0.4511462274649455,0.0
1.0000000000000002,0.9493034611518025,0.0,0.0,0.0,0.0,0.0,0.6833333333333333,0.9666666666666667,0.9212808539026018,0.9986645893612286,0.0
0.6000000000000001,0.6998420221169037,0.30000000000000004,0.25,0.05263157894736842,0.167,1.0,0.6166666666666667,0.4444444444444444,0.5533689126084056,0.2679724015134654,1.0
1.0000000000000002,0.5648427401981906,0.25,0.05,0.21052631578947367,0.8,1.0,0.11666666666666667,0.1111111111111111,0.1801200800533689,0.10839083018028044,1.0
0.8,0.9771650150797071,0.0,0.0,0.0,0.0,1.0,0.08333333333333333,0.9444444444444445,0.9209472981987992,0.6238593367460493,0.0
1.0000000000000002,0.7198046818899899,0.0,0.0,0.0,0.0,0.0,0.4,0.3222222222222222,0.04236157438292194,0.20676608056977522,1.0
0.0,0.06663794341519463,0.1,0.05,0.05263157894736842,0.5,1.0,0.0,0.9666666666666667,0.16644429619746498,0.5179167594035166,0.0
0.4000000000000001,0.2427114749389631,0.4,0.4,0.0,0.0,1.0,0.15,0.2666666666666666,0.8155436957971982,0.9650567549521477,1.0
0.4000000000000001,0.31653023122217433,0.0,0.0,0.0,0.0,0.0,0.23333333333333334,0.6777777777777777,0.276184122748499,0.5902515023369685,1.0
0.0,0.45655608214849924,0.0,0.0,0.0,0.0,0.0,0.0,0.5666666666666667,0.16644429619746498,0.3725795682172268,0.0
1.0000000000000002,0.4330030159414046,0.0,0.0,0.0,0.0,1.0,0.8,0.9,0.9336224149432955,0.2739817493879368,0.0
0.4000000000000001,0.5062473071951745,0.30000000000000004,0.1,0.21052631578947367,0.667,1.0,0.8166666666666667,0.12222222222222218,0.10907271514342895,0.5733363009125305,1.0
0.8,0.7901766479965533,0.25,0.2,0.05263157894736842,0.2,1.0,0.13333333333333333,0.9666666666666667,0.20513675783855906,0.5837970175829067,0.0
0.8,1.0000000000000002,0.0,0.0,0.0,0.0,1.0,0.6333333333333333,0.9,0.7635090060040026,0.6505675495214778,0.0
0.8,1.0000000000000002,0.0,0.0,0.0,0.0,1.0,0.48333333333333334,0.1111111111111111,0.8465643762508339,0.5010015579790785,0.0
1.0000000000000002,0.7663363492747381,0.0,0.0,0.0,0.0,1.0,0.7666666666666666,0.6222222222222222,0.5590393595730487,0.5432895615401736,1.0
0.4000000000000001,0.417205227631768,0.25,0.25,0.0,0.0,0.0,0.15,0.7333333333333333,0.28118745830553704,0.7798798130425104,1.0
1.0000000000000002,0.4367370386327733,0.15000000000000002,0.1,0.05263157894736842,0.333,0.0,0.6833333333333333,0.3222222222222222,0.05203468979319546,0.41375472957934567,1.0
1.0000000000000002,1.0000000000000002,0.0,0.0,0.0,0.0,0.0,0.08333333333333333,0.7777777777777778,0.20680453635757173,0.21611395504117517,0.0
0.6000000000000001,0.811144621571162,0.0,0.0,0.0,0.0,1.0,0.3333333333333333,0.3222222222222222,0.24716477651767846,0.2844424660583129,0.0
0.8,0.8031021111589833,0.4,0.0,0.42105263157894735,1.0,1.0,0.25,0.6333333333333333,0.5893929286190793,0.810371689294458,0.0
0.0,0.00430848772081005,0.8500000000000001,0.4,0.47368421052631576,0.529,1.0,0.0,0.24444444444444446,0.16644429619746498,0.10705541954150902,0.0
1.0000000000000002,0.9118196179807556,0.0,0.0,0.0,0.0,1.0,0.9166666666666666,0.6333333333333333,0.5560373582388258,0.5508568884932117,0.0
0.6000000000000001,0.8964526784432001,0.0,0.0,0.0,0.0,1.0,0.15,0.7444444444444444,0.8795863909272847,0.02871132873358558,0.0
0.6000000000000001,0.4358753410886113,0.5,0.15000000000000002,0.3684210526315789,0.7,1.0,0.13333333333333333,0.38888888888888884,0.4546364242828553,0.5457378143779212,1.0
0.8,1.0000000000000002,0.2,0.1,0.10526315789473684,0.5,1.0,0.9666666666666667,0.23333333333333328,0.3155436957971981,0.9959937680836857,0.0
0.2,0.12781846905069655,0.2,0.1,0.10526315789473684,0.5,1.0,0.5333333333333333,0.7888888888888889,0.9916611074049366,0.42243489873135986,0.0
1.0000000000000002,0.7136291828234957,0.0,0.0,0.0,0.0,0.0,0.8833333333333333,0.3111111111111111,0.8445630420280186,0.3322946806142889,1.0
0.8,0.6323423811575473,0.0,0.0,0.0,0.0,1.0,0.48333333333333334,0.888888888888889,0.4042695130086724,0.31671488982862234,1.0
0.6000000000000001,0.4338647134855666,0.0,0.0,0.0,0.0,0.0,0.1,0.5444444444444444,0.5563709139426285,0.5526374360115736,1.0
0.2,0.1586959643831682,0.6000000000000001,0.4,0.21052631578947367,0.333,1.0,0.3833333333333333,0.888888888888889,0.21247498332221482,0.8417538393055863,1.0
0.4000000000000001,0.21686054861410314,0.0,0.0,0.0,0.0,1.0,0.75,0.8333333333333334,0.39426284189459637,0.3184954373469842,1.0
0.4000000000000001,0.1589831968978888,0.6000000000000001,0.05,0.5789473684210527,0.917,1.0,0.03333333333333333,0.7000000000000001,0.14876584389593062,0.6412196750500778,0.0
0.6000000000000001,0.32543443917851506,0.35000000000000003,0.25,0.10526315789473684,0.286,0.0,0.9333333333333333,0.3666666666666667,0.9946631087391593,0.2474961050523036,1.0
0.6000000000000001,0.21154674709177085,0.0,0.0,0.0,0.0,1.0,0.5666666666666667,0.43333333333333335,0.700133422281521,0.9815268194969953,0.0
0.4000000000000001,0.8009478672985784,0.30000000000000004,0.2,0.10526315789473684,0.333,0.0,0.9,0.29999999999999993,0.7645096731154102,0.5938125973736924,1.0
0.0,0.3092058020967973,0.05,0.0,0.05263157894736842,1.0,1.0,0.0,0.8111111111111112,0.16644429619746498,0.3100378366347652,1.0
0.2,0.6290392072382596,0.15000000000000002,0.1,0.05263157894736842,0.333,0.0,0.7,0.5777777777777777,0.5133422281521014,0.865791230803472,0.0
0.6000000000000001,0.4330030159414046,0.0,0.0,0.0,0.0,0.0,0.23333333333333334,0.23333333333333328,0.3969312875250167,0.0954818606721567,1.0
0.2,0.2145626884963378,0.8,0.2,0.631578947368421,0.75,1.0,0.95,0.4666666666666667,0.69079386257505,0.04918762519474739,1.0
0.0,0.41648714634496625,0.1,0.1,0.0,0.0,0.0,0.0,0.7555555555555556,0.16644429619746498,0.38571110616514576,0.0
0.8,0.44836995547896036,0.0,0.0,0.0,0.0,0.0,0.7,0.12222222222222218,0.6150767178118746,0.5076786111729357,1.0
0.8,0.5355450236966826,0.0,0.0,0.0,0.0,1.0,0.7,0.3555555555555555,0.7188125416944628,0.013799243267304695,1.0
0.8,0.8289530374838434,0.0,0.0,0.0,0.0,1.0,0.5666666666666667,0.9555555555555556,0.6124082721814543,0.626307589583797,0.0
0.0,0.21312652592273446,0.55,0.45,0.10526315789473684,0.182,0.0,0.0,0.9444444444444445,0.16644429619746498,0.2670821277542844,0.0
0.0,0.036765761884245296,0.7000000000000001,0.4,0.3157894736842105,0.429,1.0,0.0,0.2666666666666666,0.16644429619746498,0.39706209659470293,0.0
0.2,0.5368375700129255,0.30000000000000004,0.2,0.10526315789473684,0.333,1.0,0.43333333333333335,0.5444444444444444,0.7368245496997998,0.5837970175829067,0.0
0.4000000000000001,0.1999138302455838,0.05,0.05,0.0,0.0,1.0,0.6333333333333333,0.3111111111111111,0.8919279519679786,0.5924771867349209,0.0
1.0000000000000002,1.0000000000000002,0.25,0.25,0.0,0.0,1.0,0.6666666666666666,0.5777777777777777,0.9392928619079388,0.2799910972624082,1.0
0.4000000000000001,0.6202786155392792,0.30000000000000004,0.25,0.05263157894736842,0.167,1.0,0.8166666666666667,0.37777777777777777,0.9543028685790527,0.3022479412419319,0.0
1.0000000000000002,0.8272296423955192,0.0,0.0,0.0,0.0,1.0,0.9666666666666667,0.5333333333333333,0.8519012675116744,0.4593812597373692,0.0
0.4000000000000001,0.3693810139307771,0.30000000000000004,0.0,0.3157894736842105,1.0,0.0,0.5666666666666667,0.7999999999999999,0.008005336891260845,0.6507901179612731,1.0
0.2,0.45167312939824794,0.0,0.0,0.0,0.0,0.0,0.9333333333333333,0.4,0.013342228152101399,0.6946361006009347,0.0
1.0000000000000002,0.8401551055579495,0.05,0.05,0.0,0.0,1.0,0.6833333333333333,0.42222222222222217,0.19846564376250836,0.8887157801023814,0.0
1.0000000000000002,0.8602613815883959,0.0,0.0,0.0,0.0,0.0,0.05,0.6666666666666666,0.2601734489659773,0.7068773647896728,1.0
0.0,0.02455838000861693,0.9500000000000001,0.05,0.9473684210526315,0.947,1.0,0.0,0.7222222222222222,0.16644429619746498,0.7533941687068773,1.0
1.0000000000000002,1.0000000000000002,0.1,0.0,0.10526315789473684,1.0,0.0,0.6666666666666666,0.7666666666666667,0.5770513675783856,0.052748720231471175,0.0
1.0000000000000002,1.0000000000000002,0.0,0.0,0.0,0.0,1.0,0.23333333333333334,0.3111111111111111,0.7771847898599067,0.5521922991319831,0.0
0.8,0.8331179089472929,0.1,0.05,0.05263157894736842,0.5,0.0,0.4166666666666667,0.9333333333333332,0.19079386257505004,0.6966392165590919,0.0
0.8,0.5415769065058165,0.0,0.0,0.0,0.0,0.0,0.9,0.1777777777777778,0.17845230153435623,0.031159581571333184,0.0
0.4000000000000001,0.19962659773086316,0.4,0.05,0.3684210526315789,0.875,0.0,0.6166666666666667,0.07777777777777778,0.15076717811874585,0.6973069218784775,0.0
0.0,0.3122217435013644,1.0,0.35000000000000003,0.6842105263157894,0.65,0.0,0.0,0.5888888888888889,0.16644429619746498,0.9169819719563765,1.0
0.4000000000000001,0.3729714203647854,0.55,0.5,0.05263157894736842,0.091,1.0,0.8,0.5888888888888889,0.8038692461641095,0.28889383485421766,1.0
0.6000000000000001,1.0000000000000002,0.0,0.0,0.0,0.0,1.0,0.36666666666666664,0.4111111111111111,0.45296864576384255,0.13331849543734697,1.0
0.0,0.5629757288525061,0.7000000000000001,0.6000000000000001,0.10526315789473684,0.143,1.0,0.0,0.0,0.16644429619746498,0.3596705987091031,0.0
0.2,0.4518167456556082,0.5,0.25,0.2631578947368421,0.5,1.0,0.45,0.07777777777777778,0.20680453635757173,0.420654351212998,0.0
1.0000000000000002,0.5422949877926182,0.0,0.0,0.0,0.0,1.0,0.2833333333333333,0.9222222222222222,0.7831887925283523,0.7772089917649677,0.0
0.8,0.5455981617119059,0.05,0.0,0.05263157894736842,1.0,1.0,0.4,0.9,0.8919279519679786,0.4602715334965502,0.0
0.6000000000000001,0.8132988654315669,0.0,0.0,0.0,0.0,1.0,0.35,0.9222222222222222,0.27851901267511675,0.9617182283552191,0.0
0.6000000000000001,0.5287950596007469,0.55,0.5,0.05263157894736842,0.091,1.0,0.9666666666666667,0.9777777777777777,0.33288859239492996,0.03249499221010461,1.0
0.2,0.40715208961654464,0.1,0.1,0.0,0.0,1.0,0.7833333333333333,0.25555555555555554,0.647765176784523,0.02092143334075228,0.0
0.6000000000000001,0.8092776102254777,0.15000000000000002,0.15000000000000002,0.0,0.0,0.0,0.7666666666666666,0.08888888888888885,0.04536357571714476,0.22813265079011796,1.0
0.2,0.1930202498922879,0.25,0.25,0.0,0.0,1.0,0.7666666666666666,0.6444444444444445,0.1827885256837892,0.9875361673714668,1.0
0.0,0.29197185121355745,0.45,0.45,0.0,0.0,0.0,0.0,0.4444444444444444,0.16644429619746498,0.02158913866013799,1.0
1.0000000000000002,0.7687778256498639,0.0,0.0,0.0,0.0,0.0,0.85,0.0222222222222222,0.1257505003335557,0.34453594480302696,0.0
0.2,0.1729139738618411,0.7000000000000001,0.6000000000000001,0.10526315789473684,0.143,1.0,0.23333333333333334,0.7666666666666667,0.7555036691127419,0.6906298686846204,1.0
0.6000000000000001,0.4558380008616976,0.0,0.0,0.0,0.0,1.0,0.9,0.5111111111111111,0.8402268178785857,0.15423992877809928,0.0
0.8,0.8588252190147927,0.30000000000000004,0.2,0.10526315789473684,0.333,0.0,0.95,0.19999999999999996,0.9859906604402935,0.5219229913198308,1.0
1.0000000000000002,0.8497773948010918,0.1,0.0,0.10526315789473684,1.0,1.0,0.5166666666666666,0.7888888888888889,0.8545697131420946,0.5072334742933452,1.0
0.2,0.16300445210397813,0.6000000000000001,0.55,0.05263157894736842,0.083,0.0,0.43333333333333335,0.07777777777777778,0.6324216144096064,0.9601602492766524,0.0
0.2,0.385322418497774,0.05,0.0,0.05263157894736842,1.0,1.0,0.2,0.688888888888889,0.6357571714476318,0.6941909637213443,0.0
0.6000000000000001,0.4531092919718513,0.0,0.0,0.0,0.0,1.0,0.75,0.7000000000000001,0.2881921280853903,0.9463610060093478,0.0
0.8,0.7903202642539138,0.0,0.0,0.0,0.0,1.0,0.3833333333333333,0.21111111111111114,0.1380920613742495,0.3674604941019363,0.0
0.0,0.15840873186844756,0.4,0.05,0.3684210526315789,0.875,1.0,0.0,0.12222222222222218,0.16644429619746498,0.9476964166481193,0.0
0.6000000000000001,0.3396524486571881,0.1,0.0,0.10526315789473684,1.0,1.0,0.6833333333333333,0.6,0.09272848565710474,0.5139105274872023,1.0
0.2,0.18655751831107287,0.2,0.0,0.21052631578947367,1.0,1.0,0.6333333333333333,0.47777777777777775,0.6557705136757839,0.787892276875139,1.0
0.0,0.04121786586241566,0.75,0.05,0.7368421052631579,0.933,0.0,0.0,0.055555555555555525,0.16644429619746498,0.6570220342755397,1.0
1.0000000000000002,0.7300014361625737,0.0,0.0,0.0,0.0,1.0,0.6333333333333333,0.6,0.38892595063375585,0.7055419541509014,0.0
0.2,0.18655751831107287,0.8,0.25,0.5789473684210527,0.688,0.0,0.9833333333333333,0.1111111111111111,0.675783855903936,0.6641442243489873,0.0
0.6000000000000001,0.852506103690938,0.4,0.4,0.0,0.0,1.0,0.5666666666666667,0.5888888888888889,0.3702468312208139,0.04317827732027599,1.0
0.6000000000000001,0.5229067930489733,0.2,0.1,0.10526315789473684,0.5,0.0,0.6833333333333333,0.29999999999999993,0.2645096731154103,0.08101491208546628,0.0
0.6000000000000001,0.353870458135861,0.1,0.05,0.05263157894736842,0.5,0.0,0.3333333333333333,0.5555555555555556,1.0,0.7197863342977966,1.0
1.0000000000000002,1.0000000000000002,0.0,0.0,0.0,0.0,1.0,0.95,0.9666666666666667,0.7008005336891261,0.8746939683952816,1.0
1.0000000000000002,0.683038920005745,0.0,0.0,0.0,0.0,0.0,0.95,0.888888888888889,0.5376917945296865,0.6674827509459158,0.0
0.0,0.4019819043515726,0.7000000000000001,0.35000000000000003,0.3684210526315789,0.5,1.0,0.0,0.08888888888888885,0.16644429619746498,0.0823503227242377,0.0
0.0,0.22203073387907507,0.5,0.35000000000000003,0.15789473684210525,0.3,0.0,0.0,0.7222222222222222,0.16644429619746498,0.6340974849766302,0.0
0.6000000000000001,0.6617837139164156,0.0,0.0,0.0,0.0,0.0,0.8,0.5555555555555556,0.7968645763842561,0.8506565768973958,1.0
0.0,0.05888266551773658,0.45,0.30000000000000004,0.15789473684210525,0.333,0.0,0.0,0.1111111111111111,0.16644429619746498,0.7329178722457155,0.0
0.8,0.8160275743214134,0.0,0.0,0.0,0.0,0.0,0.3333333333333333,0.29999999999999993,0.957638425617078,0.6029379034052971,0.0
0.6000000000000001,0.7021398822346692,0.35000000000000003,0.15000000000000002,0.21052631578947367,0.571,1.0,1.0,0.7666666666666667,0.5763842561707805,0.03338526596928556,0.0
0.0,0.37684905931351437,0.05,0.05,0.0,0.0,1.0,0.0,0.8555555555555555,0.16644429619746498,0.5205875806810594,1.0
0.4000000000000001,0.32227488151658773,0.4,0.35000000000000003,0.05263157894736842,0.125,0.0,0.3,0.15555555555555556,0.015010006671114073,0.6236367683062541,0.0
0.0,0.38058308200488294,0.9,0.15000000000000002,0.7894736842105263,0.833,0.0,0.0,0.1333333333333333,0.16644429619746498,0.9060761184064099,0.0
0.6000000000000001,0.7354588539422664,0.2,0.1,0.10526315789473684,0.5,1.0,0.8833333333333333,0.011111111111111072,0.5610406937958639,0.8949476964166481,0.0
0.4000000000000001,0.6166882091052708,0.0,0.0,0.0,0.0,1.0,0.23333333333333334,0.6222222222222222,0.44996664442961976,0.5590919207656354,1.0
1.0000000000000002,1.0000000000000002,0.0,0.0,0.0,0.0,1.0,0.6666666666666666,0.8111111111111112,0.44696464309539696,0.20565323837079902,1.0
0.6000000000000001,0.7526928048255064,0.05,0.05,0.0,0.0,1.0,0.25,0.1333333333333333,0.710140093395597,0.1261963053638994,0.0
0.8,0.6286083584661786,0.0,0.0,0.0,0.0,0.0,0.3333333333333333,0.23333333333333328,0.16177451634422949,0.9359002893389717,0.0
0.2,0.3815883958064053,0.55,0.5,0.05263157894736842,0.091,1.0,0.65,0.7555555555555556,0.01601067378252169,0.5159136434453594,0.0
0.0,0.2717219589257504,0.35000000000000003,0.2,0.15789473684210525,0.429,0.0,0.0,0.6111111111111112,0.16644429619746498,0.9946583574449144,0.0
0.4000000000000001,0.30374838431710477,0.15000000000000002,0.05,0.10526315789473684,0.667,1.0,0.9166666666666666,0.9888888888888888,0.6851234156104069,0.9737369241041619,0.0
0.4000000000000001,0.7982191584087321,0.45,0.1,0.3684210526315789,0.778,1.0,0.16666666666666666,0.888888888888889,0.46064042695130086,0.8664589361228576,1.0
0.4000000000000001,0.6192733017377567,0.55,0.1,0.47368421052631576,0.818,0.0,0.2,0.37777777777777777,0.7028018679119412,0.30914756287558426,1.0
0.2,0.13772799080855952,0.2,0.1,0.10526315789473684,0.5,1.0,0.45,0.7777777777777778,0.4789859906604403,0.0876919652793234,1.0
0.4000000000000001,0.601752118339796,0.55,0.15000000000000002,0.42105263157894735,0.727,1.0,0.95,0.16666666666666663,0.3835890593729153,0.3149343423102604,1.0
0.4000000000000001,0.7226770070371966,0.30000000000000004,0.1,0.21052631578947367,0.667,1.0,0.1,0.5222222222222223,0.22448298865910607,0.3189405742265747,0.0
0.8,0.8269424098807987,0.0,0.0,0.0,0.0,0.0,0.45,0.6,0.685790527018012,0.40373914978855996,1.0
0.8,0.6186988367083155,0.25,0.1,0.15789473684210525,0.6,1.0,0.75,0.9444444444444445,0.4269513008672448,0.1039394613843757,0.0
0.2,0.08760591698980319,0.05,0.0,0.05263157894736842,1.0,1.0,0.4,0.06666666666666665,0.7014676450967312,0.6634765190296016,0.0
0.4000000000000001,0.7196610656326299,0.0,0.0,0.0,0.0,0.0,0.45,0.8555555555555555,0.729486324216144,0.5484086356554639,1.0
1.0000000000000002,0.9126813155249176,0.0,0.0,0.0,0.0,0.0,0.7833333333333333,0.0444444444444444,0.45930620413609075,0.714667260182506,0.0
0.2,0.5292259083728279,0.2,0.15000000000000002,0.05263157894736842,0.25,1.0,0.03333333333333333,0.3222222222222222,0.5416944629753169,0.6367683062541731,0.0
0.0,0.13801522332328015,0.55,0.0,0.5789473684210527,1.0,0.0,0.0,0.6555555555555556,0.16644429619746498,0.5056754952147785,0.0
0.4000000000000001,0.742639666810283,0.6000000000000001,0.55,0.05263157894736842,0.083,1.0,0.3833333333333333,0.9888888888888888,0.06337558372248166,0.9955486312040952,0.0
0.0,0.41447651874192154,0.1,0.1,0.0,0.0,1.0,0.0,0.5888888888888889,0.16644429619746498,0.9314489205430669,0.0
0.8,0.8612666953899184,0.25,0.1,0.15789473684210525,0.6,1.0,0.4666666666666667,0.8333333333333334,0.26817878585723814,0.8528822612953483,0.0
1.0000000000000002,0.885250610369094,0.1,0.0,0.10526315789473684,1.0,0.0,0.6,0.6777777777777777,0.5827218145430287,0.9439127531716003,1.0
0.6000000000000001,0.6688209105270717,0.4,0.05,0.3684210526315789,0.875,0.0,0.9166666666666666,0.5222222222222223,0.4122748498999333,0.6340974849766302,1.0
0.0,0.5397098951601322,0.6000000000000001,0.0,0.631578947368421,1.0,0.0,0.0,0.8666666666666666,0.16644429619746498,0.22101046071667038,0.0
0.8,0.6043372109722822,0.0,0.0,0.0,0.0,0.0,0.5,0.7222222222222222,0.6210807204803203,0.4264411306476742,1.0
0.6000000000000001,0.16961079994255351,0.45,0.1,0.3684210526315789,0.778,1.0,0.55,0.9,0.7418278852568378,0.5038949476964165,0.0
0.0,0.2701421800947868,0.55,0.45,0.10526315789473684,0.182,1.0,0.0,0.8444444444444444,0.16644429619746498,0.5237035388381927,1.0
0.6000000000000001,0.7383311790894731,0.55,0.05,0.5263157894736842,0.909,1.0,0.7333333333333333,0.16666666666666663,0.35290193462308206,0.8139327843311818,1.0
0.4000000000000001,0.3498492029297717,0.05,0.0,0.05263157894736842,1.0,1.0,0.8333333333333334,0.4444444444444444,0.8455637091394264,0.6354328956154016,0.0
0.4000000000000001,0.5705873904926038,0.2,0.15000000000000002,0.05263157894736842,0.25,1.0,0.016666666666666666,0.3666666666666667,0.209472981987992,0.6939683952815491,1.0
0.4000000000000001,0.5315237684905931,0.5,0.2,0.3157894736842105,0.6,1.0,0.85,0.6777777777777777,0.8875917278185457,0.006454484754061874,0.0
0.4000000000000001,0.6149648140169468,0.65,0.1,0.5789473684210527,0.846,1.0,0.6166666666666667,0.6111111111111112,0.8685790527018014,0.6287558424215446,1.0
0.4000000000000001,0.7063047536981186,0.7000000000000001,0.45,0.2631578947368421,0.357,0.0,0.05,0.0,0.5727151434289526,0.39439127531716006,0.0
0.2,0.2504667528364211,0.8500000000000001,0.25,0.631578947368421,0.706,1.0,0.25,0.6111111111111112,0.3685790527018012,0.9034052971288671,0.0
1.0000000000000002,1.0000000000000002,0.15000000000000002,0.0,0.15789473684210525,1.0,1.0,0.35,0.7888888888888889,0.09739826551034024,0.44558201647006457,1.0
0.8,0.699123940830102,0.0,0.0,0.0,0.0,1.0,0.11666666666666667,0.6666666666666666,0.7618412274849902,0.3204985533051413,0.0
0.8,0.423237110440902,0.0,0.0,0.0,0.0,0.0,0.6666666666666666,0.47777777777777775,0.5406937958639093,0.0505230358335188,0.0
0.8,0.8955909808990379,0.15000000000000002,0.15000000000000002,0.0,0.0,0.0,0.5166666666666666,0.5555555555555556,0.37424949966644433,0.36478967282439345,0.0
0.0,0.3392215998851071,0.6000000000000001,0.1,0.5263157894736842,0.833,0.0,0.0,0.9,0.16644429619746498,0.7627420431782773,1.0
0.2,0.35444492316530235,0.15000000000000002,0.0,0.15789473684210525,1.0,1.0,0.11666666666666667,0.19999999999999996,0.5406937958639093,0.4317827732027599,0.0
0.4000000000000001,0.354732155680023,0.0,0.0,0.0,0.0,1.0,0.8,0.2777777777777778,0.23482321547698465,0.24215446249721792,1.0
0.2,0.5645555076834701,0.65,0.1,0.5789473684210527,0.846,1.0,0.43333333333333335,0.5888888888888889,0.9406270847231488,0.9717338081460049,1.0
0.8,1.0000000000000002,0.05,0.05,0.0,0.0,1.0,0.7666666666666666,0.4666666666666667,0.03769179452968646,0.07322501669263298,0.0
0.0,0.4314232371104409,0.15000000000000002,0.0,0.15789473684210525,1.0,0.0,0.0,0.055555555555555525,0.16644429619746498,0.32472735366125083,0.0
0.4000000000000001,0.5445928479103836,0.2,0.05,0.15789473684210525,0.75,0.0,0.45,0.9444444444444445,0.9406270847231488,0.6781660360560872,0.0
0.8,0.5779118196179809,0.0,0.0,0.0,0.0,1.0,0.13333333333333333,0.08888888888888885,0.40060040026684457,0.0738927220120187,0.0
0.2,0.24184977739480112,0.0,0.0,0.0,0.0,1.0,0.7,0.3555555555555555,0.747498332221481,0.21411083908301806,1.0
0.6000000000000001,0.7890277179376708,0.2,0.0,0.21052631578947367,1.0,0.0,0.11666666666666667,0.34444444444444444,0.6577718478985991,0.35544179835299355,0.0
0.6000000000000001,0.9040643400832975,0.5,0.4,0.10526315789473684,0.2,0.0,0.55,0.2777777777777778,0.4896597731821214,0.8864900957044292,1.0
0.8,0.6451242280626168,0.0,0.0,0.0,0.0,1.0,0.6333333333333333,0.1333333333333333,0.33655770513675787,0.32294680614288895,0.0
0.0,0.0021542438604049696,0.9500000000000001,0.25,0.7368421052631579,0.737,0.0,0.0,0.2666666666666666,0.16644429619746498,0.2944580458490986,0.0
0.4000000000000001,0.6402412753123656,0.6000000000000001,0.0,0.631578947368421,1.0,0.0,0.8,0.07777777777777778,0.5146764509673115,0.9111951925217004,1.0
0.0,0.40140743932213135,0.25,0.1,0.15789473684210525,0.6,0.0,0.0,0.5222222222222223,0.16644429619746498,0.12686401068328512,1.0
0.6000000000000001,0.6288955909808991,0.0,0.0,0.0,0.0,1.0,0.3,0.4,0.6460973982655104,0.2566214110839083,0.0
1.0000000000000002,1.0000000000000002,0.0,0.0,0.0,0.0,0.0,0.9833333333333333,0.37777777777777777,0.8268845897264843,0.07122190073447586,0.0
0.0,0.07266982622432855,0.25,0.0,0.2631578947368421,1.0,1.0,0.0,0.12222222222222218,0.16644429619746498,0.8114845314934341,1.0
0.6000000000000001,0.4963377854373116,0.4,0.1,0.3157894736842105,0.75,0.0,0.5,0.6,0.37291527685123416,0.5533051413309592,0.0
0.4000000000000001,0.4640241275312366,0.05,0.05,0.0,0.0,1.0,0.31666666666666665,0.21111111111111114,0.1961307538358906,0.2301357667482751,0.0
0.2,0.25362631049834844,0.4,0.1,0.3157894736842105,0.75,0.0,0.8833333333333333,0.28888888888888886,0.8055370246831222,0.5706654796349877,1.0
0.8,0.5124228062616689,0.4,0.25,0.15789473684210525,0.375,1.0,0.2833333333333333,0.48888888888888893,0.8625750500333556,0.08680169152014244,0.0
0.2,0.5919862128392936,0.15000000000000002,0.15000000000000002,0.0,0.0,1.0,0.9333333333333333,0.8666666666666666,0.48999332888592395,0.3251724905408413,1.0
0.2,0.5111302599454257,0.7000000000000001,0.5,0.21052631578947367,0.286,1.0,0.7,0.2222222222222222,0.3999332888592395,0.08324059648341865,1.0
0.2,0.5356886399540428,0.15000000000000002,0.05,0.10526315789473684,0.667,0.0,0.7333333333333333,0.011111111111111072,0.8318879252835223,0.011796127309147563,0.0
0.8,0.4673273014505242,0.05,0.0,0.05263157894736842,1.0,0.0,0.95,0.29999999999999993,0.6634422948632421,0.33140440685510797,1.0
1.0000000000000002,0.6386614964814019,0.0,0.0,0.0,0.0,0.0,0.8833333333333333,0.33333333333333337,0.6727818545697131,0.2247941241931894,0.0
0.4000000000000001,0.5619704150509839,0.15000000000000002,0.0,0.15789473684210525,1.0,1.0,0.31666666666666665,0.8666666666666666,0.9192795196797865,0.6908524371244157,0.0
1.0000000000000002,0.9514577050122075,0.0,0.0,0.0,0.0,0.0,0.6666666666666666,0.3555555555555555,0.1941294196130754,0.1813932784331182,0.0
0.6000000000000001,0.49576332040787024,0.0,0.0,0.0,0.0,0.0,0.1,0.9222222222222222,0.3602401601067378,0.0823503227242377,0.0
0.6000000000000001,0.6515869596438317,0.0,0.0,0.0,0.0,1.0,0.4166666666666667,0.9666666666666667,0.9616410940627085,0.9374582684175384,0.0
0.0,0.47235387045813587,1.0,0.8500000000000001,0.15789473684210525,0.15,0.0,0.0,0.6444444444444445,0.16644429619746498,0.24037391497885602,1.0
0.4000000000000001,0.2781846905069654,0.45,0.15000000000000002,0.3157894736842105,0.667,1.0,0.5833333333333334,1.0,0.22981987991994662,0.5593144892054306,1.0
0.0,0.3382162860835847,0.5,0.05,0.47368421052631576,0.9,0.0,0.0,0.3222222222222222,0.16644429619746498,0.9632762074337858,0.0
0.8,0.6362200201062762,0.35000000000000003,0.30000000000000004,0.05263157894736842,0.143,1.0,0.85,0.6555555555555556,0.2018012008005337,0.6628088137102158,1.0
0.6000000000000001,0.8526497199482983,0.4,0.25,0.15789473684210525,0.375,1.0,0.18333333333333332,0.18888888888888888,0.2688458972648432,0.2686401068328511,0.0
0.8,0.4403274450667816,0.2,0.05,0.15789473684210525,0.75,1.0,0.6,0.2777777777777778,0.4879919946631088,0.6530158023592254,0.0
0.4000000000000001,0.47694959069366655,0.45,0.0,0.47368421052631576,1.0,0.0,0.9,0.3666666666666667,0.7491661107404937,0.6897395949254396,1.0
0.2,0.3366365072526211,0.6000000000000001,0.1,0.5263157894736842,0.833,0.0,1.0,0.4444444444444444,0.13175450300200134,0.862007567326953,1.0
0.8,0.8246445497630335,0.0,0.0,0.0,0.0,0.0,0.7166666666666667,0.8111111111111112,0.6724482988659106,0.7153349655018918,0.0
0.4000000000000001,0.4118914261094356,0.0,0.0,0.0,0.0,0.0,0.8,0.8777777777777779,0.24249499666444296,0.36857333630091255,1.0
0.4000000000000001,0.7104696251615685,0.0,0.0,0.0,0.0,0.0,0.21666666666666667,0.24444444444444446,0.6024016010673783,0.7611840640997106,0.0
0.8,0.4608645698693093,0.30000000000000004,0.0,0.3157894736842105,1.0,1.0,0.7,0.2222222222222222,0.5770513675783856,0.442243489873136,1.0
1.0000000000000002,1.0000000000000002,0.0,0.0,0.0,0.0,1.0,0.15,0.24444444444444446,0.19913275517011342,0.6064989984420209,0.0
1.0000000000000002,0.9066494327157837,0.0,0.0,0.0,0.0,1.0,0.6,0.19999999999999996,0.3835890593729153,0.9229913198308478,0.0
0.6000000000000001,0.572741634353009,0.30000000000000004,0.05,0.2631578947368421,0.833,0.0,0.5,0.7333333333333333,0.0780520346897932,0.891164032940129,0.0
0.2,0.41490736751400265,0.05,0.05,0.0,0.0,1.0,0.45,0.6444444444444445,0.3408939292861908,0.3703538838192744,1.0
0.0,0.039350854516731315,0.65,0.65,0.0,0.0,0.0,0.0,0.9333333333333332,0.16644429619746498,0.5141330959269975,0.0
0.0,0.08774953324716356,0.5,0.0,0.5263157894736842,1.0,1.0,0.0,0.37777777777777777,0.16644429619746498,0.8889383485421767,1.0
0.0,0.3587534108861124,0.1,0.05,0.05263157894736842,0.5,1.0,0.0,0.688888888888889,0.16644429619746498,0.32762074337858893,0.0
0.4000000000000001,0.6930920580209681,0.35000000000000003,0.30000000000000004,0.05263157894736842,0.143,0.0,0.5166666666666666,0.09999999999999998,0.1324216144096064,0.22635210327175606,1.0
1.0000000000000002,0.28751974723538704,0.0,0.0,0.0,0.0,0.0,0.7166666666666667,0.688888888888889,0.2141427618412275,0.1322056532383708,1.0
0.6000000000000001,0.3726841878500647,0.15000000000000002,0.05,0.10526315789473684,0.667,1.0,0.6666666666666666,0.8111111111111112,0.5937291527685125,0.5259292232361451,0.0
0.8,0.23222748815165878,0.30000000000000004,0.1,0.21052631578947367,0.667,0.0,0.7166666666666667,0.4444444444444444,0.23849232821881255,0.3961718228355219,1.0
1.0000000000000002,0.5569438460433722,0.0,0.0,0.0,0.0,1.0,0.6,0.8555555555555555,0.4809873248832555,0.3336300912530603,1.0
0.4000000000000001,0.5714490880367658,0.35000000000000003,0.05,0.3157894736842105,0.857,1.0,0.1,0.9,0.5366911274182788,0.6167371466726017,1.0
0.8,0.3877638948728996,0.35000000000000003,0.15000000000000002,0.21052631578947367,0.571,0.0,0.8833333333333333,0.5,0.21914609739826552,0.9666147340307143,0.0
0.4000000000000001,0.46029010483986793,0.5,0.05,0.47368421052631576,0.9,0.0,0.4666666666666667,0.9333333333333332,0.7268178785857238,0.4825283774760739,1.0
1.0000000000000002,0.44664656039063627,0.1,0.1,0.0,0.0,1.0,0.3833333333333333,0.2777777777777778,0.9769846564376252,0.6412196750500778,0.0
0.8,0.5052419933936523,0.4,0.1,0.3157894736842105,0.75,1.0,0.2,0.06666666666666665,0.25983989326217477,0.32762074337858893,1.0
0.2,0.23639235961510846,0.25,0.2,0.05263157894736842,0.2,0.0,0.4,0.8555555555555555,0.7174783188792528,0.11818384153127087,0.0
0.0,0.408588252190148,0.7000000000000001,0.15000000000000002,0.5789473684210527,0.786,1.0,0.0,0.23333333333333328,0.16644429619746498,0.885599821945248,1.0
0.2,0.38589688352721535,0.35000000000000003,0.30000000000000004,0.05263157894736842,0.143,1.0,0.13333333333333333,0.7333333333333333,0.13575717144763175,0.7631871800578677,1.0
0.6000000000000001,0.7491023983914982,0.0,0.0,0.0,0.0,1.0,0.2,0.5,0.21447631754503002,0.18718005786779435,1.0
0.0,0.44348700272870895,0.0,0.0,0.0,0.0,0.0,0.0,0.33333333333333337,0.16644429619746498,0.1261963053638994,0.0
1.0000000000000002,1.0000000000000002,0.05,0.0,0.05263157894736842,1.0,0.0,0.9833333333333333,0.055555555555555525,0.5133422281521014,0.5112397062096594,1.0
0.6000000000000001,0.40341806692517596,0.15000000000000002,0.15000000000000002,0.0,0.0,0.0,0.23333333333333334,0.0222222222222222,0.589726484322882,0.1689294458045849,1.0
0.6000000000000001,0.44994973430992397,0.0,0.0,0.0,0.0,1.0,0.3833333333333333,0.011111111111111072,0.10106737825216812,0.49254395726685957,0.0
0.8,0.9530374838431712,0.0,0.0,0.0,0.0,0.0,0.016666666666666666,0.2666666666666666,0.11174116077384924,0.01557979078566659,0.0
1.0000000000000002,1.0000000000000002,0.0,0.0,0.0,0.0,1.0,0.4,0.9555555555555556,0.7198132088058706,0.9708435343868239,1.0
1.0000000000000002,0.49705586672411334,0.0,0.0,0.0,0.0,1.0,0.75,0.18888888888888888,0.7591727818545697,0.46961940796795015,0.0
0.6000000000000001,0.7017090334625882,0.0,0.0,0.0,0.0,1.0,0.5166666666666666,0.9666666666666667,0.24616410940627087,0.27798798130425106,0.0
0.8,0.7841447651874194,0.0,0.0,0.0,0.0,1.0,0.8166666666666667,0.9111111111111111,0.751167444963309,0.37458268417538393,1.0
0.0,0.06721240844463588,0.5,0.45,0.05263157894736842,0.1,1.0,0.0,0.1333333333333333,0.16644429619746498,0.5265969285555309,1.0
1.0000000000000002,1.0000000000000002,0.25,0.2,0.05263157894736842,0.2,0.0,0.9166666666666666,0.2222222222222222,0.10340226817878587,0.9125306031604717,1.0
0.2,0.35731724831250905,0.0,0.0,0.0,0.0,0.0,0.23333333333333334,0.4555555555555556,0.14809873248832556,0.7119964389049632,1.0
