id_soumission,id_memoire,numero_version,score_qualite,nb_corrections_totales,nb_corrections_ouvertes,nb_corrections_resolues,ratio_resolution,a_correction_bloquante,delai_jours,nb_pages,progression_score,score_plagiat,commentaire_directeur,statut_validation
SUB-0001,MEM-0164,1,31.0,7,5,2,0.286,1,0,34,0.0,1.34,0,REJETEE
SUB-0002,MEM-0060,5,86.29,8,0,8,1.0,1,15,87,12.68,36.42,0,VALIDEE
SUB-0003,MEM-0041,6,74.41,0,0,0,0.0,1,7,75,20.42,27.17,0,REJETEE
SUB-0004,MEM-0187,4,86.72,3,3,0,0.0,0,46,38,-3.63,10.26,1,VALIDEE
SUB-0005,MEM-0060,1,45.21,11,9,2,0.182,0,0,115,0.0,12.01,0,REJETEE
SUB-0006,MEM-0044,5,77.05,0,0,0,0.0,0,15,34,19.15,18.05,0,VALIDEE
SUB-0007,MEM-0146,6,87.08,0,0,0,0.0,0,16,101,11.17,33.62,1,VALIDEE
SUB-0008,MEM-0103,3,62.73,10,3,7,0.7,0,10,110,-0.2,30.62,0,REJETEE
SUB-0009,MEM-0153,4,86.38,0,0,0,0.0,0,19,85,-0.26,0.15,1,VALIDEE
SUB-0010,MEM-0196,2,54.26,17,8,9,0.529,0,49,50,11.18,35.04,0,REJETEE
SUB-0011,MEM-0126,1,34.47,9,6,3,0.333,0,0,40,0.0,32.94,0,REJETEE
SUB-0012,MEM-0137,2,42.41,14,12,2,0.143,1,14,99,17.66,31.04,1,REJETEE
SUB-0013,MEM-0103,6,90.71,1,0,1,1.0,0,5,73,-4.37,24.93,0,VALIDEE
SUB-0014,MEM-0182,6,50.39,0,0,0,0.0,0,43,92,1.43,5.95,1,CORRECTIONS_REQUISES
SUB-0015,MEM-0122,4,49.23,4,2,2,0.5,1,27,89,20.92,2.44,0,REJETEE
SUB-0016,MEM-0016,4,89.74,0,0,0,0.0,1,9,84,0.5,20.82,0,REJETEE
SUB-0017,MEM-0114,5,69.39,5,5,0,0.0,0,27,92,9.44,38.91,0,REJETEE
SUB-0018,MEM-0001,4,70.78,5,3,2,0.4,1,45,101,14.86,21.9,0,REJETEE
SUB-0019,MEM-0076,2,76.96,14,14,0,0.0,0,38,91,10.09,38.37,0,REJETEE
SUB-0020,MEM-0131,1,64.05,2,0,2,1.0,1,0,45,0.0,42.37,0,REJETEE
SUB-0021,MEM-0149,5,46.54,6,2,4,0.667,0,43,70,2.16,17.81,1,REJETEE
SUB-0022,MEM-0193,1,30.37,18,15,3,0.167,0,0,46,0.0,42.0,0,REJETEE
SUB-0023,MEM-0063,3,55.29,11,0,11,1.0,0,60,114,-1.89,39.52,1,CORRECTIONS_REQUISES
SUB-0024,MEM-0028,6,79.38,4,3,1,0.25,0,33,92,2.53,40.87,0,REJETEE
SUB-0025,MEM-0024,6,74.39,0,0,0,0.0,0,48,86,11.55,19.25,0,CORRECTIONS_REQUISES
SUB-0026,MEM-0177,2,62.33,15,11,4,0.267,1,9,35,4.25,40.45,0,REJETEE
SUB-0027,MEM-0092,2,66.29,8,0,8,1.0,1,40,49,22.77,10.65,0,VALIDEE
SUB-0028,MEM-0046,4,59.88,1,0,1,1.0,0,51,119,-1.76,39.25,1,CORRECTIONS_REQUISES
SUB-0029,MEM-0118,3,62.52,1,1,0,0.0,1,22,65,20.93,43.51,1,REJETEE
SUB-0030,MEM-0090,6,95.95,2,1,1,0.5,0,12,104,23.88,11.95,0,VALIDEE
SUB-0031,MEM-0089,6,96.09,1,1,0,0.0,1,58,103,0.7,2.0,1,REJETEE
SUB-0032,MEM-0001,5,98.41,0,0,0,0.0,1,5,115,22.62,28.04,0,REJETEE
SUB-0033,MEM-0185,3,68.29,4,1,3,0.75,0,27,115,23.21,30.48,0,CORRECTIONS_REQUISES
SUB-0034,MEM-0078,4,60.93,0,0,0,0.0,1,51,104,13.2,14.5,1,REJETEE
SUB-0035,MEM-0114,6,74.84,0,0,0,0.0,0,53,60,15.18,10.11,0,CORRECTIONS_REQUISES
SUB-0036,MEM-0012,2,77.86,0,0,0,0.0,1,57,110,12.27,32.33,1,REJETEE
SUB-0037,MEM-0127,4,66.47,0,0,0,0.0,1,15,52,19.12,31.32,1,REJETEE
SUB-0038,MEM-0013,5,82.51,2,2,0,0.0,1,43,97,24.64,26.8,1,REJETEE
SUB-0039,MEM-0157,6,99.88,2,1,1,0.5,1,29,63,17.55,37.79,1,REJETEE
SUB-0040,MEM-0197,5,70.0,2,2,0,0.0,0,22,70,21.79,3.63,0,CORRECTIONS_REQUISES
SUB-0041,MEM-0178,2,61.83,10,5,5,0.5,1,27,37,1.21,18.91,0,REJETEE
SUB-0042,MEM-0196,5,57.43,0,0,0,0.0,1,55,83,11.15,33.06,0,REJETEE
SUB-0043,MEM-0125,2,48.29,9,4,5,0.556,1,47,51,20.22,41.38,0,REJETEE
SUB-0044,MEM-0101,5,65.55,8,2,6,0.75,1,12,36,2.8,14.73,1,REJETEE
SUB-0045,MEM-0084,3,73.27,7,3,4,0.571,1,2,99,-3.44,42.84,0,REJETEE
SUB-0046,MEM-0167,1,61.25,0,0,0,0.0,0,0,60,0.0,5.68,0,CORRECTIONS_REQUISES
SUB-0047,MEM-0056,4,87.68,0,0,0,0.0,0,38,33,22.87,25.91,1,VALIDEE
SUB-0048,MEM-0184,2,42.26,17,10,7,0.412,0,51,102,18.48,15.62,1,REJETEE
SUB-0049,MEM-0018,5,68.36,1,0,1,1.0,1,24,111,21.75,20.69,0,VALIDEE
SUB-0050,MEM-0188,5,90.34,5,2,3,0.6,1,28,105,3.05,38.33,0,REJETEE
SUB-0051,MEM-0072,4,61.3,10,0,10,1.0,1,22,33,9.83,14.63,1,VALIDEE
SUB-0052,MEM-0067,3,57.92,2,0,2,1.0,0,16,82,9.66,34.12,1,CORRECTIONS_REQUISES
SUB-0053,MEM-0126,4,73.23,0,0,0,0.0,0,31,100,10.93,19.15,1,CORRECTIONS_REQUISES
SUB-0054,MEM-0117,3,52.41,0,0,0,0.0,0,14,91,3.29,26.53,1,CORRECTIONS_REQUISES
SUB-0055,MEM-0050,3,48.33,0,0,0,0.0,0,36,67,15.92,5.68,1,CORRECTIONS_REQUISES
SUB-0056,MEM-0004,5,70.61,0,0,0,0.0,1,8,38,7.02,3.33,0,REJETEE
SUB-0057,MEM-0039,2,73.99,0,0,0,0.0,1,39,106,18.72,10.16,1,REJETEE
SUB-0058,MEM-0116,4,66.78,4,2,2,0.5,0,41,57,2.94,3.65,0,CORRECTIONS_REQUISES
SUB-0059,MEM-0020,2,37.16,16,1,15,0.938,0,19,120,3.48,38.68,0,REJETEE
SUB-0060,MEM-0068,6,100.0,0,0,0,0.0,0,59,64,19.8,3.21,0,VALIDEE
SUB-0061,MEM-0153,6,100.0,0,0,0,0.0,1,45,68,15.99,42.42,1,REJETEE
SUB-0062,MEM-0113,1,53.92,10,1,9,0.9,0,0,59,0.0,43.29,0,REJETEE
SUB-0063,MEM-0196,6,100.0,0,0,0,0.0,1,59,65,0.44,26.34,1,REJETEE
SUB-0064,MEM-0024,4,61.92,0,0,0,0.0,1,45,93,3.65,42.53,0,REJETEE
SUB-0065,MEM-0117,1,42.58,12,4,8,0.667,1,0,82,0.0,2.44,1,REJETEE
SUB-0066,MEM-0160,4,84.54,0,0,0,0.0,1,57,119,9.54,1.3,0,REJETEE
SUB-0067,MEM-0182,2,45.55,10,9,1,0.1,1,8,112,19.96,22.43,1,REJETEE
SUB-0068,MEM-0131,6,93.5,0,0,0,0.0,1,36,48,6.51,41.48,0,REJETEE
SUB-0069,MEM-0018,3,82.29,4,0,4,1.0,0,47,68,20.12,26.1,1,VALIDEE
SUB-0070,MEM-0115,5,73.34,5,2,3,0.6,1,60,71,21.09,44.13,0,REJETEE
SUB-0071,MEM-0147,4,69.28,0,0,0,0.0,1,46,78,6.58,29.87,0,REJETEE
SUB-0072,MEM-0127,1,35.05,10,9,1,0.1,1,0,42,0.0,23.67,1,REJETEE
SUB-0073,MEM-0004,6,89.96,0,0,0,0.0,1,51,63,5.16,31.17,0,REJETEE
SUB-0074,MEM-0085,6,96.47,0,0,0,0.0,0,41,117,22.63,44.88,0,REJETEE
SUB-0075,MEM-0112,1,60.41,3,0,3,1.0,0,0,35,0.0,14.6,0,VALIDEE
SUB-0076,MEM-0096,4,59.16,9,7,2,0.222,0,40,78,13.59,10.84,0,REJETEE
SUB-0077,MEM-0164,3,66.39,8,4,4,0.5,1,23,105,3.97,43.29,1,REJETEE
SUB-0078,MEM-0117,3,50.89,9,8,1,0.111,1,37,75,12.24,44.67,1,REJETEE
SUB-0079,MEM-0006,6,61.2,0,0,0,0.0,0,15,111,0.7,11.28,0,VALIDEE
SUB-0080,MEM-0161,6,82.06,0,0,0,0.0,0,21,83,0.27,5.95,1,VALIDEE
SUB-0081,MEM-0070,2,50.7,12,0,12,1.0,0,30,39,-0.78,43.49,1,REJETEE
SUB-0082,MEM-0143,3,46.71,2,0,2,1.0,1,24,116,17.47,11.8,1,VALIDEE
SUB-0083,MEM-0096,1,56.99,19,2,17,0.895,0,0,111,0.0,37.07,1,REJETEE
SUB-0084,MEM-0030,2,35.15,12,11,1,0.083,0,25,88,6.13,42.72,1,REJETEE
SUB-0085,MEM-0151,6,100.0,5,5,0,0.0,1,40,82,23.17,12.59,1,REJETEE
SUB-0086,MEM-0056,4,63.16,2,2,0,0.0,0,26,65,0.69,5.5,1,CORRECTIONS_REQUISES
SUB-0087,MEM-0055,6,100.0,0,0,0,0.0,0,5,100,1.21,9.72,0,VALIDEE
SUB-0088,MEM-0038,5,73.02,0,0,0,0.0,0,43,33,-1.05,16.12,0,CORRECTIONS_REQUISES
SUB-0089,MEM-0005,2,44.76,10,2,8,0.8,1,29,76,10.4,4.91,0,CORRECTIONS_REQUISES
SUB-0090,MEM-0012,6,100.0,1,0,1,1.0,1,42,33,-3.18,21.55,1,VALIDEE
SUB-0091,MEM-0028,4,79.47,0,0,0,0.0,0,18,109,13.99,24.68,1,VALIDEE
SUB-0092,MEM-0153,5,72.0,1,1,0,0.0,1,29,59,7.41,37.23,1,REJETEE
SUB-0093,MEM-0107,6,68.01,0,0,0,0.0,1,5,41,19.95,4.2,0,REJETEE
SUB-0094,MEM-0191,6,65.76,0,0,0,0.0,1,23,115,23.23,19.03,0,REJETEE
SUB-0095,MEM-0074,5,58.23,4,3,1,0.25,1,15,43,5.5,25.03,0,REJETEE
SUB-0096,MEM-0196,3,73.49,11,2,9,0.818,0,12,64,16.08,13.9,1,CORRECTIONS_REQUISES
SUB-0097,MEM-0047,2,59.26,1,1,0,0.0,1,27,88,5.23,16.65,1,REJETEE
SUB-0098,MEM-0199,5,97.65,0,0,0,0.0,0,29,114,7.72,27.32,1,VALIDEE
SUB-0099,MEM-0194,5,62.03,0,0,0,0.0,0,26,106,-3.36,9.2,0,VALIDEE
SUB-0100,MEM-0196,3,49.74,9,3,6,0.667,1,35,120,1.9,25.14,1,REJETEE
SUB-0101,MEM-0019,4,74.61,0,0,0,0.0,1,37,81,16.28,18.8,0,REJETEE
SUB-0102,MEM-0104,1,68.65,19,5,14,0.737,1,0,43,0.0,10.95,1,REJETEE
SUB-0103,MEM-0135,1,45.83,10,7,3,0.3,0,0,95,0.0,28.5,0,REJETEE
SUB-0104,MEM-0090,3,79.84,0,0,0,0.0,0,13,52,13.07,34.21,0,CORRECTIONS_REQUISES
SUB-0105,MEM-0198,6,98.71,3,0,3,1.0,0,29,38,9.07,28.41,1,VALIDEE
SUB-0106,MEM-0091,5,61.59,0,0,0,0.0,0,42,41,13.45,22.82,1,CORRECTIONS_REQUISES
SUB-0107,MEM-0190,1,47.99,20,14,6,0.3,1,0,94,0.0,6.79,0,REJETEE
SUB-0108,MEM-0116,1,62.44,2,0,2,1.0,0,0,120,0.0,19.7,1,VALIDEE
SUB-0109,MEM-0157,2,55.82,9,3,6,0.667,0,5,72,-2.16,30.53,1,REJETEE
SUB-0110,MEM-0169,5,88.93,6,1,5,0.833,0,42,119,14.86,5.8,0,VALIDEE
SUB-0111,MEM-0097,6,100.0,1,1,0,0.0,1,33,76,-4.45,13.9,0,REJETEE
SUB-0112,MEM-0088,4,73.68,0,0,0,0.0,0,43,73,21.29,27.81,1,CORRECTIONS_REQUISES
SUB-0113,MEM-0047,6,100.0,0,0,0,0.0,1,24,116,16.59,43.63,1,REJETEE
SUB-0114,MEM-0193,6,86.88,0,0,0,0.0,1,58,54,6.04,42.62,1,REJETEE
SUB-0115,MEM-0119,3,76.18,7,5,2,0.286,0,4,112,9.42,16.7,0,CORRECTIONS_REQUISES
SUB-0116,MEM-0133,1,41.4,8,1,7,0.875,1,0,41,0.0,42.59,0,REJETEE
SUB-0117,MEM-0116,3,80.69,6,2,4,0.667,1,6,77,1.74,14.34,0,REJETEE
SUB-0118,MEM-0183,6,64.98,0,0,0,0.0,1,45,47,17.77,21.11,0,REJETEE
SUB-0119,MEM-0021,1,40.24,17,1,16,0.941,1,0,44,0.0,34.93,0,REJETEE
SUB-0120,MEM-0013,2,56.94,11,10,1,0.091,1,39,98,-4.51,23.19,0,REJETEE
SUB-0121,MEM-0184,2,44.66,8,5,3,0.375,1,12,115,15.05,23.56,1,REJETEE
SUB-0122,MEM-0018,5,92.07,4,0,4,1.0,1,56,90,-3.69,17.41,1,VALIDEE
SUB-0123,MEM-0005,3,73.75,14,13,1,0.071,0,23,99,5.16,28.93,1,REJETEE
SUB-0124,MEM-0123,6,58.36,0,0,0,0.0,0,51,55,21.57,14.2,1,CORRECTIONS_REQUISES
SUB-0125,MEM-0140,4,69.47,0,0,0,0.0,0,18,45,18.98,19.66,1,CORRECTIONS_REQUISES
SUB-0126,MEM-0099,3,83.88,9,4,5,0.556,1,6,85,13.07,37.01,1,REJETEE
SUB-0127,MEM-0083,1,33.2,9,2,7,0.778,1,0,51,0.0,31.04,1,REJETEE
SUB-0128,MEM-0115,1,59.07,19,6,13,0.684,0,0,115,0.0,28.69,1,REJETEE
SUB-0129,MEM-0192,6,52.8,4,1,3,0.75,0,16,112,5.99,17.23,0,CORRECTIONS_REQUISES
SUB-0130,MEM-0174,4,87.0,0,0,0,0.0,1,21,113,3.36,43.22,0,REJETEE
SUB-0131,MEM-0189,2,56.44,14,13,1,0.071,1,14,108,3.57,41.24,1,REJETEE
SUB-0132,MEM-0052,1,35.43,5,0,5,1.0,1,0,41,0.0,36.47,1,CORRECTIONS_REQUISES
SUB-0133,MEM-0182,1,52.0,9,7,2,0.222,0,0,45,0.0,44.33,0,REJETEE
SUB-0134,MEM-0061,4,55.01,2,1,1,0.5,0,20,80,24.99,32.35,1,REJETEE
SUB-0135,MEM-0148,1,35.01,2,1,1,0.5,1,0,117,0.0,23.28,0,REJETEE
SUB-0136,MEM-0200,5,74.14,0,0,0,0.0,0,20,51,-0.14,42.06,0,REJETEE
SUB-0137,MEM-0089,5,100.0,0,0,0,0.0,0,40,98,-2.2,28.84,0,VALIDEE
SUB-0138,MEM-0160,6,96.27,3,3,0,0.0,0,42,103,2.94,9.49,1,CORRECTIONS_REQUISES
SUB-0139,MEM-0008,4,89.29,11,7,4,0.364,1,16,117,7.18,20.41,0,REJETEE
SUB-0140,MEM-0041,4,68.16,1,1,0,0.0,0,26,46,17.82,23.17,0,CORRECTIONS_REQUISES
SUB-0141,MEM-0120,1,40.7,3,3,0,0.0,1,0,108,0.0,18.82,0,REJETEE
SUB-0142,MEM-0084,5,77.68,0,0,0,0.0,1,32,69,9.92,4.05,1,REJETEE
SUB-0143,MEM-0130,4,83.48,2,2,0,0.0,1,39,113,15.18,12.86,0,REJETEE
SUB-0144,MEM-0028,4,51.5,2,1,1,0.5,1,4,102,11.85,16.31,1,REJETEE
SUB-0145,MEM-0019,4,79.81,0,0,0,0.0,1,24,73,11.73,16.45,0,REJETEE
SUB-0146,MEM-0051,5,80.37,0,0,0,0.0,1,34,88,-0.53,40.19,0,REJETEE
SUB-0147,MEM-0084,5,68.89,7,3,4,0.571,1,46,102,3.99,36.71,1,REJETEE
SUB-0148,MEM-0085,6,68.13,0,0,0,0.0,1,17,113,18.49,34.93,0,REJETEE
SUB-0149,MEM-0185,1,53.34,20,1,19,0.95,1,0,48,0.0,36.97,0,REJETEE
SUB-0150,MEM-0180,1,37.63,13,11,2,0.154,1,0,118,0.0,9.18,1,REJETEE
SUB-0151,MEM-0189,6,53.7,0,0,0,0.0,1,34,78,4.41,7.79,1,REJETEE
SUB-0152,MEM-0140,3,78.65,14,2,12,0.857,1,13,61,3.37,13.43,1,VALIDEE
SUB-0153,MEM-0181,2,65.01,12,7,5,0.417,0,37,116,11.3,40.31,1,REJETEE
SUB-0154,MEM-0089,2,47.21,0,0,0,0.0,1,42,62,17.42,9.63,1,REJETEE
SUB-0155,MEM-0144,6,60.78,3,2,1,0.333,0,41,59,-3.43,18.6,1,REJETEE
SUB-0156,MEM-0198,2,38.16,2,1,1,0.5,1,31,113,0.98,43.38,1,REJETEE
SUB-0157,MEM-0074,6,81.96,5,1,4,0.8,0,27,52,23.02,1.64,1,VALIDEE
SUB-0158,MEM-0048,6,100.0,0,0,0,0.0,0,19,88,24.67,24.45,1,VALIDEE
SUB-0159,MEM-0035,5,67.66,0,0,0,0.0,1,42,62,16.56,0.63,1,REJETEE
SUB-0160,MEM-0076,5,75.93,7,1,6,0.857,1,33,71,-2.4,30.12,0,CORRECTIONS_REQUISES
SUB-0161,MEM-0123,3,73.56,6,5,1,0.167,1,49,64,23.62,13.59,0,REJETEE
SUB-0162,MEM-0067,6,70.02,0,0,0,0.0,1,44,94,22.69,39.95,1,REJETEE
SUB-0163,MEM-0177,1,55.55,11,2,9,0.818,0,0,91,0.0,6.89,1,CORRECTIONS_REQUISES
SUB-0164,MEM-0141,4,90.95,0,0,0,0.0,1,34,120,5.85,41.28,0,REJETEE
SUB-0165,MEM-0016,5,85.39,5,4,1,0.2,1,8,117,1.16,26.24,0,REJETEE
SUB-0166,MEM-0131,4,83.59,7,1,6,0.857,1,37,37,11.76,30.27,1,CORRECTIONS_REQUISES
SUB-0167,MEM-0102,3,82.08,12,11,1,0.083,1,23,119,-3.09,44.74,0,REJETEE
SUB-0168,MEM-0121,1,41.48,4,1,3,0.75,1,0,87,0.0,39.13,1,REJETEE
SUB-0169,MEM-0097,1,57.31,17,13,4,0.235,0,0,98,0.0,17.69,0,REJETEE
SUB-0170,MEM-0058,1,60.25,14,4,10,0.714,1,0,98,0.0,17.07,0,REJETEE
SUB-0171,MEM-0064,4,60.29,0,0,0,0.0,1,40,32,2.22,3.03,0,REJETEE
SUB-0172,MEM-0115,5,100.0,0,0,0,0.0,1,29,59,11.19,33.95,0,REJETEE
SUB-0173,MEM-0036,5,90.17,6,4,2,0.333,0,57,48,24.57,23.46,1,CORRECTIONS_REQUISES
SUB-0174,MEM-0016,5,100.0,0,0,0,0.0,1,4,74,23.25,30.21,1,REJETEE
SUB-0175,MEM-0179,4,63.43,0,0,0,0.0,0,55,120,-0.67,20.84,0,CORRECTIONS_REQUISES
SUB-0176,MEM-0107,5,77.18,0,0,0,0.0,1,55,77,-2.23,32.61,0,REJETEE
SUB-0177,MEM-0014,3,61.98,0,0,0,0.0,1,14,72,4.1,40.9,0,REJETEE
SUB-0178,MEM-0049,6,94.67,0,0,0,0.0,1,59,60,11.56,34.9,1,REJETEE
SUB-0179,MEM-0120,5,79.05,0,0,0,0.0,1,7,90,17.85,14.41,0,REJETEE
SUB-0180,MEM-0095,3,62.68,1,1,0,0.0,1,19,49,0.89,10.35,0,REJETEE
SUB-0181,MEM-0128,5,92.84,0,0,0,0.0,1,30,51,16.98,15.85,0,REJETEE
SUB-0182,MEM-0185,5,94.54,5,0,5,1.0,0,53,115,-3.54,0.29,0,VALIDEE
SUB-0183,MEM-0060,1,58.29,16,2,14,0.875,1,0,114,0.0,21.95,0,CORRECTIONS_REQUISES
SUB-0184,MEM-0106,1,30.67,17,8,9,0.529,1,0,52,0.0,4.82,0,REJETEE
SUB-0185,MEM-0135,2,48.22,5,3,2,0.4,1,6,77,23.78,20.65,0,REJETEE
SUB-0186,MEM-0179,2,52.45,0,0,0,0.0,1,25,78,11.58,2.53,0,REJETEE
SUB-0187,MEM-0180,2,43.92,17,7,10,0.588,0,14,118,21.63,21.4,0,REJETEE
SUB-0188,MEM-0176,3,82.12,0,0,0,0.0,0,38,48,17.57,32.07,1,VALIDEE
SUB-0189,MEM-0077,2,60.66,9,1,8,0.889,1,49,47,18.71,31.02,0,REJETEE
SUB-0190,MEM-0089,1,33.91,2,1,1,0.5,1,0,71,0.0,1.33,1,REJETEE
SUB-0191,MEM-0116,4,63.06,3,0,3,1.0,1,6,109,3.86,11.09,0,VALIDEE
SUB-0192,MEM-0040,4,84.58,3,1,2,0.667,0,1,69,8.34,34.26,0,REJETEE
SUB-0193,MEM-0048,4,71.93,4,4,0,0.0,0,36,41,12.91,35.3,1,REJETEE
SUB-0194,MEM-0106,4,89.74,8,5,3,0.375,1,11,47,3.07,12.08,0,REJETEE
SUB-0195,MEM-0017,2,54.18,12,0,12,1.0,0,16,110,9.87,27.75,1,CORRECTIONS_REQUISES
SUB-0196,MEM-0078,1,67.95,19,7,12,0.632,1,0,72,0.0,19.38,0,REJETEE
SUB-0197,MEM-0077,3,72.64,9,4,5,0.556,1,21,67,17.05,28.48,0,REJETEE
SUB-0198,MEM-0084,4,71.43,2,2,0,0.0,0,47,89,23.29,9.43,1,CORRECTIONS_REQUISES
SUB-0199,MEM-0018,4,69.68,0,0,0,0.0,1,51,78,-2.78,44.58,1,REJETEE
SUB-0200,MEM-0150,4,85.31,4,0,4,1.0,0,7,61,14.73,15.98,0,VALIDEE
SUB-0201,MEM-0166,6,100.0,0,0,0,0.0,0,17,58,10.32,23.35,0,VALIDEE
SUB-0202,MEM-0101,4,85.79,7,5,2,0.286,1,7,67,7.48,43.28,0,REJETEE
SUB-0203,MEM-0187,2,50.02,3,0,3,1.0,1,7,86,16.66,20.36,0,CORRECTIONS_REQUISES
SUB-0204,MEM-0182,1,30.9,3,2,1,0.333,0,0,72,0.0,25.19,1,REJETEE
SUB-0205,MEM-0104,6,81.2,0,0,0,0.0,1,38,84,6.67,31.71,0,REJETEE
SUB-0206,MEM-0072,6,80.16,0,0,0,0.0,0,30,44,2.87,38.82,1,CORRECTIONS_REQUISES
SUB-0207,MEM-0157,4,71.87,5,1,4,0.8,0,44,47,4.4,10.74,0,CORRECTIONS_REQUISES
SUB-0208,MEM-0178,2,57.2,1,0,1,1.0,1,12,92,14.07,31.2,0,CORRECTIONS_REQUISES
SUB-0209,MEM-0126,3,47.27,8,8,0,0.0,1,9,54,19.46,43.37,1,REJETEE
SUB-0210,MEM-0105,6,96.63,0,0,0,0.0,0,51,58,3.76,12.37,1,VALIDEE
SUB-0211,MEM-0118,5,99.27,5,1,4,0.8,0,50,99,19.7,16.51,0,VALIDEE
SUB-0212,MEM-0113,5,66.05,8,5,3,0.375,1,17,74,20.87,3.91,0,REJETEE
SUB-0213,MEM-0199,2,48.03,8,2,6,0.75,0,53,56,19.16,25.65,1,CORRECTIONS_REQUISES
SUB-0214,MEM-0044,3,80.43,12,8,4,0.333,1,59,37,24.77,39.02,0,REJETEE
SUB-0215,MEM-0180,2,49.39,4,1,3,0.75,1,10,103,13.97,28.25,1,REJETEE
SUB-0216,MEM-0116,1,55.35,2,1,1,0.5,1,0,92,0.0,14.73,0,REJETEE
SUB-0217,MEM-0199,6,92.47,5,0,5,1.0,1,14,84,19.75,22.26,1,VALIDEE
SUB-0218,MEM-0087,5,85.5,3,1,2,0.667,0,41,88,-4.51,41.82,0,REJETEE
SUB-0219,MEM-0113,4,64.89,0,0,0,0.0,0,6,113,5.81,3.71,0,CORRECTIONS_REQUISES
SUB-0220,MEM-0161,3,78.63,7,6,1,0.143,0,31,39,-1.02,10.18,1,CORRECTIONS_REQUISES
SUB-0221,MEM-0179,3,86.47,7,5,2,0.286,1,5,59,6.49,32.88,0,REJETEE
SUB-0222,MEM-0027,3,56.09,6,0,6,1.0,0,34,102,-4.75,29.25,1,CORRECTIONS_REQUISES
SUB-0223,MEM-0055,6,100.0,4,1,3,0.75,0,9,45,12.69,17.28,1,CORRECTIONS_REQUISES
SUB-0224,MEM-0036,2,44.84,14,5,9,0.643,0,14,96,13.21,8.49,1,REJETEE
SUB-0225,MEM-0014,2,53.81,12,2,10,0.833,0,60,70,-1.04,38.74,1,REJETEE
SUB-0226,MEM-0175,2,72.1,0,0,0,0.0,0,14,35,22.68,42.69,1,REJETEE
SUB-0227,MEM-0130,3,70.16,7,1,6,0.857,1,6,111,11.1,27.72,1,CORRECTIONS_REQUISES
SUB-0228,MEM-0021,5,100.0,0,0,0,0.0,1,38,111,17.9,29.24,0,REJETEE
SUB-0229,MEM-0080,6,100.0,0,0,0,0.0,1,8,88,13.37,2.48,0,REJETEE
SUB-0230,MEM-0031,1,58.32,5,2,3,0.6,0,0,77,0.0,5.71,1,CORRECTIONS_REQUISES
SUB-0231,MEM-0031,1,43.4,16,14,2,0.125,1,0,88,0.0,22.99,0,REJETEE
SUB-0232,MEM-0128,5,54.34,0,0,0,0.0,0,55,31,2.34,21.23,1,CORRECTIONS_REQUISES
SUB-0233,MEM-0046,1,52.11,20,7,13,0.65,0,0,83,0.0,41.21,1,REJETEE
SUB-0234,MEM-0070,1,52.86,1,1,0,0.0,1,0,38,0.0,39.46,1,REJETEE
SUB-0235,MEM-0199,3,59.05,0,0,0,0.0,0,48,109,2.28,16.57,1,CORRECTIONS_REQUISES
SUB-0236,MEM-0199,2,67.22,4,3,1,0.25,1,2,59,11.25,28.62,0,REJETEE
SUB-0237,MEM-0086,1,60.36,9,8,1,0.111,1,0,92,0.0,43.25,0,REJETEE
SUB-0238,MEM-0183,3,56.3,10,4,6,0.6,1,48,40,12.42,22.74,1,REJETEE
SUB-0239,MEM-0020,5,80.37,0,0,0,0.0,0,60,80,16.02,33.09,1,CORRECTIONS_REQUISES
SUB-0240,MEM-0060,1,67.74,18,15,3,0.167,0,0,87,0.0,20.97,1,REJETEE
SUB-0241,MEM-0092,2,55.25,0,0,0,0.0,0,14,71,-0.55,32.0,1,REJETEE
SUB-0242,MEM-0013,6,93.86,0,0,0,0.0,1,55,87,11.68,24.76,0,REJETEE
SUB-0243,MEM-0119,1,62.16,0,0,0,0.0,0,0,81,0.0,16.75,0,CORRECTIONS_REQUISES
SUB-0244,MEM-0067,1,30.87,20,6,14,0.7,0,0,45,0.0,1.92,1,REJETEE
SUB-0245,MEM-0147,4,82.53,0,0,0,0.0,1,12,75,1.44,8.42,1,REJETEE
SUB-0246,MEM-0115,2,39.96,4,2,2,0.5,1,27,100,9.37,3.95,1,REJETEE
SUB-0247,MEM-0036,4,70.86,7,4,3,0.429,1,51,75,9.39,35.16,1,REJETEE
SUB-0248,MEM-0145,5,64.6,0,0,0,0.0,0,4,90,10.88,34.51,0,CORRECTIONS_REQUISES
SUB-0249,MEM-0026,2,61.67,0,0,0,0.0,1,23,52,0.28,26.66,1,REJETEE
SUB-0250,MEM-0152,1,58.14,18,0,18,1.0,1,0,99,0.0,13.91,1,CORRECTIONS_REQUISES
SUB-0251,MEM-0015,2,57.25,12,12,0,0.0,0,22,52,22.56,37.99,1,REJETEE
SUB-0252,MEM-0038,5,75.29,0,0,0,0.0,1,38,42,5.1,14.52,0,REJETEE
SUB-0253,MEM-0188,4,96.61,11,6,5,0.455,0,43,105,19.43,17.03,1,CORRECTIONS_REQUISES
SUB-0254,MEM-0187,1,67.95,12,0,12,1.0,0,0,108,0.0,9.94,0,VALIDEE
SUB-0255,MEM-0037,3,70.1,4,3,1,0.25,1,1,63,1.29,31.19,1,REJETEE
SUB-0256,MEM-0066,1,58.82,14,3,11,0.786,1,0,51,0.0,39.8,1,REJETEE
SUB-0257,MEM-0097,3,59.67,9,0,9,1.0,1,5,34,3.85,14.34,0,CORRECTIONS_REQUISES
SUB-0258,MEM-0044,4,47.46,0,0,0,0.0,1,46,33,7.94,29.41,1,REJETEE
SUB-0259,MEM-0041,1,34.05,6,3,3,0.5,0,0,60,0.0,4.32,1,REJETEE
SUB-0260,MEM-0126,2,35.21,0,0,0,0.0,1,13,42,-4.23,7.69,1,REJETEE
SUB-0261,MEM-0021,4,81.08,3,0,3,1.0,1,58,114,2.95,28.88,1,VALIDEE
SUB-0262,MEM-0098,3,44.27,8,1,7,0.875,0,37,37,-0.47,31.34,0,REJETEE
SUB-0263,MEM-0089,5,85.79,0,0,0,0.0,1,53,96,7.56,24.1,1,REJETEE
SUB-0264,MEM-0147,2,52.76,0,0,0,0.0,1,12,51,24.16,36.38,0,REJETEE
SUB-0265,MEM-0011,4,60.58,0,0,0,0.0,0,6,79,11.69,24.84,1,CORRECTIONS_REQUISES
SUB-0266,MEM-0004,6,93.44,0,0,0,0.0,1,10,48,12.0,26.22,0,REJETEE
SUB-0267,MEM-0028,5,100.0,5,3,2,0.4,1,17,79,14.64,25.74,1,REJETEE
SUB-0268,MEM-0010,2,45.31,16,4,12,0.75,1,57,72,15.72,2.22,1,REJETEE
SUB-0269,MEM-0069,3,51.52,3,1,2,0.667,1,55,119,15.55,43.76,0,REJETEE
SUB-0270,MEM-0035,3,82.94,4,2,2,0.5,1,39,112,-2.32,19.88,1,REJETEE
SUB-0271,MEM-0190,4,92.79,0,0,0,0.0,1,9,97,21.38,1.3,0,REJETEE
SUB-0272,MEM-0052,1,39.98,11,0,11,1.0,0,0,89,0.0,22.73,0,CORRECTIONS_REQUISES
SUB-0273,MEM-0062,3,63.58,9,0,9,1.0,0,54,63,17.47,31.0,1,CORRECTIONS_REQUISES
SUB-0274,MEM-0013,2,74.17,3,2,1,0.333,0,42,82,10.4,38.91,0,REJETEE
SUB-0275,MEM-0034,6,87.97,0,0,0,0.0,1,58,78,20.55,20.65,0,REJETEE
SUB-0276,MEM-0120,3,77.93,6,2,4,0.667,0,36,112,12.81,12.72,0,CORRECTIONS_REQUISES
SUB-0277,MEM-0087,3,77.13,2,0,2,1.0,0,34,60,21.99,36.24,1,VALIDEE
SUB-0278,MEM-0175,2,67.75,6,4,2,0.333,1,26,79,17.1,26.24,0,REJETEE
SUB-0279,MEM-0088,6,100.0,5,2,3,0.6,0,54,114,21.29,8.15,0,CORRECTIONS_REQUISES
SUB-0280,MEM-0190,3,75.07,0,0,0,0.0,0,15,69,7.61,39.91,1,CORRECTIONS_REQUISES
SUB-0281,MEM-0076,4,85.75,11,2,9,0.818,1,57,54,10.01,39.04,1,CORRECTIONS_REQUISES
SUB-0282,MEM-0106,1,64.83,6,4,2,0.333,1,0,102,0.0,40.18,1,REJETEE
SUB-0283,MEM-0037,3,73.74,0,0,0,0.0,0,41,37,-4.86,12.31,0,VALIDEE
SUB-0284,MEM-0041,4,91.46,0,0,0,0.0,1,26,84,23.96,17.25,0,REJETEE
SUB-0285,MEM-0137,2,70.78,7,4,3,0.429,0,15,118,21.31,14.04,0,REJETEE
SUB-0286,MEM-0151,3,57.51,3,1,2,0.667,1,47,96,12.89,15.2,0,REJETEE
SUB-0287,MEM-0088,4,58.46,3,3,0,0.0,0,14,32,12.69,7.6,1,CORRECTIONS_REQUISES
SUB-0288,MEM-0010,4,80.97,8,8,0,0.0,0,4,118,-1.53,19.99,0,REJETEE
SUB-0289,MEM-0122,6,82.41,5,5,0,0.0,1,43,42,14.87,12.15,0,REJETEE
SUB-0290,MEM-0108,1,50.46,9,8,1,0.111,1,0,55,0.0,27.41,1,REJETEE
SUB-0291,MEM-0134,2,51.0,2,2,0,0.0,1,59,56,15.65,21.63,0,REJETEE
SUB-0292,MEM-0001,1,56.87,18,3,15,0.833,0,0,42,0.0,40.72,0,REJETEE
SUB-0293,MEM-0117,3,47.47,0,0,0,0.0,0,28,44,-2.15,34.12,0,REJETEE
SUB-0294,MEM-0036,6,85.68,0,0,0,0.0,0,12,44,7.02,43.3,1,REJETEE
SUB-0295,MEM-0099,6,100.0,5,4,1,0.2,0,55,50,-1.89,41.01,1,REJETEE
SUB-0296,MEM-0146,6,90.04,0,0,0,0.0,1,59,92,-1.61,18.51,0,REJETEE
SUB-0297,MEM-0017,3,62.42,10,1,9,0.9,0,28,114,16.8,21.69,1,CORRECTIONS_REQUISES
SUB-0298,MEM-0143,5,67.34,0,0,0,0.0,1,56,51,-2.75,22.12,0,REJETEE
SUB-0299,MEM-0085,3,42.02,14,8,6,0.429,1,53,60,-2.64,19.99,1,REJETEE
SUB-0300,MEM-0023,4,60.09,6,1,5,0.833,1,27,34,11.71,0.01,0,CORRECTIONS_REQUISES
SUB-0301,MEM-0159,6,80.06,0,0,0,0.0,0,53,58,20.33,14.94,1,VALIDEE
SUB-0302,MEM-0094,6,67.49,0,0,0,0.0,0,36,96,6.22,4.78,0,CORRECTIONS_REQUISES
SUB-0303,MEM-0184,6,78.68,4,3,1,0.25,1,14,88,19.74,8.58,1,REJETEE
SUB-0304,MEM-0028,4,57.96,9,8,1,0.111,1,30,114,12.68,22.69,1,REJETEE
SUB-0305,MEM-0002,5,91.36,1,0,1,1.0,0,7,79,14.73,27.28,1,VALIDEE
SUB-0306,MEM-0099,4,100.0,0,0,0,0.0,1,22,67,8.59,6.0,1,REJETEE
SUB-0307,MEM-0155,6,100.0,2,1,1,0.5,0,40,67,15.6,41.45,0,REJETEE
SUB-0308,MEM-0182,6,92.01,2,0,2,1.0,0,36,91,12.48,42.42,1,REJETEE
SUB-0309,MEM-0173,6,100.0,0,0,0,0.0,1,10,36,15.11,9.0,0,REJETEE
SUB-0310,MEM-0074,6,92.79,0,0,0,0.0,1,7,108,21.04,33.28,0,REJETEE
SUB-0311,MEM-0191,6,78.14,0,0,0,0.0,1,25,83,23.7,43.91,1,REJETEE
SUB-0312,MEM-0142,1,30.52,19,5,14,0.737,0,0,54,0.0,13.24,0,CORRECTIONS_REQUISES
SUB-0313,MEM-0020,2,78.11,0,0,0,0.0,1,18,101,2.93,7.24,1,REJETEE
SUB-0314,MEM-0002,3,71.53,0,0,0,0.0,0,32,103,11.5,3.28,1,VALIDEE
SUB-0315,MEM-0048,5,62.91,1,0,1,1.0,0,57,57,14.9,14.9,1,VALIDEE
SUB-0316,MEM-0193,5,99.1,8,8,0,0.0,1,16,112,13.41,27.95,0,REJETEE
SUB-0317,MEM-0175,3,65.59,0,0,0,0.0,0,59,96,19.66,16.87,1,CORRECTIONS_REQUISES
SUB-0318,MEM-0076,6,75.83,0,0,0,0.0,0,43,110,18.21,38.92,1,VALIDEE
SUB-0319,MEM-0053,5,100.0,1,1,0,0.0,1,46,72,-3.86,3.3,0,REJETEE
SUB-0320,MEM-0065,5,74.4,0,0,0,0.0,1,29,110,7.13,14.24,1,REJETEE
SUB-0321,MEM-0173,1,51.39,19,17,2,0.105,0,0,94,0.0,4.78,1,REJETEE
SUB-0322,MEM-0073,4,76.45,0,0,0,0.0,0,48,80,18.9,38.23,1,VALIDEE
SUB-0323,MEM-0037,3,79.55,14,9,5,0.357,0,3,30,12.18,17.73,0,REJETEE
SUB-0324,MEM-0192,6,96.62,0,0,0,0.0,0,40,62,0.83,8.16,0,VALIDEE
SUB-0325,MEM-0141,4,66.76,0,0,0,0.0,1,22,75,-1.15,29.5,0,REJETEE
SUB-0326,MEM-0073,5,51.76,3,0,3,1.0,0,37,102,5.93,14.23,1,VALIDEE
SUB-0327,MEM-0081,2,70.84,17,4,13,0.765,0,44,72,21.34,20.83,1,CORRECTIONS_REQUISES
SUB-0328,MEM-0125,5,69.59,0,0,0,0.0,0,47,110,-2.71,3.39,0,VALIDEE
SUB-0329,MEM-0162,1,62.51,18,12,6,0.333,1,0,113,0.0,34.88,1,REJETEE
SUB-0330,MEM-0101,2,73.96,6,5,1,0.167,1,33,95,-2.28,16.37,0,REJETEE
SUB-0331,MEM-0170,2,74.18,16,11,5,0.312,1,11,52,11.99,25.46,0,REJETEE
SUB-0332,MEM-0189,6,80.49,0,0,0,0.0,0,24,59,-3.72,9.3,1,VALIDEE
SUB-0333,MEM-0117,1,31.6,3,1,2,0.667,1,0,113,0.0,17.03,0,REJETEE
SUB-0334,MEM-0133,3,67.38,10,4,6,0.6,1,51,91,21.62,0.3,0,REJETEE
SUB-0335,MEM-0113,2,46.83,5,4,1,0.2,0,24,107,16.52,5.32,0,REJETEE
SUB-0336,MEM-0085,6,79.92,0,0,0,0.0,1,2,61,-3.71,25.81,0,REJETEE
SUB-0337,MEM-0035,6,100.0,0,0,0,0.0,0,34,81,12.98,25.36,0,VALIDEE
SUB-0338,MEM-0187,6,100.0,0,0,0,0.0,1,56,91,0.12,37.37,0,REJETEE
SUB-0339,MEM-0150,2,62.53,2,0,2,1.0,1,39,105,-2.93,17.02,0,CORRECTIONS_REQUISES
SUB-0340,MEM-0052,5,94.54,1,1,0,0.0,1,58,108,12.99,39.5,0,REJETEE
SUB-0341,MEM-0024,4,89.73,8,8,0,0.0,1,34,83,6.11,1.95,1,REJETEE
SUB-0342,MEM-0059,4,80.88,9,0,9,1.0,1,9,62,9.31,10.46,0,VALIDEE
SUB-0343,MEM-0140,4,49.46,0,0,0,0.0,1,42,56,15.63,14.22,1,REJETEE
SUB-0344,MEM-0028,2,55.31,5,1,4,0.8,1,37,76,13.36,44.63,1,REJETEE
SUB-0345,MEM-0194,2,56.58,12,10,2,0.167,1,17,69,12.33,34.84,1,REJETEE
SUB-0346,MEM-0189,2,73.13,4,1,3,0.75,0,33,81,18.58,36.04,0,REJETEE
SUB-0347,MEM-0163,1,62.17,15,2,13,0.867,0,0,58,0.0,16.69,0,CORRECTIONS_REQUISES
SUB-0348,MEM-0103,5,78.56,7,7,0,0.0,1,29,31,1.05,29.56,1,REJETEE
SUB-0349,MEM-0050,1,61.36,7,5,2,0.286,0,0,113,0.0,0.01,0,REJETEE
SUB-0350,MEM-0071,4,63.79,9,6,3,0.333,0,36,66,16.78,25.16,1,REJETEE
SUB-0351,MEM-0071,2,59.01,9,0,9,1.0,0,27,94,-1.81,3.26,1,CORRECTIONS_REQUISES
SUB-0352,MEM-0030,5,100.0,6,4,2,0.333,1,25,102,9.51,10.95,1,REJETEE
SUB-0353,MEM-0199,4,90.47,0,0,0,0.0,0,25,111,18.66,9.92,0,VALIDEE
SUB-0354,MEM-0106,3,56.84,2,2,0,0.0,1,44,73,-2.72,41.91,1,REJETEE
SUB-0355,MEM-0081,3,55.07,0,0,0,0.0,1,48,55,2.05,10.89,1,REJETEE
SUB-0356,MEM-0053,2,43.36,16,5,11,0.688,0,59,40,15.27,29.85,0,REJETEE
SUB-0357,MEM-0139,1,63.92,10,3,7,0.7,1,0,53,0.0,44.3,1,REJETEE
SUB-0358,MEM-0102,2,64.16,13,1,12,0.923,1,31,99,-4.02,15.63,0,CORRECTIONS_REQUISES
SUB-0359,MEM-0031,6,79.93,0,0,0,0.0,1,38,42,4.76,27.58,1,REJETEE
SUB-0360,MEM-0048,5,62.21,7,2,5,0.714,1,28,56,7.57,33.85,1,REJETEE
SUB-0361,MEM-0103,3,64.31,12,2,10,0.833,0,52,60,11.66,38.53,0,REJETEE
SUB-0362,MEM-0190,2,52.01,10,3,7,0.7,1,20,62,11.86,25.55,1,REJETEE
SUB-0363,MEM-0026,6,61.23,0,0,0,0.0,1,48,72,2.79,16.21,1,REJETEE
SUB-0364,MEM-0089,1,46.47,19,13,6,0.316,0,0,71,0.0,30.29,1,REJETEE
SUB-0365,MEM-0115,1,45.24,20,16,4,0.2,1,0,110,0.0,27.55,1,REJETEE
SUB-0366,MEM-0019,1,36.48,10,0,10,1.0,1,0,64,0.0,39.95,1,CORRECTIONS_REQUISES
SUB-0367,MEM-0134,4,60.52,0,0,0,0.0,0,14,51,6.91,4.3,1,VALIDEE
SUB-0368,MEM-0007,4,86.85,0,0,0,0.0,1,20,59,2.42,12.79,0,REJETEE
SUB-0369,MEM-0034,5,76.57,0,0,0,0.0,1,30,99,23.05,24.68,0,REJETEE
SUB-0370,MEM-0179,5,70.59,8,2,6,0.75,1,35,59,19.14,19.88,1,REJETEE
SUB-0371,MEM-0106,3,42.42,10,8,2,0.2,1,35,31,15.63,22.14,1,REJETEE
SUB-0372,MEM-0077,1,60.63,19,12,7,0.368,0,0,82,0.0,39.7,1,REJETEE
SUB-0373,MEM-0042,6,92.02,0,0,0,0.0,1,41,60,10.5,36.0,1,REJETEE
SUB-0374,MEM-0073,6,100.0,0,0,0,0.0,0,19,44,14.11,27.8,1,VALIDEE
SUB-0375,MEM-0126,2,47.2,14,14,0,0.0,0,18,46,16.46,32.72,0,REJETEE
SUB-0376,MEM-0004,4,59.03,6,4,2,0.333,1,45,34,4.91,37.96,0,REJETEE
SUB-0377,MEM-0015,3,68.31,9,7,2,0.222,1,54,31,-1.34,34.57,0,REJETEE
SUB-0378,MEM-0099,4,75.74,0,0,0,0.0,1,25,117,23.84,42.13,0,REJETEE
SUB-0379,MEM-0162,6,88.87,1,1,0,0.0,1,41,68,0.96,39.94,0,REJETEE
SUB-0380,MEM-0029,2,61.24,2,1,1,0.5,1,51,61,-4.73,1.89,1,REJETEE
SUB-0381,MEM-0177,5,75.95,0,0,0,0.0,1,6,117,13.56,41.89,0,REJETEE
SUB-0382,MEM-0016,3,74.41,0,0,0,0.0,1,15,70,24.45,35.49,1,REJETEE
SUB-0383,MEM-0113,6,83.73,0,0,0,0.0,1,46,86,11.77,24.42,1,REJETEE
SUB-0384,MEM-0049,5,61.98,2,1,1,0.5,0,29,67,19.58,24.37,1,REJETEE
SUB-0385,MEM-0164,5,63.84,0,0,0,0.0,0,43,98,19.57,8.54,1,VALIDEE
SUB-0386,MEM-0040,5,68.08,0,0,0,0.0,0,54,46,0.36,1.41,0,CORRECTIONS_REQUISES
SUB-0387,MEM-0026,1,52.84,15,7,8,0.533,0,0,107,0.0,32.3,0,REJETEE
SUB-0388,MEM-0054,6,100.0,0,0,0,0.0,1,53,77,18.83,2.62,1,REJETEE
SUB-0389,MEM-0136,1,59.37,2,2,0,0.0,0,0,98,0.0,17.34,0,REJETEE
SUB-0390,MEM-0064,5,73.45,5,2,3,0.6,1,45,115,7.81,4.68,0,REJETEE
SUB-0391,MEM-0141,4,76.94,8,1,7,0.875,0,55,77,7.37,28.5,1,VALIDEE
SUB-0392,MEM-0145,5,78.12,0,0,0,0.0,1,29,80,-4.99,1.56,1,REJETEE
SUB-0393,MEM-0153,1,50.7,9,9,0,0.0,0,0,70,0.0,0.98,1,REJETEE
SUB-0394,MEM-0131,5,85.4,0,0,0,0.0,1,23,49,-0.85,16.52,0,REJETEE
SUB-0395,MEM-0060,3,70.1,6,2,4,0.667,0,51,91,0.19,37.16,0,REJETEE
SUB-0396,MEM-0077,1,59.23,2,2,0,0.0,1,0,83,0.0,41.86,0,REJETEE
SUB-0397,MEM-0198,2,70.55,0,0,0,0.0,0,21,99,11.95,14.71,0,CORRECTIONS_REQUISES
SUB-0398,MEM-0173,6,100.0,4,0,4,1.0,1,19,80,-0.56,15.13,1,VALIDEE
SUB-0399,MEM-0013,5,61.03,4,1,3,0.75,1,36,55,9.64,29.35,0,REJETEE
SUB-0400,MEM-0144,5,100.0,0,0,0,0.0,1,21,117,22.72,4.03,1,REJETEE
SUB-0401,MEM-0109,3,55.71,13,3,10,0.769,0,23,108,19.65,36.13,0,REJETEE
SUB-0402,MEM-0060,2,61.82,0,0,0,0.0,0,56,66,-4.59,31.22,0,REJETEE
SUB-0403,MEM-0121,1,43.28,6,5,1,0.167,1,0,109,0.0,32.85,0,REJETEE
SUB-0404,MEM-0178,6,88.68,1,1,0,0.0,0,19,55,18.68,27.81,0,CORRECTIONS_REQUISES
SUB-0405,MEM-0003,1,45.55,11,10,1,0.091,1,0,59,0.0,44.09,0,REJETEE
SUB-0406,MEM-0081,4,88.02,0,0,0,0.0,1,36,32,-3.81,41.5,1,REJETEE
SUB-0407,MEM-0086,4,58.98,2,0,2,1.0,0,16,94,3.28,2.79,1,VALIDEE
SUB-0408,MEM-0008,5,88.09,0,0,0,0.0,1,34,116,13.37,28.15,0,REJETEE
SUB-0409,MEM-0107,2,59.75,6,2,4,0.667,1,35,46,1.2,6.24,0,REJETEE
SUB-0410,MEM-0036,3,79.72,0,0,0,0.0,0,5,101,10.99,32.37,0,CORRECTIONS_REQUISES
SUB-0411,MEM-0038,6,60.52,0,0,0,0.0,1,48,111,23.0,12.32,0,REJETEE
SUB-0412,MEM-0028,2,47.25,16,8,8,0.5,0,44,33,5.78,30.97,1,REJETEE
SUB-0413,MEM-0155,4,77.58,3,0,3,1.0,1,9,50,0.8,1.45,0,VALIDEE
SUB-0414,MEM-0106,2,71.59,3,3,0,0.0,1,56,108,9.7,14.62,1,REJETEE
SUB-0415,MEM-0064,4,56.32,3,1,2,0.667,1,40,103,12.81,23.64,0,REJETEE
SUB-0416,MEM-0134,1,48.06,1,1,0,0.0,1,0,35,0.0,25.1,0,REJETEE
SUB-0417,MEM-0049,3,69.5,3,0,3,1.0,1,19,108,22.57,31.05,0,CORRECTIONS_REQUISES
SUB-0418,MEM-0166,4,56.14,0,0,0,0.0,1,27,71,8.53,8.05,0,REJETEE
SUB-0419,MEM-0117,1,40.0,5,0,5,1.0,0,0,120,0.0,20.22,1,CORRECTIONS_REQUISES
SUB-0420,MEM-0182,4,94.41,10,8,2,0.2,1,36,78,-3.68,7.69,1,REJETEE
SUB-0421,MEM-0145,6,86.8,0,0,0,0.0,1,20,69,16.9,43.24,1,REJETEE
SUB-0422,MEM-0161,2,38.89,3,3,0,0.0,1,32,93,11.31,0.26,1,REJETEE
SUB-0423,MEM-0061,2,60.84,10,3,7,0.7,0,57,100,3.34,28.29,0,REJETEE
SUB-0424,MEM-0038,1,56.13,1,0,1,1.0,0,0,43,0.0,18.76,0,CORRECTIONS_REQUISES
SUB-0425,MEM-0073,5,93.63,6,0,6,1.0,1,48,104,5.81,1.61,1,VALIDEE
SUB-0426,MEM-0098,1,60.34,2,1,1,0.5,1,0,47,0.0,5.49,1,REJETEE
SUB-0427,MEM-0085,5,66.1,0,0,0,0.0,1,47,118,13.14,35.47,1,REJETEE
SUB-0428,MEM-0110,5,85.26,6,2,4,0.667,1,34,110,9.93,36.36,0,REJETEE
SUB-0429,MEM-0182,3,75.2,0,0,0,0.0,1,27,35,5.01,25.22,0,REJETEE
SUB-0430,MEM-0003,6,65.72,0,0,0,0.0,0,8,117,5.0,17.82,0,CORRECTIONS_REQUISES
SUB-0431,MEM-0050,3,85.95,9,2,7,0.778,1,10,110,8.82,38.94,1,REJETEE
SUB-0432,MEM-0119,4,77.62,7,3,4,0.571,0,37,117,4.95,41.23,1,REJETEE
SUB-0433,MEM-0017,2,44.5,9,1,8,0.889,1,12,106,-1.49,35.21,1,REJETEE
SUB-0434,MEM-0081,6,64.89,0,0,0,0.0,1,54,68,1.48,13.6,0,REJETEE
SUB-0435,MEM-0096,1,61.11,14,6,8,0.571,1,0,94,0.0,6.93,1,REJETEE
SUB-0436,MEM-0124,6,93.92,0,0,0,0.0,0,47,34,8.78,32.12,0,CORRECTIONS_REQUISES
SUB-0437,MEM-0012,6,100.0,0,0,0,0.0,0,2,103,17.75,28.75,0,VALIDEE
SUB-0438,MEM-0050,3,52.81,8,7,1,0.125,0,18,44,-4.54,28.03,0,REJETEE
SUB-0439,MEM-0090,5,59.84,0,0,0,0.0,0,40,73,11.22,2.28,0,CORRECTIONS_REQUISES
SUB-0440,MEM-0173,1,34.24,13,7,6,0.462,1,0,108,0.0,16.0,1,REJETEE
SUB-0441,MEM-0051,6,100.0,0,0,0,0.0,1,7,88,4.31,29.0,1,REJETEE
SUB-0442,MEM-0121,2,72.19,16,8,8,0.5,1,12,119,22.52,14.86,1,REJETEE
SUB-0443,MEM-0117,4,53.04,2,1,1,0.5,1,55,51,3.47,15.69,0,REJETEE
SUB-0444,MEM-0131,1,46.23,3,1,2,0.667,1,0,81,0.0,26.57,0,REJETEE
SUB-0445,MEM-0159,2,63.68,9,8,1,0.111,1,51,85,12.02,15.4,0,REJETEE
SUB-0446,MEM-0045,6,100.0,3,0,3,1.0,1,21,101,-2.07,20.03,1,VALIDEE
SUB-0447,MEM-0018,5,75.66,0,0,0,0.0,1,42,114,-3.16,9.79,0,REJETEE
SUB-0448,MEM-0149,6,100.0,0,0,0,0.0,1,40,103,8.41,9.25,1,REJETEE
SUB-0449,MEM-0077,5,98.24,1,0,1,1.0,1,55,46,20.58,2.81,0,VALIDEE
SUB-0450,MEM-0144,3,45.47,0,0,0,0.0,1,45,105,6.83,14.32,1,REJETEE
SUB-0451,MEM-0104,4,62.11,0,0,0,0.0,1,54,76,20.2,6.94,0,REJETEE
SUB-0452,MEM-0035,1,32.87,15,2,13,0.867,0,0,112,0.0,36.27,1,REJETEE
SUB-0453,MEM-0179,5,100.0,2,0,2,1.0,1,36,87,6.54,10.16,1,VALIDEE
SUB-0454,MEM-0148,4,79.26,7,3,4,0.571,1,60,99,12.29,1.51,0,REJETEE
SUB-0455,MEM-0146,4,70.25,6,1,5,0.833,0,30,96,-2.65,40.05,0,REJETEE
SUB-0456,MEM-0063,4,82.15,0,0,0,0.0,0,31,88,10.38,21.12,1,VALIDEE
SUB-0457,MEM-0076,3,55.21,13,2,11,0.846,0,41,90,12.34,25.78,1,CORRECTIONS_REQUISES
SUB-0458,MEM-0160,1,41.47,16,14,2,0.125,0,0,108,0.0,12.64,1,REJETEE
SUB-0459,MEM-0029,5,70.29,0,0,0,0.0,0,51,119,2.09,8.14,0,CORRECTIONS_REQUISES
SUB-0460,MEM-0022,2,64.22,12,0,12,1.0,1,50,79,2.14,19.81,0,CORRECTIONS_REQUISES
SUB-0461,MEM-0188,3,42.93,0,0,0,0.0,1,26,90,4.04,33.58,0,REJETEE
SUB-0462,MEM-0098,6,94.58,0,0,0,0.0,1,25,116,4.47,23.86,0,REJETEE
SUB-0463,MEM-0025,5,100.0,1,0,1,1.0,0,52,42,2.66,26.29,1,VALIDEE
SUB-0464,MEM-0192,2,67.67,3,1,2,0.667,0,44,31,19.95,0.54,0,CORRECTIONS_REQUISES
SUB-0465,MEM-0176,4,72.64,0,0,0,0.0,0,4,106,14.7,37.6,0,CORRECTIONS_REQUISES
SUB-0466,MEM-0031,1,64.26,20,2,18,0.9,0,0,62,0.0,13.26,0,CORRECTIONS_REQUISES
SUB-0467,MEM-0071,4,84.71,1,0,1,1.0,0,50,37,6.48,14.97,0,VALIDEE
SUB-0468,MEM-0068,2,55.05,3,0,3,1.0,1,7,48,11.22,19.41,0,VALIDEE
SUB-0469,MEM-0184,3,41.44,12,1,11,0.917,1,2,93,-0.53,28.82,0,CORRECTIONS_REQUISES
SUB-0470,MEM-0069,2,69.14,15,15,0,0.0,1,31,85,7.12,32.75,0,REJETEE
SUB-0471,MEM-0139,2,41.72,12,11,1,0.083,0,26,37,13.97,43.15,0,REJETEE
SUB-0472,MEM-0094,5,88.38,2,1,1,0.5,0,25,114,0.73,31.31,0,CORRECTIONS_REQUISES
SUB-0473,MEM-0092,4,59.48,0,0,0,0.0,0,47,105,2.15,17.49,1,CORRECTIONS_REQUISES
SUB-0474,MEM-0116,1,31.48,1,0,1,1.0,1,0,116,0.0,39.16,0,CORRECTIONS_REQUISES
SUB-0475,MEM-0060,1,31.48,20,20,0,0.0,1,0,109,0.0,2.06,0,REJETEE
SUB-0476,MEM-0004,2,66.45,0,0,0,0.0,0,8,93,12.85,27.7,0,CORRECTIONS_REQUISES
SUB-0477,MEM-0110,3,86.14,6,4,2,0.333,0,54,57,17.93,26.69,1,CORRECTIONS_REQUISES
SUB-0478,MEM-0071,2,64.81,8,0,8,1.0,1,16,104,-3.78,4.5,1,VALIDEE
SUB-0479,MEM-0005,4,42.42,0,0,0,0.0,1,45,90,15.77,9.28,1,REJETEE
SUB-0480,MEM-0134,4,80.81,10,10,0,0.0,1,40,41,13.82,35.22,1,REJETEE
SUB-0481,MEM-0108,1,52.31,16,13,3,0.188,1,0,110,0.0,29.67,1,REJETEE
SUB-0482,MEM-0014,2,38.85,12,5,7,0.583,0,4,112,5.93,9.43,1,REJETEE
SUB-0483,MEM-0195,4,60.72,8,6,2,0.25,1,33,44,-2.87,10.59,1,REJETEE
SUB-0484,MEM-0152,5,62.19,0,0,0,0.0,0,7,60,17.13,39.14,1,CORRECTIONS_REQUISES
SUB-0485,MEM-0019,4,63.87,4,3,1,0.25,1,12,79,6.2,20.6,0,REJETEE
SUB-0486,MEM-0162,3,78.66,0,0,0,0.0,0,8,89,8.76,7.7,1,VALIDEE
SUB-0487,MEM-0076,5,76.88,7,5,2,0.286,1,55,96,9.68,44.8,1,REJETEE
SUB-0488,MEM-0119,3,44.29,1,1,0,0.0,1,38,58,21.75,26.63,0,REJETEE
SUB-0489,MEM-0147,1,46.71,15,14,1,0.067,1,0,97,0.0,17.74,0,REJETEE
SUB-0490,MEM-0116,4,63.7,0,0,0,0.0,0,19,60,14.43,4.08,1,VALIDEE
SUB-0491,MEM-0042,6,89.04,3,3,0,0.0,1,30,47,21.23,18.24,1,REJETEE
SUB-0492,MEM-0161,4,67.19,11,10,1,0.091,1,58,118,4.99,1.47,1,REJETEE
SUB-0493,MEM-0193,3,74.95,12,0,12,1.0,0,48,37,10.44,40.95,1,REJETEE
SUB-0494,MEM-0014,1,45.32,1,0,1,1.0,0,0,101,0.0,31.92,0,REJETEE
SUB-0495,MEM-0086,2,60.43,15,9,6,0.4,0,58,64,10.11,19.03,0,REJETEE
SUB-0496,MEM-0089,4,72.67,0,0,0,0.0,1,40,77,19.0,42.54,0,REJETEE
SUB-0497,MEM-0049,4,53.04,0,0,0,0.0,0,18,44,15.91,22.33,0,CORRECTIONS_REQUISES
SUB-0498,MEM-0161,1,41.73,17,13,4,0.235,1,0,74,0.0,18.91,0,REJETEE
SUB-0499,MEM-0075,2,43.36,4,0,4,1.0,1,38,73,14.67,35.41,1,CORRECTIONS_REQUISES
SUB-0500,MEM-0179,5,91.71,0,0,0,0.0,0,15,91,6.16,12.97,0,VALIDEE
SUB-0501,MEM-0073,4,93.95,0,0,0,0.0,0,11,60,-1.49,44.72,0,REJETEE
SUB-0502,MEM-0113,3,54.48,0,0,0,0.0,0,29,99,24.26,24.01,0,CORRECTIONS_REQUISES
SUB-0503,MEM-0104,4,95.33,1,1,0,0.0,0,31,67,24.09,33.94,0,CORRECTIONS_REQUISES
SUB-0504,MEM-0187,4,55.58,6,6,0,0.0,0,2,81,13.53,9.92,1,REJETEE
SUB-0505,MEM-0015,5,88.66,0,0,0,0.0,0,35,87,15.31,43.09,1,REJETEE
SUB-0506,MEM-0050,4,68.05,0,0,0,0.0,1,10,84,6.09,16.78,1,REJETEE
SUB-0507,MEM-0089,3,56.34,11,10,1,0.091,1,48,83,19.11,12.99,1,REJETEE
SUB-0508,MEM-0187,4,60.44,0,0,0,0.0,1,56,97,24.6,2.98,1,REJETEE
SUB-0509,MEM-0023,1,46.38,13,11,2,0.154,1,0,120,0.0,25.56,0,REJETEE
SUB-0510,MEM-0052,2,68.9,12,12,0,0.0,1,36,89,1.74,35.6,0,REJETEE
SUB-0511,MEM-0068,3,89.26,9,8,1,0.111,1,12,92,22.2,29.02,0,REJETEE
SUB-0512,MEM-0031,3,73.19,13,2,11,0.846,1,37,85,21.05,28.26,1,CORRECTIONS_REQUISES
SUB-0513,MEM-0031,3,66.86,2,2,0,0.0,0,30,118,-0.94,7.35,1,CORRECTIONS_REQUISES
SUB-0514,MEM-0163,3,43.2,14,0,14,1.0,0,49,42,12.96,7.52,1,VALIDEE
SUB-0515,MEM-0176,3,59.42,5,5,0,0.0,0,9,96,3.44,35.05,1,REJETEE
SUB-0516,MEM-0042,1,38.72,6,0,6,1.0,1,0,88,0.0,41.22,0,REJETEE
SUB-0517,MEM-0034,1,49.18,11,9,2,0.182,1,0,106,0.0,23.54,1,REJETEE
SUB-0518,MEM-0045,6,90.69,0,0,0,0.0,0,20,46,1.3,44.15,1,REJETEE
SUB-0519,MEM-0177,1,33.11,13,13,0,0.0,0,0,114,0.0,23.11,0,REJETEE
SUB-0520,MEM-0065,1,32.65,3,3,0,0.0,0,0,115,0.0,15.82,0,REJETEE
SUB-0521,MEM-0192,3,80.21,0,0,0,0.0,0,34,57,16.47,43.39,0,REJETEE
SUB-0522,MEM-0194,5,68.29,0,0,0,0.0,1,44,43,0.43,15.97,1,REJETEE
SUB-0523,MEM-0109,2,57.24,7,6,1,0.143,1,8,96,-0.92,34.3,1,REJETEE
SUB-0524,MEM-0143,6,61.39,0,0,0,0.0,1,39,69,15.61,37.85,0,REJETEE
SUB-0525,MEM-0142,4,73.72,0,0,0,0.0,1,44,77,0.38,44.94,1,REJETEE
SUB-0526,MEM-0173,1,45.85,2,2,0,0.0,1,0,81,0.0,31.28,0,REJETEE
SUB-0527,MEM-0190,2,44.37,7,4,3,0.429,1,8,59,20.14,32.63,1,REJETEE
SUB-0528,MEM-0196,6,100.0,5,2,3,0.6,1,43,107,23.5,44.44,1,REJETEE
SUB-0529,MEM-0038,4,50.09,6,5,1,0.167,0,48,36,19.91,22.42,0,CORRECTIONS_REQUISES
SUB-0530,MEM-0098,5,74.67,7,6,1,0.143,1,51,89,1.06,29.79,1,REJETEE
SUB-0531,MEM-0130,3,72.27,11,3,8,0.727,1,57,45,6.51,14.16,1,REJETEE
SUB-0532,MEM-0114,4,45.21,0,0,0,0.0,1,28,47,4.37,17.51,0,REJETEE
SUB-0533,MEM-0146,6,89.54,2,0,2,1.0,1,31,101,20.63,22.8,1,VALIDEE
SUB-0534,MEM-0152,4,73.2,0,0,0,0.0,0,9,76,5.47,33.39,0,CORRECTIONS_REQUISES
SUB-0535,MEM-0161,3,58.93,5,2,3,0.6,0,16,60,14.44,26.66,0,CORRECTIONS_REQUISES
SUB-0536,MEM-0030,3,52.48,0,0,0,0.0,1,37,95,22.04,12.0,1,REJETEE
SUB-0537,MEM-0151,1,69.43,12,7,5,0.417,1,0,42,0.0,31.09,0,REJETEE
SUB-0538,MEM-0087,4,79.76,1,1,0,0.0,1,13,93,14.06,43.83,0,REJETEE
SUB-0539,MEM-0138,2,44.92,15,3,12,0.8,0,38,73,3.2,25.49,1,REJETEE
SUB-0540,MEM-0089,1,56.06,9,3,6,0.667,1,0,81,0.0,11.31,1,REJETEE
SUB-0541,MEM-0172,5,49.89,4,3,1,0.25,1,14,114,23.86,33.4,1,REJETEE
SUB-0542,MEM-0069,6,93.96,0,0,0,0.0,1,10,60,-0.49,30.84,1,REJETEE
SUB-0543,MEM-0112,4,74.16,0,0,0,0.0,1,18,66,14.38,11.54,0,REJETEE
SUB-0544,MEM-0104,2,39.27,4,2,2,0.5,1,32,101,24.74,18.99,0,REJETEE
SUB-0545,MEM-0052,2,44.17,5,0,5,1.0,1,51,32,-3.34,40.34,1,REJETEE
SUB-0546,MEM-0155,3,86.9,7,2,5,0.714,1,54,47,2.08,25.69,0,REJETEE
SUB-0547,MEM-0134,6,100.0,1,0,1,1.0,1,57,41,2.14,5.5,1,VALIDEE
SUB-0548,MEM-0150,6,94.27,0,0,0,0.0,0,12,57,24.1,19.78,1,VALIDEE
SUB-0549,MEM-0015,4,79.23,0,0,0,0.0,1,31,117,2.39,12.5,0,REJETEE
SUB-0550,MEM-0093,4,89.8,0,0,0,0.0,0,36,79,4.28,43.13,1,REJETEE
SUB-0551,MEM-0176,1,51.4,14,8,6,0.429,1,0,62,0.0,13.54,0,REJETEE
SUB-0552,MEM-0077,2,68.82,11,1,10,0.909,1,51,34,3.22,3.6,1,CORRECTIONS_REQUISES
SUB-0553,MEM-0106,3,80.48,0,0,0,0.0,0,27,107,16.88,24.65,1,VALIDEE
SUB-0554,MEM-0008,1,55.65,14,2,12,0.857,1,0,55,0.0,28.27,1,CORRECTIONS_REQUISES
SUB-0555,MEM-0029,2,49.41,17,13,4,0.235,1,51,70,8.54,39.31,0,REJETEE
SUB-0556,MEM-0067,2,67.94,6,5,1,0.167,1,24,53,6.8,16.98,0,REJETEE
SUB-0557,MEM-0006,1,66.92,20,13,7,0.35,1,0,55,0.0,11.78,0,REJETEE
SUB-0558,MEM-0013,4,79.93,0,0,0,0.0,0,1,97,8.05,41.4,1,REJETEE
SUB-0559,MEM-0173,4,63.01,0,0,0,0.0,1,25,46,7.94,9.3,0,REJETEE
SUB-0560,MEM-0073,6,90.91,0,0,0,0.0,0,16,109,8.53,11.17,1,VALIDEE
SUB-0561,MEM-0121,2,76.63,9,6,3,0.333,1,46,84,17.08,11.53,0,REJETEE
SUB-0562,MEM-0143,1,32.08,15,4,11,0.733,0,0,94,0.0,27.88,1,CORRECTIONS_REQUISES
SUB-0563,MEM-0172,3,57.35,0,0,0,0.0,1,60,73,21.34,5.94,1,REJETEE
SUB-0564,MEM-0182,5,68.69,0,0,0,0.0,1,56,65,17.43,41.68,1,REJETEE
SUB-0565,MEM-0068,5,100.0,4,2,2,0.5,1,58,51,4.47,44.76,0,REJETEE
SUB-0566,MEM-0143,6,90.27,0,0,0,0.0,0,3,90,2.81,31.77,1,CORRECTIONS_REQUISES
SUB-0567,MEM-0127,1,47.66,17,2,15,0.882,1,0,93,0.0,5.06,0,REJETEE
SUB-0568,MEM-0024,2,69.35,2,0,2,1.0,0,34,103,0.42,41.42,0,REJETEE
SUB-0569,MEM-0197,4,90.04,0,0,0,0.0,1,24,105,22.87,4.77,1,REJETEE
SUB-0570,MEM-0040,1,33.24,15,1,14,0.933,0,0,35,0.0,29.53,1,CORRECTIONS_REQUISES
SUB-0571,MEM-0188,6,100.0,0,0,0,0.0,0,52,37,17.31,24.62,1,CORRECTIONS_REQUISES
SUB-0572,MEM-0066,2,49.54,9,8,1,0.111,0,25,81,3.55,33.87,0,REJETEE
SUB-0573,MEM-0126,4,93.32,10,8,2,0.2,0,33,55,9.69,39.84,1,REJETEE
SUB-0574,MEM-0154,4,54.02,2,0,2,1.0,1,41,84,-2.21,23.1,1,VALIDEE
SUB-0575,MEM-0166,6,100.0,1,1,0,0.0,1,28,40,22.22,21.49,0,REJETEE
SUB-0576,MEM-0033,6,100.0,1,0,1,1.0,0,59,35,10.4,22.98,1,VALIDEE
SUB-0577,MEM-0170,6,79.14,0,0,0,0.0,1,12,53,20.29,2.04,1,REJETEE
SUB-0578,MEM-0181,3,61.59,8,4,4,0.5,0,12,40,17.41,27.18,0,REJETEE
SUB-0579,MEM-0005,1,45.8,20,5,15,0.75,1,0,118,0.0,18.23,1,REJETEE
SUB-0580,MEM-0078,5,96.73,0,0,0,0.0,0,1,54,-1.64,0.71,0,VALIDEE
SUB-0581,MEM-0054,4,82.49,4,0,4,1.0,0,50,89,-0.56,18.98,0,VALIDEE
SUB-0582,MEM-0040,6,100.0,0,0,0,0.0,1,38,61,1.04,25.62,1,REJETEE
SUB-0583,MEM-0014,3,47.66,7,1,6,0.857,1,48,104,12.88,24.94,1,REJETEE
SUB-0584,MEM-0103,4,79.1,6,5,1,0.167,1,37,70,11.6,12.05,1,REJETEE
SUB-0585,MEM-0122,1,49.79,11,4,7,0.636,1,0,32,0.0,7.26,0,REJETEE
SUB-0586,MEM-0121,3,62.66,12,2,10,0.833,1,9,67,16.69,17.57,1,CORRECTIONS_REQUISES
SUB-0587,MEM-0173,6,100.0,0,0,0,0.0,1,9,52,0.98,27.26,0,REJETEE
SUB-0588,MEM-0107,4,56.8,0,0,0,0.0,0,44,50,0.24,38.68,0,CORRECTIONS_REQUISES
SUB-0589,MEM-0087,4,49.68,8,5,3,0.375,1,17,73,18.55,34.62,1,REJETEE
SUB-0590,MEM-0039,6,100.0,0,0,0,0.0,1,52,88,23.88,34.01,0,REJETEE
SUB-0591,MEM-0157,5,100.0,5,5,0,0.0,0,56,56,22.33,7.07,1,CORRECTIONS_REQUISES
SUB-0592,MEM-0196,5,93.27,0,0,0,0.0,0,55,55,8.17,18.71,0,VALIDEE
SUB-0593,MEM-0122,3,50.55,2,1,1,0.5,1,24,110,14.95,6.82,1,REJETEE
SUB-0594,MEM-0059,2,68.79,10,3,7,0.7,1,10,31,16.53,23.28,0,REJETEE
SUB-0595,MEM-0022,3,66.27,0,0,0,0.0,1,49,34,14.81,28.87,0,REJETEE
SUB-0596,MEM-0162,6,100.0,0,0,0,0.0,1,57,117,16.02,39.31,1,REJETEE
SUB-0597,MEM-0089,1,63.08,19,15,4,0.211,1,0,87,0.0,28.97,1,REJETEE
SUB-0598,MEM-0179,3,85.58,6,0,6,1.0,0,3,98,5.03,32.63,0,VALIDEE
SUB-0599,MEM-0139,3,53.76,3,1,2,0.667,0,57,99,12.78,10.86,1,CORRECTIONS_REQUISES
SUB-0600,MEM-0130,1,59.28,8,0,8,1.0,0,0,113,0.0,42.36,1,REJETEE
SUB-0601,MEM-0077,5,87.79,0,0,0,0.0,0,43,103,15.17,32.15,0,CORRECTIONS_REQUISES
SUB-0602,MEM-0133,5,77.73,2,2,0,0.0,1,54,82,-2.54,2.8,0,REJETEE
SUB-0603,MEM-0122,2,54.17,13,7,6,0.462,1,56,63,12.53,28.64,1,REJETEE
SUB-0604,MEM-0177,4,79.53,0,0,0,0.0,1,46,88,-1.12,31.7,0,REJETEE
SUB-0605,MEM-0178,2,51.51,2,0,2,1.0,1,8,45,6.09,13.03,0,CORRECTIONS_REQUISES
SUB-0606,MEM-0079,3,56.88,0,0,0,0.0,1,4,69,21.67,9.7,1,REJETEE
SUB-0607,MEM-0001,1,51.9,1,0,1,1.0,1,0,103,0.0,13.94,1,VALIDEE
SUB-0608,MEM-0097,4,94.89,0,0,0,0.0,1,49,87,15.02,6.7,1,REJETEE
SUB-0609,MEM-0023,5,83.33,0,0,0,0.0,1,48,65,14.38,38.97,0,REJETEE
SUB-0610,MEM-0147,6,100.0,2,0,2,1.0,0,40,99,12.31,2.38,0,VALIDEE
SUB-0611,MEM-0129,1,34.81,5,5,0,0.0,0,0,120,0.0,37.75,1,REJETEE
SUB-0612,MEM-0137,5,76.02,3,3,0,0.0,1,12,83,-4.28,23.76,1,REJETEE
SUB-0613,MEM-0066,1,34.59,5,3,2,0.4,0,0,41,0.0,6.94,1,REJETEE
SUB-0614,MEM-0016,5,86.98,0,0,0,0.0,1,7,70,-0.73,40.19,1,REJETEE
SUB-0615,MEM-0097,1,32.08,19,1,18,0.947,1,0,95,0.0,33.86,1,CORRECTIONS_REQUISES
SUB-0616,MEM-0069,1,42.73,2,1,1,0.5,1,0,111,0.0,10.52,0,REJETEE
SUB-0617,MEM-0069,5,100.0,0,0,0,0.0,1,29,40,20.39,22.52,0,REJETEE
SUB-0618,MEM-0096,5,100.0,5,2,3,0.6,1,3,30,19.38,43.25,1,REJETEE
SUB-0619,MEM-0168,2,41.42,12,8,4,0.333,1,23,110,1.38,37.83,1,REJETEE
SUB-0620,MEM-0012,2,67.64,6,6,0,0.0,1,45,45,19.91,32.63,1,REJETEE
SUB-0621,MEM-0111,2,66.03,7,2,5,0.714,1,18,61,14.87,14.47,0,REJETEE
SUB-0622,MEM-0118,5,88.04,0,0,0,0.0,1,1,31,15.18,18.59,1,REJETEE
SUB-0623,MEM-0196,4,81.78,11,1,10,0.909,1,44,45,5.59,36.58,1,CORRECTIONS_REQUISES
SUB-0624,MEM-0197,6,89.97,0,0,0,0.0,1,1,58,17.29,34.13,1,REJETEE
SUB-0625,MEM-0050,1,62.65,7,4,3,0.429,1,0,76,0.0,1.66,1,REJETEE
SUB-0626,MEM-0181,6,69.56,5,2,3,0.6,1,11,100,0.81,33.25,0,REJETEE
SUB-0627,MEM-0017,5,49.47,0,0,0,0.0,0,45,116,10.99,11.38,1,CORRECTIONS_REQUISES
SUB-0628,MEM-0110,6,100.0,0,0,0,0.0,1,18,45,15.41,21.0,1,REJETEE
SUB-0629,MEM-0133,1,65.35,8,2,6,0.75,1,0,70,0.0,0.23,0,REJETEE
SUB-0630,MEM-0086,1,65.2,7,1,6,0.857,0,0,51,0.0,14.82,0,CORRECTIONS_REQUISES
SUB-0631,MEM-0025,1,49.2,18,8,10,0.556,0,0,90,0.0,10.73,1,REJETEE
SUB-0632,MEM-0086,5,100.0,7,0,7,1.0,1,38,45,-2.43,2.73,0,VALIDEE
SUB-0633,MEM-0178,1,61.31,14,14,0,0.0,1,0,38,0.0,4.58,0,REJETEE
SUB-0634,MEM-0144,1,41.8,3,0,3,1.0,1,0,79,0.0,20.89,1,VALIDEE
SUB-0635,MEM-0159,1,43.58,0,0,0,0.0,0,0,43,0.0,0.55,0,CORRECTIONS_REQUISES
SUB-0636,MEM-0050,5,65.36,0,0,0,0.0,1,47,109,8.34,10.94,0,REJETEE
SUB-0637,MEM-0016,2,49.39,17,6,11,0.647,0,31,69,13.1,13.1,0,REJETEE
SUB-0638,MEM-0169,6,61.47,2,2,0,0.0,1,23,55,24.3,28.82,0,REJETEE
SUB-0639,MEM-0018,3,52.14,8,3,5,0.625,1,22,50,-1.85,39.42,0,REJETEE
SUB-0640,MEM-0127,2,75.55,4,1,3,0.75,1,48,72,19.22,16.92,1,REJETEE
SUB-0641,MEM-0048,1,44.51,0,0,0,0.0,1,0,54,0.0,28.41,1,REJETEE
SUB-0642,MEM-0012,1,37.96,7,3,4,0.571,0,0,52,0.0,8.82,0,CORRECTIONS_REQUISES
SUB-0643,MEM-0026,1,63.26,20,17,3,0.15,0,0,88,0.0,10.81,1,REJETEE
SUB-0644,MEM-0135,5,100.0,0,0,0,0.0,0,13,98,6.35,16.84,1,VALIDEE
SUB-0645,MEM-0063,1,60.52,17,8,9,0.529,0,0,36,0.0,28.33,1,REJETEE
SUB-0646,MEM-0131,5,84.97,0,0,0,0.0,1,49,112,17.53,16.84,1,REJETEE
SUB-0647,MEM-0046,3,73.96,9,2,7,0.778,1,18,104,7.03,41.45,0,REJETEE
SUB-0648,MEM-0054,2,72.86,4,1,3,0.75,1,57,78,12.14,42.1,1,REJETEE
SUB-0649,MEM-0066,5,72.45,0,0,0,0.0,0,30,95,13.63,19.17,1,CORRECTIONS_REQUISES
SUB-0650,MEM-0095,4,62.0,0,0,0,0.0,0,23,40,3.84,22.58,0,CORRECTIONS_REQUISES
SUB-0651,MEM-0059,1,34.74,17,11,6,0.353,0,0,62,0.0,13.62,1,REJETEE
SUB-0652,MEM-0155,2,79.71,14,0,14,1.0,0,19,74,18.49,18.17,1,VALIDEE
SUB-0653,MEM-0194,6,74.91,0,0,0,0.0,0,31,59,10.47,35.37,1,CORRECTIONS_REQUISES
SUB-0654,MEM-0119,3,73.31,0,0,0,0.0,1,14,86,8.5,25.13,1,REJETEE
SUB-0655,MEM-0036,5,87.95,0,0,0,0.0,0,27,84,15.57,18.15,1,VALIDEE
SUB-0656,MEM-0006,5,100.0,0,0,0,0.0,1,25,56,23.46,2.87,1,REJETEE
SUB-0657,MEM-0049,4,58.72,5,0,5,1.0,0,7,116,11.59,1.44,1,CORRECTIONS_REQUISES
SUB-0658,MEM-0051,1,66.45,6,5,1,0.167,1,0,37,0.0,16.59,0,REJETEE
SUB-0659,MEM-0044,3,77.78,0,0,0,0.0,1,31,38,6.67,40.66,0,REJETEE
SUB-0660,MEM-0034,2,52.75,12,10,2,0.167,1,18,55,-4.78,6.42,0,REJETEE
SUB-0661,MEM-0103,5,93.23,6,3,3,0.5,1,30,103,-3.83,4.1,1,REJETEE
SUB-0662,MEM-0089,6,100.0,0,0,0,0.0,1,16,52,22.0,33.0,1,REJETEE
SUB-0663,MEM-0099,6,77.93,0,0,0,0.0,0,57,110,11.13,30.0,0,CORRECTIONS_REQUISES
SUB-0664,MEM-0185,2,73.05,14,13,1,0.071,0,33,71,7.3,7.42,0,REJETEE
SUB-0665,MEM-0119,1,32.93,14,8,6,0.429,1,0,54,0.0,17.85,0,REJETEE
SUB-0666,MEM-0065,1,58.36,14,7,7,0.5,1,0,38,0.0,3.71,0,REJETEE
SUB-0667,MEM-0183,4,66.76,0,0,0,0.0,0,19,45,11.04,17.59,0,CORRECTIONS_REQUISES
SUB-0668,MEM-0003,6,75.76,0,0,0,0.0,1,45,36,20.1,36.52,0,REJETEE
SUB-0669,MEM-0100,6,59.69,0,0,0,0.0,1,50,55,22.86,16.86,0,REJETEE
SUB-0670,MEM-0052,1,30.64,0,0,0,0.0,0,0,42,0.0,35.86,0,REJETEE
SUB-0671,MEM-0012,4,81.52,1,1,0,0.0,1,28,45,1.97,4.76,1,REJETEE
SUB-0672,MEM-0045,1,46.09,12,9,3,0.25,1,0,58,0.0,2.97,1,REJETEE
SUB-0673,MEM-0167,5,59.18,0,0,0,0.0,1,7,98,18.74,41.5,0,REJETEE
SUB-0674,MEM-0065,1,53.99,12,2,10,0.833,0,0,111,0.0,34.28,1,REJETEE
SUB-0675,MEM-0171,4,42.18,9,2,7,0.778,1,33,111,17.25,22.65,0,REJETEE
SUB-0676,MEM-0060,1,54.65,9,6,3,0.333,1,0,61,0.0,27.89,0,REJETEE
SUB-0677,MEM-0036,3,59.59,6,5,1,0.167,1,48,72,-0.97,14.29,0,REJETEE
SUB-0678,MEM-0134,4,72.71,0,0,0,0.0,0,14,99,-3.38,41.3,0,REJETEE
SUB-0679,MEM-0176,6,100.0,0,0,0,0.0,1,41,30,-3.06,22.12,0,REJETEE
SUB-0680,MEM-0014,6,100.0,0,0,0,0.0,0,33,40,7.79,21.02,0,VALIDEE
SUB-0681,MEM-0063,4,52.78,0,0,0,0.0,1,6,76,6.95,7.55,1,REJETEE
SUB-0682,MEM-0109,5,81.98,0,0,0,0.0,1,28,40,17.77,41.47,0,REJETEE
SUB-0683,MEM-0142,6,69.15,0,0,0,0.0,1,36,107,9.43,15.0,1,REJETEE
SUB-0684,MEM-0051,2,69.68,13,2,11,0.846,1,26,83,23.21,43.67,1,REJETEE
SUB-0685,MEM-0099,4,77.98,0,0,0,0.0,1,60,102,-0.13,34.33,1,REJETEE
SUB-0686,MEM-0198,6,90.85,5,0,5,1.0,1,60,84,17.07,10.91,0,VALIDEE
SUB-0687,MEM-0093,6,74.53,5,4,1,0.2,1,44,48,2.63,27.1,0,REJETEE
SUB-0688,MEM-0004,1,60.84,12,6,6,0.5,1,0,51,0.0,37.34,1,REJETEE
SUB-0689,MEM-0178,3,65.62,6,2,4,0.667,1,49,41,-1.72,25.77,1,REJETEE
SUB-0690,MEM-0037,3,82.69,6,1,5,0.833,0,53,92,-4.95,3.14,1,VALIDEE
SUB-0691,MEM-0168,3,68.39,5,4,1,0.2,1,12,94,23.45,20.28,0,REJETEE
SUB-0692,MEM-0048,2,37.0,3,1,2,0.667,1,29,110,22.39,4.91,0,REJETEE
SUB-0693,MEM-0021,3,41.67,0,0,0,0.0,1,32,116,17.82,0.43,1,REJETEE
SUB-0694,MEM-0193,1,56.61,1,1,0,0.0,1,0,107,0.0,23.4,1,REJETEE
SUB-0695,MEM-0125,4,85.59,1,0,1,1.0,0,24,115,6.95,27.49,1,VALIDEE
SUB-0696,MEM-0026,1,48.28,4,4,0,0.0,0,0,77,0.0,20.34,1,REJETEE
SUB-0697,MEM-0170,2,38.87,7,7,0,0.0,0,44,86,2.01,21.8,0,REJETEE
SUB-0698,MEM-0122,6,100.0,0,0,0,0.0,0,9,93,18.9,13.56,1,VALIDEE
SUB-0699,MEM-0115,1,49.29,7,4,3,0.429,0,0,85,0.0,44.7,0,REJETEE
SUB-0700,MEM-0042,3,85.9,1,0,1,1.0,1,58,115,-1.31,6.11,1,VALIDEE
SUB-0701,MEM-0178,3,87.65,13,12,1,0.077,1,59,78,14.62,35.33,1,REJETEE
SUB-0702,MEM-0060,2,45.98,0,0,0,0.0,0,37,77,-1.18,14.1,1,CORRECTIONS_REQUISES
SUB-0703,MEM-0001,3,48.12,6,3,3,0.5,0,34,114,13.05,10.0,1,REJETEE
SUB-0704,MEM-0118,3,58.76,1,0,1,1.0,1,10,106,3.5,33.62,0,CORRECTIONS_REQUISES
SUB-0705,MEM-0080,5,86.06,6,3,3,0.5,1,19,120,23.99,2.65,1,REJETEE
SUB-0706,MEM-0040,6,86.39,0,0,0,0.0,1,47,80,3.97,36.68,0,REJETEE
SUB-0707,MEM-0006,5,72.9,3,1,2,0.667,1,26,39,10.84,12.74,0,REJETEE
SUB-0708,MEM-0180,5,62.46,6,0,6,1.0,1,42,50,12.31,19.88,1,VALIDEE
SUB-0709,MEM-0038,2,48.46,17,17,0,0.0,0,25,84,15.38,7.57,0,REJETEE
SUB-0710,MEM-0122,2,71.86,13,3,10,0.769,1,10,110,16.68,11.03,0,REJETEE
SUB-0711,MEM-0062,4,77.12,0,0,0,0.0,1,56,113,6.46,28.46,1,REJETEE
SUB-0712,MEM-0095,1,34.8,15,8,7,0.467,1,0,65,0.0,31.22,0,REJETEE
SUB-0713,MEM-0152,2,57.36,10,6,4,0.4,0,5,98,0.55,36.58,0,REJETEE
SUB-0714,MEM-0138,5,80.22,6,2,4,0.667,0,12,106,15.86,0.24,1,VALIDEE
SUB-0715,MEM-0032,1,35.15,5,5,0,0.0,0,0,45,0.0,22.78,1,REJETEE
SUB-0716,MEM-0044,4,95.85,0,0,0,0.0,1,9,103,9.71,14.08,1,REJETEE
SUB-0717,MEM-0156,5,87.19,0,0,0,0.0,0,20,57,23.72,27.1,0,VALIDEE
SUB-0718,MEM-0072,2,65.96,14,10,4,0.286,1,42,50,7.0,3.75,1,REJETEE
SUB-0719,MEM-0174,4,80.48,0,0,0,0.0,0,37,114,14.43,23.01,0,VALIDEE
SUB-0720,MEM-0040,3,83.5,0,0,0,0.0,0,35,44,15.52,18.31,1,VALIDEE
SUB-0721,MEM-0093,3,69.76,1,0,1,1.0,1,15,78,23.55,35.22,0,CORRECTIONS_REQUISES
SUB-0722,MEM-0187,3,74.08,0,0,0,0.0,0,58,36,0.12,42.59,1,REJETEE
SUB-0723,MEM-0047,3,80.44,11,3,8,0.727,1,31,105,-1.17,0.43,0,REJETEE
SUB-0724,MEM-0169,2,43.81,5,5,0,0.0,1,46,88,0.49,44.38,1,REJETEE
SUB-0725,MEM-0129,3,54.73,1,0,1,1.0,1,50,70,20.36,28.56,0,VALIDEE
SUB-0726,MEM-0024,2,56.77,6,2,4,0.667,1,52,31,23.86,19.08,0,REJETEE
SUB-0727,MEM-0123,4,86.55,8,7,1,0.125,1,1,108,0.71,37.41,0,REJETEE
SUB-0728,MEM-0183,4,87.34,0,0,0,0.0,1,11,116,22.91,34.37,0,REJETEE
SUB-0729,MEM-0045,1,44.68,11,11,0,0.0,1,0,93,0.0,17.06,1,REJETEE
SUB-0730,MEM-0029,3,77.06,11,10,1,0.091,1,19,63,1.39,33.21,1,REJETEE
SUB-0731,MEM-0056,3,90.43,10,10,0,0.0,1,58,109,20.45,2.59,0,REJETEE
SUB-0732,MEM-0158,4,61.7,0,0,0,0.0,1,23,31,-1.96,22.14,0,REJETEE
SUB-0733,MEM-0136,5,92.73,3,3,0,0.0,0,31,80,6.23,16.4,0,CORRECTIONS_REQUISES
SUB-0734,MEM-0069,1,69.57,14,12,2,0.143,1,0,30,0.0,16.17,0,REJETEE
SUB-0735,MEM-0029,2,45.6,10,5,5,0.5,0,31,115,24.49,5.35,1,REJETEE
SUB-0736,MEM-0175,6,83.9,0,0,0,0.0,0,51,32,-1.22,15.49,0,VALIDEE
SUB-0737,MEM-0061,1,57.13,19,19,0,0.0,1,0,91,0.0,13.03,1,REJETEE
SUB-0738,MEM-0022,4,53.03,7,5,2,0.286,0,56,63,24.83,11.13,1,REJETEE
SUB-0739,MEM-0181,1,58.05,5,4,1,0.2,0,0,46,0.0,18.06,1,REJETEE
SUB-0740,MEM-0038,4,45.1,0,0,0,0.0,1,34,69,16.0,44.11,0,REJETEE
SUB-0741,MEM-0087,4,71.93,11,11,0,0.0,0,24,65,23.29,32.02,0,REJETEE
SUB-0742,MEM-0013,2,35.1,7,4,3,0.429,1,18,107,-1.98,8.32,1,REJETEE
SUB-0743,MEM-0094,3,49.92,0,0,0,0.0,0,48,105,10.87,16.72,1,CORRECTIONS_REQUISES
SUB-0744,MEM-0099,1,65.49,19,16,3,0.158,0,0,120,0.0,20.06,0,REJETEE
SUB-0745,MEM-0140,5,81.83,0,0,0,0.0,0,27,100,16.35,40.12,1,REJETEE
SUB-0746,MEM-0094,4,67.37,4,4,0,0.0,1,27,97,22.94,22.67,0,REJETEE
SUB-0747,MEM-0043,5,87.8,0,0,0,0.0,1,32,117,10.97,23.11,0,REJETEE
SUB-0748,MEM-0043,4,79.4,3,0,3,1.0,0,1,50,12.16,26.65,0,VALIDEE
SUB-0749,MEM-0132,4,78.61,0,0,0,0.0,0,36,45,0.13,2.05,0,VALIDEE
SUB-0750,MEM-0164,2,73.18,1,0,1,1.0,0,35,44,-4.96,15.64,1,CORRECTIONS_REQUISES
SUB-0751,MEM-0181,5,57.37,7,3,4,0.571,0,53,75,1.58,43.44,0,REJETEE
SUB-0752,MEM-0066,1,51.5,18,15,3,0.167,1,0,113,0.0,11.58,0,REJETEE
SUB-0753,MEM-0114,2,47.81,17,5,12,0.706,1,15,85,6.06,40.6,0,REJETEE
SUB-0754,MEM-0127,2,58.72,2,2,0,0.0,1,47,53,14.43,0.95,0,REJETEE
SUB-0755,MEM-0046,4,71.57,0,0,0,0.0,1,16,88,22.27,43.67,0,REJETEE
SUB-0756,MEM-0186,5,74.51,0,0,0,0.0,1,25,32,-1.7,0.61,0,REJETEE
SUB-0757,MEM-0034,2,66.21,17,17,0,0.0,0,55,120,-2.45,6.27,1,REJETEE
SUB-0758,MEM-0079,3,59.54,11,0,11,1.0,0,53,35,-1.92,13.35,1,CORRECTIONS_REQUISES
SUB-0759,MEM-0058,1,39.07,11,1,10,0.909,1,0,117,0.0,39.79,0,REJETEE
SUB-0760,MEM-0029,2,45.67,8,7,1,0.125,0,60,40,21.87,27.2,0,REJETEE
SUB-0761,MEM-0086,5,64.56,0,0,0,0.0,0,59,93,14.85,41.98,0,REJETEE
SUB-0762,MEM-0001,2,65.43,1,0,1,1.0,1,47,91,19.44,5.09,1,VALIDEE
SUB-0763,MEM-0072,2,45.57,2,1,1,0.5,1,28,91,15.8,18.63,1,REJETEE
SUB-0764,MEM-0036,6,99.11,2,1,1,0.5,1,35,98,19.64,17.31,1,REJETEE
SUB-0765,MEM-0135,5,100.0,0,0,0,0.0,0,14,32,5.87,21.33,0,VALIDEE
SUB-0766,MEM-0016,3,65.72,0,0,0,0.0,1,10,100,24.15,41.08,0,REJETEE
SUB-0767,MEM-0054,2,36.47,1,0,1,1.0,1,24,36,16.04,29.82,0,CORRECTIONS_REQUISES
SUB-0768,MEM-0153,2,37.49,0,0,0,0.0,1,10,53,9.09,6.31,1,REJETEE
SUB-0769,MEM-0121,4,79.89,11,0,11,1.0,0,10,37,21.43,1.45,0,VALIDEE
SUB-0770,MEM-0003,4,90.66,5,1,4,0.8,0,28,50,3.15,4.14,1,VALIDEE
SUB-0771,MEM-0033,6,81.33,0,0,0,0.0,1,31,70,14.58,18.23,1,REJETEE
SUB-0772,MEM-0043,1,62.13,6,4,2,0.333,0,0,76,0.0,27.14,1,REJETEE
SUB-0773,MEM-0073,2,55.25,16,16,0,0.0,0,41,34,2.21,3.83,0,REJETEE
SUB-0774,MEM-0124,1,31.92,9,9,0,0.0,1,0,94,0.0,8.77,1,REJETEE
SUB-0775,MEM-0186,3,87.6,0,0,0,0.0,1,58,94,-1.97,36.34,0,REJETEE
SUB-0776,MEM-0007,5,91.01,0,0,0,0.0,1,6,110,-2.2,32.33,0,REJETEE
SUB-0777,MEM-0175,6,82.97,1,0,1,1.0,1,51,46,5.17,16.21,1,VALIDEE
SUB-0778,MEM-0183,6,69.9,4,0,4,1.0,1,7,31,-0.72,39.17,0,CORRECTIONS_REQUISES
SUB-0779,MEM-0117,3,48.11,0,0,0,0.0,0,5,52,16.32,20.73,1,CORRECTIONS_REQUISES
SUB-0780,MEM-0196,4,68.8,0,0,0,0.0,0,26,82,20.71,41.27,0,REJETEE
SUB-0781,MEM-0113,3,67.74,4,2,2,0.5,1,33,87,2.88,39.4,0,REJETEE
SUB-0782,MEM-0159,6,82.86,2,2,0,0.0,0,25,50,12.1,38.42,0,CORRECTIONS_REQUISES
SUB-0783,MEM-0119,6,69.7,5,1,4,0.8,1,7,40,0.41,4.88,1,CORRECTIONS_REQUISES
SUB-0784,MEM-0052,4,60.72,10,3,7,0.7,1,8,65,8.64,24.53,1,REJETEE
SUB-0785,MEM-0038,6,79.11,4,1,3,0.75,1,31,57,-3.38,39.06,1,REJETEE
SUB-0786,MEM-0070,3,62.93,0,0,0,0.0,1,6,68,21.21,20.31,1,REJETEE
SUB-0787,MEM-0135,2,62.12,0,0,0,0.0,1,22,68,-0.06,15.72,1,REJETEE
SUB-0788,MEM-0124,4,81.58,4,2,2,0.5,1,53,31,11.83,40.22,0,REJETEE
SUB-0789,MEM-0020,6,99.46,0,0,0,0.0,1,60,48,9.98,14.24,1,REJETEE
SUB-0790,MEM-0068,5,100.0,0,0,0,0.0,0,48,54,7.61,24.57,0,VALIDEE
SUB-0791,MEM-0056,3,47.83,12,12,0,0.0,0,20,69,10.06,39.05,1,REJETEE
SUB-0792,MEM-0117,4,64.93,8,2,6,0.75,0,30,84,6.19,24.87,0,CORRECTIONS_REQUISES
SUB-0793,MEM-0098,3,82.2,7,3,4,0.571,0,6,113,-4.51,41.96,0,REJETEE
SUB-0794,MEM-0128,6,100.0,0,0,0,0.0,1,14,58,18.31,24.82,0,REJETEE
SUB-0795,MEM-0051,4,86.49,5,2,3,0.6,1,1,77,18.47,22.84,1,REJETEE
SUB-0796,MEM-0169,3,64.54,7,4,3,0.429,1,3,31,-4.21,35.57,1,REJETEE
SUB-0797,MEM-0086,2,80.3,4,0,4,1.0,1,13,108,14.33,37.28,1,CORRECTIONS_REQUISES
SUB-0798,MEM-0163,4,82.78,1,1,0,0.0,1,15,42,16.3,5.68,0,REJETEE
SUB-0799,MEM-0162,5,100.0,8,4,4,0.5,0,6,41,-4.23,0.52,0,CORRECTIONS_REQUISES
SUB-0800,MEM-0182,5,81.66,0,0,0,0.0,1,41,110,18.33,8.39,0,REJETEE
