id_etudiant,nom_etudiant,domaine,titre,salle,id_salle,jour,horaire,id_creneau,directeur,examinateur,jury3,score_preference,statut,raison
ETU-026,Etudiant_026,BDD,Mmoire en IA - sujet 26,Amphi A,SALLE-01,Lundi 13 Jan,08h00-09h30,CR-021,Dr. Kofi DARKO,Dr. Kojo ANTWI,Dr. Ama NYARKO,121.0,PLANIFIE,
ETU-017,Etudiant_017,Cyber,Mmoire en Rseau - sujet 17,Lab Informatique,SALLE-05,Jeudi 09 Jan,08h00-09h30,CR-013,Dr. Esi QUAYE,Dr. Akosua BOATENG,Dr. Kojo ANTWI,135.0,PLANIFIE,
ETU-022,Etudiant_022,Cloud,Mmoire en BDD - sujet 22,Lab Informatique,SALLE-05,Mardi 07 Jan,08h00-09h30,CR-005,Dr. Abena OSEI,Dr. Yao AGBEKO,Dr. Kwesi MENSAH,135.8,PLANIFIE,
ETU-023,Etudiant_023,Rseau,Mmoire en Mobile - sujet 23,Lab Informatique,SALLE-05,Mercredi 15 Jan,08h00-09h30,CR-029,Dr. Abena OSEI,Dr. Kwame ASANTE,Dr. Kwesi MENSAH,120.5,PLANIFIE,
ETU-030,Etudiant_030,BDD,Mmoire en Mobile - sujet 30,Lab Informatique,SALLE-05,Mercredi 08 Jan,08h00-09h30,CR-009,Dr. Yao AGBEKO,Dr. Kofi DARKO,Dr. Kojo ANTWI,120.9,PLANIFIE,
ETU-012,Etudiant_012,IA,Mmoire en Cyber - sujet 12,Lab Informatique,SALLE-05,Vendredi 10 Jan,08h00-09h30,CR-017,Dr. Esi QUAYE,Dr. Kojo ANTWI,Dr. Yao AGBEKO,135.6,PLANIFIE,
ETU-014,Etudiant_014,Web,Mmoire en Mobile - sujet 14,Lab Informatique,SALLE-05,Jeudi 16 Jan,08h00-09h30,CR-033,Dr. Efua TETTEH,Dr. Kofi MENSAH,Dr. Kojo ANTWI,134.1,PLANIFIE,
ETU-016,Etudiant_016,IA,Mmoire en Rseau - sujet 16,Lab Informatique,SALLE-05,Jeudi 16 Jan,14h00-15h30,CR-035,Dr. Esi QUAYE,Dr. Kofi DARKO,Dr. Ama KOFFI,125.9,PLANIFIE,
ETU-029,Etudiant_029,Rseau,Mmoire en Rseau - sujet 29,Amphi A,SALLE-01,Vendredi 17 Jan,08h00-09h30,CR-037,Dr. Adjoa APPIAH,Dr. Kofi DARKO,Dr. Kofi MENSAH,121.0,PLANIFIE,
ETU-007,Etudiant_007,Mobile,Mmoire en Cyber - sujet 7,Amphi A,SALLE-01,Lundi 06 Jan,08h00-09h30,CR-001,Dr. Ama KOFFI,Dr. Esi QUAYE,Dr. Kwame ASANTE,120.9,PLANIFIE,
ETU-013,Etudiant_013,Rseau,Mmoire en BDD - sujet 13,Amphi A,SALLE-01,Mercredi 15 Jan,10h00-11h30,CR-030,Dr. Kojo ANTWI,Dr. Nana OWUSU,Dr. Ama NYARKO,110.6,PLANIFIE,
ETU-018,Etudiant_018,Cloud,Mmoire en IoT - sujet 18,Lab Informatique,SALLE-05,Vendredi 17 Jan,08h00-09h30,CR-037,Dr. Esi QUAYE,Dr. Nana OWUSU,Dr. Kwame ASANTE,134.6,PLANIFIE,
ETU-003,Etudiant_003,Rseau,Mmoire en IA - sujet 3,Amphi A,SALLE-01,Mardi 14 Jan,08h00-09h30,CR-025,Dr. Fiifi ASARE,Dr. Kwame ASANTE,Dr. Kwesi MENSAH,121.0,PLANIFIE,
ETU-008,Etudiant_008,Web,Mmoire en Web - sujet 8,Lab Informatique,SALLE-05,Mercredi 08 Jan,14h00-15h30,CR-011,Dr. Esi QUAYE,Dr. Ama NYARKO,Dr. Adjoa APPIAH,126.0,PLANIFIE,
ETU-010,Etudiant_010,Web,Mmoire en Cyber - sujet 10,Lab Informatique,SALLE-05,Lundi 13 Jan,08h00-09h30,CR-021,Dr. Kofi MENSAH,Dr. Ama KOFFI,Dr. Abena OSEI,134.1,PLANIFIE,
ETU-024,Etudiant_024,Rseau,Mmoire en Web - sujet 24,Amphi A,SALLE-01,Jeudi 16 Jan,08h00-09h30,CR-033,Dr. Kwame ASANTE,Dr. Fiifi ASARE,Dr. Abena OSEI,119.9,PLANIFIE,
ETU-004,Etudiant_004,Cyber,Mmoire en Web - sujet 4,Lab Informatique,SALLE-05,Jeudi 09 Jan,10h00-11h30,CR-014,Dr. Kofi MENSAH,Dr. Ama KOFFI,Dr. Adjoa APPIAH,125.5,PLANIFIE,
ETU-025,Etudiant_025,Mobile,Mmoire en Cloud - sujet 25,Salle B101,SALLE-02,Mercredi 08 Jan,08h00-09h30,CR-009,Dr. Fiifi ASARE,Dr. Kofi MENSAH,Dr. Kwame ASANTE,117.6,PLANIFIE,
ETU-028,Etudiant_028,Mobile,Mmoire en Cloud - sujet 28,Lab Informatique,SALLE-05,Lundi 06 Jan,08h00-09h30,CR-001,Dr. Yao AGBEKO,Dr. Kofi MENSAH,Dr. Fiifi ASARE,120.0,PLANIFIE,
ETU-011,Etudiant_011,Rseau,Mmoire en Web - sujet 11,Amphi A,SALLE-01,Mercredi 15 Jan,08h00-09h30,CR-029,Dr. Fiifi ASARE,Dr. Yao AGBEKO,Dr. Kofi MENSAH,119.3,PLANIFIE,
ETU-015,Etudiant_015,Web,Mmoire en Cloud - sujet 15,Lab Informatique,SALLE-05,Mardi 14 Jan,14h00-15h30,CR-027,Dr. Kofi MENSAH,Dr. Yao AGBEKO,Dr. Fiifi ASARE,126.0,PLANIFIE,
ETU-005,Etudiant_005,Web,Mmoire en Cloud - sujet 5,Lab Informatique,SALLE-05,Mercredi 15 Jan,14h00-15h30,CR-031,Dr. Fiifi ASARE,Dr. Ama KOFFI,Dr. Adjoa APPIAH,125.6,PLANIFIE,
ETU-002,Etudiant_002,Rseau,Mmoire en Cloud - sujet 2,Amphi A,SALLE-01,Vendredi 10 Jan,08h00-09h30,CR-017,Dr. Ama KOFFI,Dr. Ama NYARKO,Dr. Kwame ASANTE,119.8,PLANIFIE,
ETU-020,Etudiant_020,,,,,,,,,,,,NON_PLANIFIE,Aucun crneau valide trouv
